Peptide,wild_type,HLA,agg_label,mut_len,wt_len,seq_id,Pos_mut,Peptide_mut,core_mut,icore_mut,EL_rank_mut,Pos_wt,Peptide_wt,core_wt,icore_wt,EL_rank_wt,mutation_type,mhc_anchor,mutation_position,len,anchor_mutation,core_mutation_position,binder,ratio_rank,dissimilarity_score,mutation_score,blsm_mut_score,core_mutation_score,core_blsm_mut_score,aliphatic_index,boman,hydrophobicity,isoelectric_point,VHSE1,VHSE3,VHSE7,VHSE8,trueHLA_EL_rank,Total Peptide TPM,Total Scaled Peptide TPM,Total Gene TPM
AFGSAHLFR,AFGSAHLYR,HLA-A3101,1,9,9,seq_1,0,AFGSAHLFR,AFGSAHLFR,AFGSAHLFR,0.247,0,AFGSAHLYR,AFGSAHLYR,AFGSAHLYR,0.1952,substitution,"0,1,8",7,9,False,7,Conserved,0.7902834008097167,0.029858,2,3,2,3,65.55555555555554,0.8377777777777777,0.4555555555555553,10.551758703775704,0.2144444444444443,-0.2788888888888888,0.1933333333333333,-0.1922222222222222,0.247,2.221,0.74,2.22099
AIANRIKFK,AIANRIKSK,HLA-A1101,0,9,9,seq_4,0,AIANRIKFK,AIANRIKFK,AIANRIKFK,0.138,0,AIANRIKSK,AIANRIKSK,AIANRIKSK,0.2147,substitution,"0,1,8",7,9,False,7,Conserved,1.5557971014492753,0.0543219999999999,2,-2,2,-2,108.88888888888889,1.8022222222222224,-0.0444444444444444,11.823055271990595,-0.0488888888888888,0.1255555555555555,0.4844444444444444,-0.1255555555555556,0.138,8.951,4.476,8.9507
AICKPLHYV,AICKPLHYM,HLA-A0201,0,9,9,seq_5,0,AICKPLHYV,AICKPLHYV,AICKPLHYV,0.361,0,AICKPLHYM,AICKPLHYM,AICKPLHYM,2.3945,substitution,"1,3,8",8,9,True,8,Improved,6.632963988919667,0.019225,1,1,1,1,129.99999999999997,-0.7355555555555556,0.7555555555555556,8.53052634280175,0.3277777777777778,0.0466666666666666,-0.0177777777777777,0.2633333333333333,0.361,0.09,0.09,0.0900017999999999
AIPAMVVPNV,AIPAMVVPNA,HLA-A0201,0,10,10,seq_6,0,AIPAMVVPNV,AIPAVVPNV,AIPAMVVPNV,2.2606,0,AIPAMVVPNA,AIPAVVPNA,AIPAMVVPNA,5.4562,substitution,"1,3,8",9,10,True,8,Conserved,2.4136070069892948,0.011379,4,0,4,0,146.0,-1.6369999999999998,1.59,6.099999998230487,0.4309999999999999,-0.385,-0.067,0.446,2.2606,3.111,1.556,3.11105
ALEVLQSIPY,APEVLQSIPY,HLA-A0101,0,10,10,seq_7,0,ALEVLQSIPY,ALEVLQSIY,ALEVLQSIPY,0.623,0,APEVLQSIPY,APEVLQSIY,APEVLQSIPY,1.8876,substitution,"1,2,8",1,10,True,1,Conserved,3.029855537720706,0.0437969999999999,4,-3,4,-3,156.0,-0.4720000000000001,0.7400000000000001,3.8499827128835022,0.292,-0.062,-0.096,0.088,0.623,0.001,0.001,0.000999989
ALGTLLHTNV,ALGTLLHTNL,HLA-A0201,0,10,10,seq_8,0,ALGTLLHTNV,ALGTLLHTV,ALGTLLHTNV,0.8919,0,ALGTLLHTNL,ALGTLLHTL,ALGTLLHTNL,1.4776,substitution,"1,3,8",9,10,True,8,Conserved,1.6566879695033074,0.0089879999999999,6,1,6,1,156.0,-0.511,0.8899999999999999,7.550323993898928,0.269,-0.417,0.2449999999999999,-0.3079999999999999,0.8919,15.641,2.612,15.6414
ALLMCLLPL,ALLMCPLPL,HLA-A0201,0,9,9,seq_9,0,ALLMCLLPL,ALLMCLLPL,ALLMCLLPL,1.9643,0,ALLMCPLPL,ALLMCPLPL,ALLMCPLPL,1.1262,substitution,"1,3,8",5,9,False,5,Conserved,0.5733340121162755,0.097569,4,-3,4,-3,227.77777777777777,-3.3377777777777777,2.622222222222222,5.922539790626615,0.9288888888888888,-0.0088888888888889,-0.2111111111111111,-0.0988888888888889,1.9643,0.602,0.255,0.601999
ALVGAISSI,ALVGAIPSI,HLA-A0201,0,9,9,seq_10,0,ALVGAISSI,ALVGAISSI,ALVGAISSI,0.2293,0,ALVGAIPSI,ALVGAIPSI,ALVGAIPSI,0.0276,substitution,"1,3,8",6,9,False,6,Conserved,0.1203663323157435,0.062316,4,-1,4,-1,184.4444444444444,-1.8400000000000003,2.066666666666667,6.099999998230487,0.38,-0.7422222222222223,0.1077777777777777,-0.3322222222222222,0.2293,0.644,0.356,0.643988
AMIAKISNEL,AMITKISNEL,HLA-A0201,0,10,10,seq_11,1,MIAKISNEL,MIAKISNEL,MIAKISNEL,0.7029,1,MITKISNEL,MITKISNEL,MITKISNEL,1.5379,substitution,"1,3,8",3,10,False,2,Conserved,2.1879356949779485,0.041262,4,0,4,0,137.0,0.1669999999999997,0.66,6.408795645926148,0.12,-0.195,0.225,-0.306,1.4754,5.511,3.935,5.51095
ASIRNANLY,ASIRDANLY,HLA-A0101,0,9,9,seq_12,0,ASIRNANLY,ASIRNANLY,ASIRNANLY,0.2469,0,ASIRDANLY,ASIRDANLY,ASIRDANLY,0.1751,substitution,"1,2,8",4,9,False,4,Conserved,0.7091940056703119,0.059501,2,1,2,1,108.88888888888889,2.031111111111111,-0.1888888888888889,9.348807885311544,-0.0644444444444444,-0.16,0.1999999999999999,-0.3211111111111111,0.2469,0.293,0.235,0.292993
ASLDGASLEK,ASPDGASLEK,HLA-A1101,0,10,10,seq_13,0,ASLDGASLEK,ASLDGSLEK,ASLDGASLEK,0.0389,0,ASPDGASLEK,ASDGASLEK,ASPDGASLEK,0.3122,substitution,"0,1,8",2,10,True,"2,3,4",Conserved,8.025706940874036,0.067474,4,-3,6,-5,98.0,1.348,-0.1699999999999999,4.184407519642264,-0.2019999999999999,-0.636,0.418,-0.261,0.0389,5.471,1.822,5.47098
ATALLEYLEY,ATALLEYPEY,HLA-A0101,0,10,10,seq_14,0,ATALLEYLEY,ATALEYLEY,ATALLEYLEY,0.1842,0,ATALLEYPEY,ATALLEYEY,ATALLEYPEY,0.3525,substitution,"1,2,8",7,10,True,"4,5,6",Conserved,1.9136807817589576,0.0693019999999999,4,-3,0,-6,137.0,-0.1910000000000001,0.47,3.6136908694170415,0.2900000000000001,0.0369999999999999,0.007,-0.343,0.1842,39.58,19.79,39.58
CILGKLFTK,CILGELFTK,HLA-A1101,1,9,9,seq_15,0,CILGKLFTK,CILGKLFTK,CILGKLFTK,0.2786,0,CILGELFTK,CILGELFTK,CILGELFTK,0.3867,substitution,"0,1,8",4,9,False,4,Conserved,1.3880114860014356,0.054636,2,1,2,1,129.99999999999997,-0.6988888888888889,0.9444444444444444,9.676237541250885,0.3122222222222223,-0.0288888888888889,0.171111111111111,-0.2722222222222222,0.2786,28.332,19.25,28.332
CILGKLFTKK,CILGELFTKK,HLA-A1101,1,10,10,seq_16,0,CILGKLFTK,CILGKLFTK,CILGKLFTK,0.2786,0,CILGELFTK,CILGELFTK,CILGELFTK,0.3867,substitution,"0,1,8",4,10,False,4,Conserved,1.3880114860014356,0.0466529999999999,2,1,2,1,117.0,-0.074,0.4599999999999999,10.51301931682974,0.164,0.0439999999999999,0.3169999999999999,-0.2319999999999999,1.9084,28.332,19.25,28.332
CLFLEIYTV,CLFLGIYTV,HLA-A0201,0,9,9,seq_17,0,CLFLEIYTV,CLFLEIYTV,CLFLEIYTV,0.4353,0,CLFLGIYTV,CLFLGIYTV,CLFLGIYTV,0.4224,substitution,"1,3,8",4,9,False,4,Conserved,0.9703652653342522,0.0930999999999999,2,-2,2,-2,162.2222222222222,-1.5044444444444447,1.7888888888888888,3.849961610045284,0.6155555555555555,0.2299999999999999,-0.4466666666666667,-0.2111111111111111,0.4353,0.001,0.001,0.000999989
CMQANSHYA,CMQANPHYA,HLA-A0201,0,9,9,seq_18,0,CMQANSHYA,CMQANSHYA,CMQANSHYA,2.9839,0,CMQANPHYA,CMQANPHYA,CMQANPHYA,1.8685,substitution,"1,3,8",5,9,False,5,Conserved,0.6261939073025236,0.087199,4,-1,4,-1,22.22222222222222,1.458888888888889,-0.4777777777777778,7.355498301796615,-0.1055555555555555,-0.2722222222222222,-0.21,-0.3111111111111111,2.9839,3.111,2.333,3.11105
CSNFLLLAY,CSNFSLLAY,HLA-A0101,0,9,9,seq_19,0,CSNFLLLAY,CSNFLLLAY,CSNFLLLAY,0.4651,0,CSNFSLLAY,CSNFSLLAY,CSNFSLLAY,0.2113,substitution,"1,2,8",4,9,False,4,Conserved,0.4543109008815308,0.076883,2,-2,2,-2,141.1111111111111,-1.1833333333333331,1.4333333333333331,5.919503211509436,0.5422222222222223,-0.0044444444444444,-0.3566666666666667,-0.4377777777777777,0.4651,0.091,0.046,0.0909992999999999
CTAGASSLLV,CTAGAGSLLV,HLA-A0101,0,10,10,seq_20,0,CTAGASSLL,CTAGASSLL,CTAGASSLL,3.8174,0,CTAGAGSLL,CTAGAGSLL,CTAGAGSLL,3.5872,substitution,"1,2,8",5,10,False,5,Conserved,0.9396971760884372,0.0478009999999999,2,0,2,0,127.0,-1.035,1.52,5.922539790626615,0.208,-0.793,-0.103,-0.315,7.1775,12.281,6.141,12.2814
CTDTYMLEL,CTDTHMLEL,HLA-A0101,0,9,9,seq_21,0,CTDTYMLEL,CTDTYMLEL,CTDTYMLEL,0.5168,0,CTDTHMLEL,CTDTHMLEL,CTDTHMLEL,0.3064,substitution,"1,2,8",4,9,False,4,Conserved,0.5928792569659442,0.0740849999999999,2,2,2,2,86.66666666666666,0.8155555555555556,0.2555555555555554,3.5500656818039715,0.1677777777777778,0.0499999999999999,-0.4344444444444444,-0.1411111111111111,0.5168,0.001,0.001,0.000999989
CTDTYMLELF,CTDTHMLELF,HLA-A0101,0,10,10,seq_22,0,CTDTYMLEL,CTDTYMLEL,CTDTYMLEL,0.5168,0,CTDTHMLEL,CTDTHMLEL,CTDTHMLEL,0.3064,substitution,"1,2,8",4,10,False,4,Conserved,0.5928792569659442,0.0640279999999999,2,2,2,2,78.0,0.4359999999999999,0.5099999999999999,3.5500656818039715,0.303,0.1409999999999999,-0.524,-0.147,0.9645,0.001,0.001,0.000999989
CVDSPPPLF,CVDSPPPLS,HLA-A0101,0,9,9,seq_23,0,CVDSPPPLF,CVDSPPPLF,CVDSPPPLF,0.242,0,CVDSPPPLS,CVDSPPPLS,CVDSPPPLS,2.2701,substitution,"1,2,8",8,9,True,8,Improved,9.380578512396694,0.027487,2,-2,2,-2,75.55555555555556,-0.1222222222222221,0.4666666666666665,3.749971453566104,0.2955555555555555,-0.2544444444444445,-0.4755555555555555,1.1455555555555557,0.242,0.001,0.001,0.000999989
CVDSPPPLFF,CVDSPPPLSF,HLA-A0101,0,10,10,seq_24,0,CVDSPPPLF,CVDSPPPLF,CVDSPPPLF,0.242,0,CVDSPPPLSF,CVDPPPLSF,CVDSPPPLSF,0.5002,substitution,"1,2,8",8,10,True,"3,6,7",Conserved,2.0669421487603303,0.042262,2,-2,10,-6,68.0,-0.4079999999999999,0.7,3.749971453566104,0.418,-0.133,-0.561,1.011,0.4283,0.001,0.001,0.000999989
DLIEIFRFGY,DLIEIFRLGY,HLA-A2601,0,10,10,seq_25,0,DLIEIFRFGY,DLIEIFRGY,DLIEIFRFGY,0.1187,0,DLIEIFRLGY,DLIEIFRGY,DLIEIFRLGY,0.0991,substitution,"0,1,8",7,10,False,-1,Conserved,0.8348778433024431,0.0429969999999999,6,0,0,7,117.0,0.8930000000000001,0.5199999999999999,4.184406848158687,0.355,0.235,0.0389999999999999,-0.173,0.1187,75.479,75.479,75.4788
DMIFFSIDRY,DMISFSIDRY,HLA-A2601,0,10,10,seq_26,1,MIFFSIDRY,MIFFSIDRY,MIFFSIDRY,0.1346,1,MISFSIDRY,MISFSIDRY,MISFSIDRY,0.3019,substitution,"0,1,8",3,10,False,2,Conserved,2.2429420505200595,0.074578,2,-2,2,-2,78.0,1.775,0.2899999999999999,4.109250253532082,0.276,0.347,-0.408,0.0199999999999999,0.3178,0.341,0.171,0.34099
DVFKVIAYLK,DVSKVIAYLK,HLA-A1101,0,10,10,seq_27,0,DVFKVIAYLK,DVFKVIAYK,DVFKVIAYLK,2.4494,1,VSKVIAYLK,VSKVIAYLK,VSKVIAYLK,0.5821,substitution,"0,1,8",2,10,True,"0,1,2,3,4,5,6,7",Conserved,0.2376500367436923,0.0552439999999999,2,-2,5,-11,146.0,-0.2750000000000001,0.8699999999999998,9.256043354980648,0.294,0.209,0.0799999999999999,-0.119,2.4494,0.771,0.257,0.770999
EATNPYMVY,GATNPYMVY,HLA-A2601,0,9,9,seq_28,0,EATNPYMVY,EATNPYMVY,EATNPYMVY,0.0238,0,GATNPYMVY,GATNPYMVY,GATNPYMVY,0.9027,substitution,"0,1,8",0,9,True,0,Improved,37.92857142857142,0.0294759999999999,2,-2,2,-2,43.33333333333333,0.8999999999999998,-0.4444444444444445,3.849982178304344,0.0944444444444444,-0.0077777777777777,-0.2222222222222222,0.1044444444444444,0.0238,0.001,0.001,0.000999989
EIKKDGVGF,EIKEDGVGF,HLA-A2601,0,9,9,seq_29,0,EIKKDGVGF,EIKKDGVGF,EIKKDGVGF,0.0829,0,EIKEDGVGF,EIKEDGVGF,EIKEDGVGF,0.0242,substitution,"0,1,8",3,9,False,3,Conserved,0.2919179734620024,0.0505039999999999,2,1,2,1,75.55555555555556,1.4233333333333331,-0.4555555555555555,6.492975460831076,-0.1688888888888889,-0.3422222222222222,0.721111111111111,-0.2444444444444445,0.0829,0.941,0.941,0.941022
EINPSLHTPM,GINPSLHTPM,HLA-A2601,0,10,10,seq_30,0,EINPSLHTPM,EINPSLHTM,EINPSLHTPM,0.2256,0,GINPSLHTPM,GINPSLHTM,GINPSLHTPM,5.9162,substitution,"0,1,8",0,10,True,0,Improved,26.224290780141843,0.021487,2,-2,2,-2,78.0,1.189,-0.4699999999999999,5.363507221918553,0.047,-0.143,-0.018,0.6060000000000001,0.2256,0.001,0.001,0.000999989
EIPLIGLIPF,EIPLIGLIPS,HLA-A2601,0,10,10,seq_31,0,EIPLIGLIPF,EIPLGLIPF,EIPLIGLIPF,1.1654,0,EIPLIGLI,EIP-LIGLI,EIPLIGLI,10.9584,substitution,"0,1,8",9,10,True,"3,4,5,6,7,8",Improved,9.403123391110348,0.0206359999999999,2,-2,7,-15,195.0,-2.1710000000000003,1.6800000000000002,3.849983240943402,0.711,-0.095,0.0889999999999999,0.3969999999999999,1.1654,0.061,0.037,0.061002
ELDEETNLKF,ELDGETNLKF,HLA-A0101,0,10,10,seq_32,0,ELDEETNLKF,ELDEETLKF,ELDEETNLKF,0.6529,0,ELDGETNLKF,ELDETNLKF,ELDGETNLKF,0.7132,substitution,"1,2,8",3,10,True,"4,5",Conserved,1.0923571756777453,0.0746569999999999,2,-2,2,-1,78.0,3.109,-1.1700000000000004,3.778239151928574,-0.295,0.1349999999999999,0.316,-0.1099999999999999,0.6529,9.491,6.33,9.49126
ELKHILYYAF,ELKHILYHAF,HLA-A2601,0,10,10,seq_33,0,ELKHILYY,ELK-HILYY,ELKHILYY,0.5536,0,ELKHILYHAF,ELKHILHAF,ELKHILYHAF,1.0125,substitution,"0,1,8",7,10,True,"3,4,5,6,7,8",Conserved,1.828937861271676,0.048718,2,2,5,-9,127.00000000000004,-0.2249999999999999,0.3500000000000001,7.534170080907643,0.41,0.4139999999999998,0.0579999999999999,-0.229,2.1041,0.031,0.026,0.0309996999999999
ELPIFQQPFY,EPPIFQQPFY,HLA-A2601,0,10,10,seq_34,0,ELPIFQQPFY,ELPIFQQFY,ELPIFQQPFY,0.3096,0,EPPIFQQPFY,EPIFQQPFY,EPPIFQQPFY,1.7646,substitution,"0,1,8",1,10,True,"1,2,3,4,6",Improved,5.699612403100775,0.0512639999999999,4,-3,8,-10,78.0,0.2229999999999999,-0.11,3.8499827128835022,0.362,0.321,-0.357,0.465,0.3096,8.131,3.61,8.13082
ELSFHPSGNY,GLSFHPSGNY,HLA-A2601,0,10,10,seq_35,0,ELSFHPSGNY,ESFHPSGNY,ELSFHPSGNY,0.0876,1,LSFHPSGNY,LSFHPSGNY,LSFHPSGNY,0.3812,substitution,"0,1,8",0,10,True,0,Conserved,4.351598173515982,0.0216549999999999,2,-2,0,-3,39.0,1.621,-0.8500000000000002,5.363445803988725,-0.0429999999999999,-0.268,0.0899999999999999,0.097,0.0876,5.431,5.431,5.43093
ELVGYGQKF,EFVGYGQKF,HLA-A2601,0,9,9,seq_36,0,ELVGYGQKF,ELVGYGQKF,ELVGYGQKF,0.0952,0,EFVGYGQKF,EFVGYGQKF,EFVGYGQKF,0.6418,substitution,"0,1,8",1,9,True,1,Improved,6.741596638655462,0.038822,6,0,6,0,75.55555555555556,0.4688888888888887,-0.2444444444444446,6.40200117090717,0.06,-0.2177777777777777,0.4344444444444443,-0.4788888888888889,0.0952,0.051,0.041,0.0509984999999999
ELVGYGQKFF,EFVGYGQKFF,HLA-A2601,0,10,10,seq_37,0,ELVGYGQKF,ELVGYGQKF,ELVGYGQKF,0.0952,0,EFVGYGQKF,EFVGYGQKF,EFVGYGQKF,0.6418,substitution,"0,1,8",1,10,True,1,Improved,6.741596638655462,0.027946,6,0,6,0,68.0,0.1239999999999998,0.0599999999999997,6.40200117090717,0.206,-0.1,0.2579999999999999,-0.451,0.5715,0.051,0.041,0.0509984999999999
EMLFSHGLVK,EMLFSRGLVK,HLA-A0301,1,10,10,seq_38,1,MLFSHGLVK,MLFSHGLVK,MLFSHGLVK,0.0114,1,MLFSRGLVK,MLFSRGLVK,MLFSRGLVK,0.0165,substitution,"0,1,8",5,10,False,4,Conserved,1.4473684210526316,0.0792439999999999,2,0,2,0,107.0,0.0269999999999999,0.4700000000000001,7.549726882018149,0.236,-0.059,0.257,-0.2579999999999999,0.6722,32.512,5.43,32.512
ESDKEELVGY,ESDKEEFVGY,HLA-A0101,0,10,10,seq_39,0,ESDKEELVGY,ESDKEELVY,ESDKEELVGY,0.0137,0,ESDKEEFVGY,ESDKEEFVY,ESDKEEFVGY,0.0305,substitution,"1,2,8",6,10,False,6,Conserved,2.2262773722627736,0.046003,6,0,6,0,68.0,2.833999999999999,-1.24,3.778238969389349,-0.4,-0.175,0.4639999999999999,-0.1649999999999999,0.0137,0.051,0.005,0.0509984999999999
ESDQPDLSSF,ESDQPDLSNF,HLA-A0101,0,10,10,seq_40,0,ESDQPDLSSF,ESDQPDLSF,ESDQPDLSSF,0.3712,0,ESDQPDLSNF,ESDQPDLSF,ESDQPDLSNF,0.399,substitution,"1,2,8",8,10,False,-1,Conserved,1.0748922413793105,0.024707,2,1,0,6,39.0,3.2090000000000005,-1.14,3.3800301984883845,-0.335,-0.293,-0.259,0.38,0.3712,0.261,0.228,0.260996
ESFFWLEEM,ESFSWLEEM,HLA-A2601,0,9,9,seq_41,0,ESFFWLEEM,ESFFWLEEM,ESFFWLEEM,0.2892,0,ESFSWLEEM,ESFSWLEEM,ESFSWLEEM,0.1229,substitution,"0,1,8",3,9,False,3,Conserved,0.4249654218533886,0.098848,2,-2,2,-2,43.33333333333333,0.9188888888888886,-0.0999999999999999,3.4727998333983123,0.3,0.4144444444444444,-0.2622222222222222,-0.2644444444444444,0.2892,10.991,5.99,10.9914
ESVINQGPM,GSVINQGPM,HLA-A2601,0,9,9,seq_42,0,ESVINQGPM,ESVINQGPM,ESVINQGPM,1.4224,1,SVINQGPM,SVINQG-PM,SVINQGPM,8.0279,substitution,"0,1,8",0,9,True,"0,1,2,3,4,5,6",Improved,5.643911698537683,0.0276149999999999,2,-2,2,-10,75.55555555555556,1.1266666666666665,-0.3,3.849983240943402,-0.0822222222222222,-0.4144444444444444,0.151111111111111,0.0333333333333333,1.4224,0.001,0.001,0.000999989
ESVTSCEAY,EPVTSCEAY,HLA-A2601,0,9,9,seq_43,0,ESVTSCEAY,ESVTSCEAY,ESVTSCEAY,0.2321,0,EPVTSCEAY,EPVTSCEAY,EPVTSCEAY,1.4057,substitution,"0,1,8",1,9,True,1,Improved,6.05644118914261,0.049076,4,-1,4,-1,43.33333333333333,1.7777777777777777,-0.2333333333333332,3.613682009745389,-0.26,-0.3666666666666667,-0.3,-0.0633333333333333,0.2321,0.091,0.091,0.0909992999999999
ETADTKVHF,GTADTKVHF,HLA-A2601,0,9,9,seq_44,0,ETADTKVHF,ETADTKVHF,ETADTKVHF,0.0071,0,GTADTKVHF,GTADTKVHF,GTADTKVHF,0.535,substitution,"0,1,8",0,9,True,0,Improved,75.35211267605634,0.0270359999999999,2,-2,2,-2,43.33333333333333,2.45,-0.7444444444444445,5.454297225456685,-0.2422222222222222,-0.1,0.0788888888888888,0.1588888888888889,0.0071,0.051,0.026,0.0509984999999999
ETCTAGASSL,ETCTAGAGSL,HLA-A2601,0,10,10,seq_45,0,ETCTAGASSL,ETTAGASSL,ETCTAGASSL,2.0689,0,ETCTAGAGSL,ETTAGAGSL,ETCTAGAGSL,3.0686,substitution,"0,1,8",7,10,False,6,Conserved,1.483203634781768,0.0370939999999999,2,0,2,0,59.00000000000001,0.7989999999999998,0.2999999999999999,3.849962144624442,-0.1559999999999999,-0.857,-0.075,-0.209,2.0689,12.281,6.141,12.2814
ETLSPTPSY,ETPSPTPSY,HLA-A2601,0,9,9,seq_46,0,ETLSPTPSY,ETLSPTPSY,ETLSPTPSY,0.0043,0,ETPSPTPSY,ETPSPTPSY,ETPSPTPSY,0.0025,substitution,"0,1,8",2,9,False,2,Conserved,0.5813953488372093,0.0784219999999999,4,-3,4,-3,43.33333333333333,1.5522222222222222,-0.8,3.8499827128835022,-0.0877777777777777,-0.29,-0.3566666666666667,0.7777777777777778,0.0043,4.141,2.762,4.14106
ETWRETGIF,ETWRETGIS,HLA-A2601,0,9,9,seq_47,0,ETWRETGIF,ETWRETGIF,ETWRETGIF,0.194,0,ETWRETGIS,ETWRETGIS,ETWRETGIS,13.4745,substitution,"0,1,8",8,9,True,8,Improved,69.45618556701031,0.029526,2,-2,2,-2,43.33333333333333,2.501111111111111,-0.766666666666667,4.258147492539138,-0.0466666666666666,0.0844444444444444,0.1166666666666666,-0.0966666666666666,0.194,0.211,0.211,0.210998
ETWRETGIFF,ETWRETGISF,HLA-A2601,0,10,10,seq_48,0,ETWRETGIF,ETWRETGIF,ETWRETGIF,0.194,0,ETWRETGISF,ETRETGISF,ETWRETGISF,0.0947,substitution,"0,1,8",8,10,True,"2,3,4,5,6,7",Conserved,0.4881443298969072,0.0440509999999999,2,-2,4,-12,39.0,1.953,-0.4100000000000003,4.258147492539138,0.11,0.172,-0.028,-0.107,0.2195,0.211,0.211,0.210998
EVLVEYSFF,EVLVEYPFF,HLA-A2601,0,9,9,seq_49,0,EVLVEYSFF,EVLVEYSFF,EVLVEYSFF,0.1993,0,EVLVEYPFF,EVLVEYPFF,EVLVEYPFF,0.3745,substitution,"0,1,8",6,9,False,6,Conserved,1.8790767686904164,0.0710899999999999,4,-1,4,-1,107.77777777777776,-0.2000000000000002,0.9666666666666666,3.613691097591072,0.3888888888888889,0.2488888888888888,-0.3155555555555555,-0.1611111111111111,0.1993,6.961,4.643,6.96103
EVSDGFTAV,EVPDGFTAV,HLA-A2601,0,9,9,seq_51,0,EVSDGFTAV,EVSDGFTAV,EVSDGFTAV,0.1027,0,EVPDGFTAV,EVPDGFTAV,EVPDGFTAV,0.1261,substitution,"0,1,8",2,9,False,2,Conserved,1.2278481012658229,0.074133,4,-1,4,-1,75.55555555555556,0.8544444444444445,0.4555555555555556,3.5500735570676625,-0.0388888888888888,-0.5877777777777777,0.0077777777777777,-0.1111111111111111,0.1027,49.382,24.691,49.3815
EVSDGFTAVM,EVPDGFTAVM,HLA-A2601,0,10,10,seq_52,0,EVSDGFTAVM,EVSDGFTAM,EVSDGFTAVM,0.0699,0,EVPDGFTAVM,EVPDGFTAM,EVPDGFTAVM,0.0893,substitution,"0,1,8",2,10,False,2,Conserved,1.2775393419170242,0.0587069999999999,4,-1,4,-1,68.0,0.534,0.6,3.5500735570676625,0.066,-0.486,-0.079,-0.1679999999999999,0.0699,49.382,24.691,49.3815
EVYFGPCSLY,EVYFGPCSPY,HLA-A2601,0,10,10,seq_53,0,EVYFGPCSLY,EVYFGPSLY,EVYFGPCSLY,0.0097,0,EVYFGPCSPY,EVYFGPSPY,EVYFGPCSPY,0.02,substitution,"0,1,8",8,10,False,7,Conserved,2.061855670103093,0.0587849999999999,4,-3,4,-3,68.0,-0.367,0.44,3.849961081985384,0.3209999999999999,-0.107,-0.293,0.0269999999999999,0.0097,1.091,0.363,1.09104
FAHFHSGEM,FAHFHSGGM,HLA-A2601,0,9,9,seq_54,0,FAHFHSGEM,FAHFHSGEM,FAHFHSGEM,1.1294,0,FAHFHSGGM,FAHFHSGGM,FAHFHSGGM,1.5026,substitution,"0,1,8",7,9,False,7,Conserved,1.330440942093147,0.059042,2,-2,2,-2,11.11111111111111,0.9411111111111112,-0.2000000000000001,6.497749819885939,0.1433333333333333,-0.2066666666666666,0.1088888888888888,-0.1633333333333333,1.1294,0.001,0.001,0.000999989
FGYEHWALY,LGYEHWALY,HLA-A0101,0,9,9,seq_55,0,FGYEHWALY,FGYEHWALY,FGYEHWALY,0.6785,0,LGYEHWALY,LGYEHWALY,LGYEHWALY,1.0858,substitution,"1,2,8",0,9,False,0,Conserved,1.6002947678703023,0.021545,6,0,6,0,54.44444444444444,-0.1366666666666667,-0.2444444444444445,5.363384399097413,0.4377777777777777,0.2155555555555555,0.0033333333333333,-0.4288888888888889,0.6785,75.479,75.479,75.4788
FGYEHWALY,LGYEHWALY,HLA-A2601,0,9,9,seq_56,0,FGYEHWALY,FGYEHWALY,FGYEHWALY,0.4043,0,LGYEHWALY,LGYEHWALY,LGYEHWALY,1.3482,substitution,"0,1,8",0,9,True,0,Conserved,3.334652485777888,0.021545,6,0,6,0,54.44444444444444,-0.1366666666666667,-0.2444444444444445,5.363384399097413,0.4377777777777777,0.2155555555555555,0.0033333333333333,-0.4288888888888889,0.4043,75.479,75.479,75.4788
FLEIYTVTVV,FLGIYTVTVV,HLA-A0201,0,10,10,seq_59,0,FLEIYTVTV,FLEIYTVTV,FLEIYTVTV,0.1075,0,FLGIYTVTV,FLGIYTVTV,FLGIYTVTV,0.0823,substitution,"1,3,8",2,10,False,2,Conserved,0.7655813953488372,0.055435,2,-2,2,-2,165.0,-1.285,1.75,3.8499827128835022,0.518,0.1279999999999999,-0.376,-0.076,2.0955,0.001,0.001,0.000999989
FLFINTSSY,SLFINTSSY,HLA-A2601,0,9,9,seq_60,0,FLFINTSSY,FLFINTSSY,FLFINTSSY,0.1914,0,SLFINTSSY,SLFINTSSY,SLFINTSSY,0.2263,substitution,"0,1,8",0,9,True,0,Conserved,1.1823406478578893,0.0256779999999999,2,-2,2,-2,86.66666666666666,0.0388888888888885,0.7555555555555553,6.093198032584041,0.4011111111111111,0.0766666666666666,-0.56,-0.2066666666666666,0.1914,5.071,3.803,5.0711
FLLGKTSSV,FLQGKTSSV,HLA-A0201,0,9,9,seq_61,0,FLLGKTSSV,FLLGKTSSV,FLLGKTSSV,0.0064,0,FLQGKTSSV,FLQGKTSSV,FLQGKTSSV,0.0239,substitution,"1,3,8",2,9,False,2,Conserved,3.734375,0.064068,2,-2,2,-2,118.88888888888889,-0.3200000000000002,0.8888888888888888,9.700002531521022,0.2166666666666666,-0.3455555555555556,0.0177777777777777,-0.2299999999999999,0.0064,10.202,6.748,10.2018
FLLGKTSSVV,FLQGKTSSVV,HLA-A0201,0,10,10,seq_62,0,FLLGKTSSV,FLLGKTSSV,FLLGKTSSV,0.0064,0,FLQGKTSSV,FLQGKTSSV,FLQGKTSSV,0.0239,substitution,"1,3,8",2,10,False,2,Conserved,3.734375,0.05003,2,-2,2,-2,136.0,-0.6920000000000002,1.22,9.700002531521022,0.271,-0.328,-0.008,-0.2099999999999999,0.2775,10.202,6.748,10.2018
FLQKYTVKL,FLQEYTVKL,HLA-A0201,0,9,9,seq_63,0,FLQKYTVKL,FLQKYTVKL,FLQKYTVKL,0.0178,0,FLQEYTVKL,FLQEYTVKL,FLQEYTVKL,0.0026,substitution,"1,3,8",3,9,True,3,Conserved,0.146067415730337,0.0507689999999999,2,1,2,1,118.88888888888889,0.2766666666666666,0.1444444444444443,10.24760792311281,0.2188888888888889,0.4122222222222221,-0.0111111111111111,-0.1944444444444444,0.0178,18.762,14.072,18.7615
FSDKKVGTY,LSDKKVGTY,HLA-A0101,0,9,9,seq_67,0,FSDKKVGTY,FSDKKVGTY,FSDKKVGTY,0.0043,0,LSDKKVGTY,LSDKKVGTY,LSDKKVGTY,0.0102,substitution,"1,2,8",0,9,False,0,Conserved,2.372093023255814,0.0176199999999999,6,0,6,0,32.22222222222222,1.9966666666666664,-0.8333333333333334,9.256043354980648,-0.2011111111111111,-0.1444444444444445,0.1488888888888887,-0.0855555555555555,0.0043,4.311,2.052,4.31093
FSDKKVGTYV,LSDKKVGTYV,HLA-A0101,0,10,10,seq_68,0,FSDKKVGTY,FSDKKVGTY,FSDKKVGTY,0.0043,0,LSDKKVGTY,LSDKKVGTY,LSDKKVGTY,0.0102,substitution,"1,2,8",0,10,False,0,Conserved,2.372093023255814,0.01285,6,0,6,0,57.99999999999999,1.393,-0.3299999999999999,9.256043354980648,-0.105,-0.147,0.1099999999999999,-0.08,0.4478,4.311,2.052,4.31093
FSDYERAEW,SSDYERAEW,HLA-A0101,0,9,9,seq_69,0,FSDYERAEW,FSDYERAEW,FSDYERAEW,0.4756,0,SSDYERAEW,SSDYERAEW,SSDYERAEW,0.6281,substitution,"1,2,8",0,9,False,0,Conserved,1.3206476030277543,0.027402,2,-2,2,-2,11.11111111111111,3.742222222222223,-1.488888888888889,3.927550357300788,-0.2077777777777777,0.2811111111111111,-0.0477777777777778,-0.0566666666666666,0.4756,30.211,20.151,30.211
FSDYYDLSY,FSDYYDLGY,HLA-A0101,0,9,9,seq_70,0,FSDYYDLSY,FSDYYDLSY,FSDYYDLSY,0.0021,0,FSDYYDLGY,FSDYYDLGY,FSDYYDLGY,0.0047,substitution,"1,2,8",7,9,False,7,Conserved,2.238095238095238,0.0422789999999999,2,0,2,0,43.33333333333333,1.862222222222223,-0.6555555555555554,3.4918810040690005,0.1188888888888889,0.2077777777777777,-0.5944444444444446,-0.1155555555555555,0.0021,0.001,0.001,0.000999989
FSFSLDFLV,FSFPLDFLV,HLA-A0201,0,9,9,seq_71,0,FSFSLDFLV,FSFSLDFLV,FSFSLDFLV,1.1315,0,FSFPLDFLV,FSFPLDFLV,FSFPLDFLV,0.5869,substitution,"1,3,8",3,9,True,3,Conserved,0.5186920017675651,0.081392,4,-1,4,-1,118.88888888888889,-0.8111111111111111,1.6777777777777776,3.749987360555679,0.6166666666666667,0.0977777777777777,-0.5911111111111111,-0.1211111111111111,1.1315,0.201,0.201,0.201005
FSLRACYHMK,FSLRARYHMK,HLA-A1101,0,10,10,seq_72,1,SLRACYHMK,SLRACYHMK,SLRACYHMK,1.6442,1,SLRARYHMK,SLRARYHMK,SLRARYHMK,2.1422,substitution,"0,1,8",5,10,False,4,Conserved,1.3028828609658192,0.1215699999999999,2,-3,2,-3,49.0,1.533,-0.09,9.449118782766163,0.1089999999999999,0.2349999999999999,-0.11,-0.097,2.6885,0.011,0.003,0.0109996
FSQESPLDTF,FPQESPLDTF,HLA-A0101,0,10,10,seq_73,0,FSQESPLDTF,FSESPLDTF,FSQESPLDTF,0.9208,0,FPQESPLDTF,FPQESPLTF,FPQESPLDTF,2.8487,substitution,"1,2,8",1,10,True,"1,2,3,4,5,6",Improved,3.093722849695917,0.038493,4,-1,14,-7,39.0,1.956,-0.5000000000000001,3.5500735570676625,-0.0349999999999999,-0.104,-0.41,0.3319999999999999,0.9208,0.001,0.001,0.000999989
FSSYYEPWGY,FPSYYEPWGY,HLA-A0101,0,10,10,seq_74,1,SSYYEPWGY,SSYYEPWGY,SSYYEPWGY,0.1603,1,PSYYEPWGY,PSYYEPWGY,PSYYEPWGY,0.5314,substitution,"1,2,8",1,10,False,0,Conserved,3.315034310667498,0.0405149999999999,4,-1,4,-1,0.0,0.7779999999999998,-0.91,3.8499816502444446,0.235,0.1089999999999999,-0.377,-0.015,0.3599,23.281,15.535,23.2813
FTGTISVMY,FTGTIPVMY,HLA-A0101,0,9,9,seq_75,0,FTGTISVMY,FTGTISVMY,FTGTISVMY,0.0646,0,FTGTIPVMY,FTGTIPVMY,FTGTIPVMY,0.0513,substitution,"1,2,8",5,9,False,5,Conserved,0.7941176470588235,0.0775489999999999,4,-1,4,-1,75.55555555555556,-0.7277777777777779,1.0555555555555556,6.093198032584041,0.4022222222222222,-0.2344444444444443,-0.4177777777777778,-0.2233333333333333,0.0646,7.981,5.986,7.98117
FTGTISVMY,FTGTIPVMY,HLA-A2601,0,9,9,seq_76,0,FTGTISVMY,FTGTISVMY,FTGTISVMY,0.1945,0,FTGTIPVMY,FTGTIPVMY,FTGTIPVMY,0.1865,substitution,"0,1,8",5,9,False,5,Conserved,0.9588688946015425,0.0775489999999999,4,-1,4,-1,75.55555555555556,-0.7277777777777779,1.0555555555555556,6.093198032584041,0.4022222222222222,-0.2344444444444443,-0.4177777777777778,-0.2233333333333333,0.1945,7.981,5.986,7.98117
FTMVILYVVY,FTMVISYVVY,HLA-A0101,0,10,10,seq_77,0,FTMVILYVVY,FTMVILVVY,FTMVILYVVY,2.7469,0,FTMVISYVVY,FTMVISYVY,FTMVISYVVY,1.2396,substitution,"1,2,8",5,10,True,"5,6",Conserved,0.4512723433688885,0.0584289999999999,2,-2,2,-3,165.0,-2.444,2.2299999999999995,6.086602629628032,0.8320000000000001,0.3329999999999999,-0.5700000000000001,-0.237,2.7469,0.041,0.027,0.0410009
FTMVILYVVY,FTMVISYVVY,HLA-A2601,0,10,10,seq_78,2,MVILYVVY,MVI-LYVVY,MVILYVVY,2.442,2,MVISYVVY,MVISYVV-Y,MVISYVVY,1.1273,substitution,"0,1,8",5,10,True,"3,4,5,7",Conserved,0.4616298116298116,0.0584289999999999,2,-2,-6,-14,165.0,-2.444,2.2299999999999995,6.086602629628032,0.8320000000000001,0.3329999999999999,-0.5700000000000001,-0.237,2.6554,0.041,0.027,0.0410009
FTNFWGLLI,FTDFWGLLI,HLA-A0101,0,9,9,seq_79,0,FTNFWGLLI,FTNFWGLLI,FTNFWGLLI,2.3477,0,FTDFWGLLI,FTDFWGLLI,FTDFWGLLI,0.3695,substitution,"1,2,8",2,9,True,2,Conserved,0.1573880819525493,0.058238,2,1,2,1,129.99999999999997,-1.6422222222222222,1.3555555555555554,6.099999998230487,0.7777777777777778,0.1311111111111111,-0.1911111111111111,-0.4855555555555556,2.3477,0.021,0.015,0.0209994999999999
FVASRTRPDY,SVASRTRPDY,HLA-A0101,0,10,10,seq_80,0,FVASRTRPDY,FVASRTPDY,FVASRTRPDY,1.4281,0,SVASRTRPDY,SVASRTPDY,SVASRTRPDY,1.5081,substitution,"1,2,8",0,10,False,0,Conserved,1.0560184861004132,0.017676,2,-2,2,-2,39.0,3.584,-0.8100000000000002,9.347625291906295,-0.184,0.056,-0.1159999999999999,0.5050000000000001,1.4281,1.581,0.7020000000000001,1.58096
FVDENVDRM,FVDENLDRM,HLA-A0101,0,9,9,seq_81,0,FVDENVDRM,FVDENVDRM,FVDENVDRM,0.3698,0,FVDENLDRM,FVDENLDRM,FVDENLDRM,0.4122,substitution,"1,2,8",5,9,False,5,Conserved,1.114656571119524,0.0402339999999999,6,1,6,1,64.44444444444444,3.6,-0.6000000000000001,3.876012108754367,-0.21,0.1333333333333333,0.0366666666666666,0.0255555555555555,0.3698,9.302,2.33,9.30169
GLDGYREYSL,GLDGYRGYSL,HLA-A0201,0,10,10,seq_82,0,GLDGYREYSL,GLDGYEYSL,GLDGYREYSL,0.8164,0,GLDGYRGYSL,GLDGYGYSL,GLDGYRGYSL,1.1305,substitution,"1,3,8",6,10,False,5,Conserved,1.384737873591377,0.0828499999999999,2,-2,2,-2,78.0,2.241,-0.8100000000000002,4.184406020212919,-0.0929999999999999,-0.234,0.3859999999999999,-0.344,0.8164,0.001,0.001,0.000999989
GLFGDIYLA,GSFGDIYLA,HLA-A0201,1,9,9,seq_83,0,GLFGDIYLA,GLFGDIYLA,GLFGDIYLA,0.0523,0,GSFGDIYLA,GSFGDIYLA,GSFGDIYLA,2.8567,substitution,"1,3,8",1,9,True,1,Improved,54.621414913957935,0.053373,2,-2,2,-2,141.1111111111111,-1.3966666666666665,1.2333333333333334,3.7499869628809392,0.5244444444444445,-0.43,0.2355555555555555,-0.5211111111111111,0.0523,87.821,60.421,87.8214
GLFGDIYLAI,GSFGDIYLAI,HLA-A0201,1,10,10,seq_84,0,GLFGDIYLA,GLFGDIYLA,GLFGDIYLA,0.0523,0,GSFGDIYLA,GSFGDIYLA,GSFGDIYLA,2.8567,substitution,"1,3,8",1,10,True,1,Improved,54.621414913957935,0.0387669999999999,2,-2,2,-2,166.0,-1.749,1.56,3.7499869628809392,0.599,-0.357,0.1959999999999999,-0.4819999999999999,0.3693,87.821,60.421,87.8214
GLLDEDFYA,GPLDEDFYA,HLA-A0201,1,9,9,seq_85,0,GLLDEDFYA,GLLDEDFYA,GLLDEDFYA,0.13,0,GPLDEDFYA,GPLDEDFYA,GPLDEDFYA,26.1316,substitution,"1,3,8",1,9,True,1,Improved,201.01230769230767,0.066718,4,-3,4,-3,97.77777777777776,0.9800000000000002,-2.4671622769447922e-17,3.38003008114174,0.1466666666666666,-0.2055555555555555,0.1344444444444444,-0.2933333333333333,0.13,7.711,1.542,7.7109
GLNETIAKL,GLDETIAKL,HLA-A0201,0,9,9,seq_88,0,GLNETIAKL,GLNETIAKL,GLNETIAKL,0.0259,0,GLDETIAKL,GLDETIAKL,GLDETIAKL,0.0156,substitution,"1,3,8",2,9,False,2,Conserved,0.6023166023166023,0.048416,2,1,2,1,141.1111111111111,0.4511111111111112,0.2111111111111111,6.408795645926148,0.0288888888888889,-0.3422222222222222,0.5388888888888889,-0.3833333333333333,0.0259,0.605,0.604,0.604985
GLPFMCHAEV,GLPFMCHAGV,HLA-A0201,0,10,10,seq_89,0,GLPFMCHAEV,GLFMCHAEV,GLPFMCHAEV,3.7468,0,GLPFMCHAGV,GLFMCHAGV,GLPFMCHAGV,5.4749,substitution,"1,3,8",8,10,False,7,Conserved,1.4612202412725526,0.0490629999999999,2,-2,2,-2,78.0,-0.6849999999999999,0.8300000000000001,5.36107725976035,0.3390000000000001,-0.289,0.0059999999999999,0.0689999999999999,3.7468,0.771,0.514,0.770999
GMDGAYLNGY,GMDVAYLNGY,HLA-A0101,0,10,10,seq_90,0,GMDGAYLNGY,GMDGAYLNY,GMDGAYLNGY,0.3266,0,GMDVAYLNGY,GMDVALNGY,GMDVAYLNGY,0.5537,substitution,"1,2,8",3,10,True,"3,5,6,7",Conserved,1.695345988977342,0.0834209999999999,4,-3,4,-7,49.0,0.3740000000000001,-0.3299999999999999,3.7499865652062,0.1,-0.6890000000000001,0.4449999999999999,-0.708,0.3266,6.522,6.522,6.52188
GSYECHVGIY,GPYECHVGIY,HLA-A0101,0,10,10,seq_91,0,GSYECHVGIY,GSECHVGIY,GSYECHVGIY,0.8339,0,GPYECHVGIY,GPYEHVGIY,GPYECHVGIY,3.9957,substitution,"1,2,8",1,10,True,"1,2,3",Improved,4.791581724427389,0.0463379999999999,4,-1,4,-7,68.0,0.303,0.03,5.3609558255411685,0.075,-0.385,0.1289999999999999,-0.329,0.8339,1.041,1.041,1.04102
GTFFVLAYY,GTFSVLAYY,HLA-A0101,0,9,9,seq_93,0,GTFFVLAYY,GTFFVLAYY,GTFFVLAYY,0.6732,0,GTFSVLAYY,GTFSVLAYY,GTFSVLAYY,0.2965,substitution,"1,2,8",3,9,False,3,Conserved,0.4404337492572786,0.081891,2,-2,2,-2,86.66666666666666,-1.6466666666666667,1.2999999999999998,6.086602629628032,0.6655555555555556,-0.0088888888888888,-0.3511111111111111,-0.3911111111111111,0.6732,0.081,0.057,0.0810019
GTFFVLAYY,GTFSVLAYY,HLA-A2601,0,9,9,seq_92,0,GTFFVLAYY,GTFFVLAYY,GTFFVLAYY,0.2519,0,GTFSVLAYY,GTFSVLAYY,GTFSVLAYY,0.0793,substitution,"0,1,8",3,9,False,3,Conserved,0.314807463279079,0.081891,2,-2,2,-2,86.66666666666666,-1.6466666666666667,1.2999999999999998,6.086602629628032,0.6655555555555556,-0.0088888888888888,-0.3511111111111111,-0.3911111111111111,0.2519,0.081,0.057,0.0810019
GVYPMPGTQK,GVSPMPGTQK,HLA-A0301,1,10,10,seq_94,0,GVYPMPGTQK,GVYPPGTQK,GVYPMPGTQK,0.0048,0,GVSPMPGTQK,GVSPPGTQK,GVSPMPGTQK,0.0373,substitution,"0,1,8",2,10,False,2,Conserved,7.770833333333334,0.065775,2,-2,2,-2,29.0,0.5529999999999999,-0.7300000000000001,9.298300650902092,-0.0049999999999999,-0.4499999999999999,0.2219999999999999,0.3319999999999999,0.0048,28.671,17.919,28.6706
HINTVMEVK,HKNTVMEVK,HLA-A1101,0,9,9,seq_96,0,HINTVMEVK,HINTVMEVK,HINTVMEVK,0.3635,0,HKNTVMEVK,HKNTVMEVK,HKNTVMEVK,7.8365,substitution,"0,1,8",1,9,True,1,Improved,21.55845942228336,0.052246,1,-3,1,-3,107.77777777777776,1.208888888888889,-4.9343245538895844e-17,7.549726882018149,-0.0344444444444444,0.0711111111111111,0.2122222222222222,-0.0533333333333333,0.3635,16.041,3.208,16.0411
HLEKLCHGLY,HLGKLCHGLY,HLA-A0101,0,10,10,seq_97,0,HLEKLCHGLY,HLEKLHGLY,HLEKLCHGLY,0.3402,0,HLGKLCHGLY,HLGKLHGLY,HLGKLCHGLY,1.814,substitution,"1,2,8",2,10,True,2,Improved,5.332157554379776,0.070683,2,-2,2,-2,117.0,0.4839999999999999,-0.1600000000000001,7.520168579183519,0.146,0.0699999999999999,0.408,-0.246,0.3402,0.211,0.042,0.210998
HLFCVFYGL,RLFCVFYGL,HLA-A0201,0,9,9,seq_98,0,HLFCVFYGL,HLFCVFYGL,HLFCVFYGL,1.136,0,RLFCVFYGL,RLFCVFYGL,RLFCVFYGL,0.8695,substitution,"1,3,8",0,9,False,0,Conserved,0.7654049295774649,0.0296969999999999,2,0,2,0,118.88888888888889,-1.9177777777777776,1.6666666666666667,7.355498301796615,0.7422222222222223,0.1022222222222222,-0.2633333333333334,-0.3411111111111111,1.136,3.441,3.441,3.44093
HLGVFSSYY,HLGVFPSYY,HLA-A0101,0,9,9,seq_99,0,HLGVFSSYY,HLGVFSSYY,HLGVFSSYY,0.4683,0,HLGVFPSYY,HLGVFPSYY,HLGVFPSYY,0.3895,substitution,"1,2,8",5,9,False,5,Conserved,0.8317317958573565,0.0848299999999999,4,-1,4,-1,75.55555555555556,-0.1266666666666666,0.3333333333333333,7.534655152820051,0.3211111111111111,-0.1011111111111111,-0.1944444444444445,-0.2622222222222222,0.4683,23.281,15.535,23.2813
HLMDGDLGLI,NLMDGDLGLI,HLA-A0201,0,10,10,seq_101,0,HLMDGDLGL,HLMDGDLGL,HLMDGDLGL,0.0345,0,NLMDGDLGL,NLMDGDLGL,NLMDGDLGL,0.078,substitution,"1,3,8",0,10,False,0,Conserved,2.260869565217391,0.019065,2,1,2,1,156.0,-0.1809999999999997,0.6799999999999999,4.106574652250856,0.323,-0.39,0.4229999999999999,-0.358,0.5155,90.134,40.019,90.134
HLSHQAHRY,HPSHQAHRY,HLA-A0101,0,9,9,seq_102,0,HLSHQAHRY,HLSHQAHRY,HLSHQAHRY,0.2052,0,HPSHQAHRY,HPSHQAHRY,HPSHQAHRY,0.5747,substitution,"1,2,8",1,9,True,1,Conserved,2.800682261208577,0.0653089999999999,4,-3,4,-3,54.44444444444444,3.4722222222222223,-1.5666666666666669,9.355860744602978,-0.2522222222222222,0.1822222222222221,0.3033333333333334,0.0955555555555555,0.2052,6.811,4.087,6.81116
HMIVISIAY,HMIVVSIAY,HLA-A2601,0,9,9,seq_103,0,HMIVISIAY,HMIVISIAY,HMIVISIAY,0.5007,0,HMIVVSIAY,HMIVVSIAY,HMIVVSIAY,0.4908,substitution,"0,1,8",4,9,False,4,Conserved,0.9802276812462551,0.0153659999999999,3,3,3,3,173.33333333333331,-1.64,1.7888888888888888,7.542349207215011,0.5822222222222223,0.0311111111111111,-0.21,-0.1488888888888889,0.5007,0.001,0.001,0.000999989
HMSSYIASF,HMSSYIASL,HLA-A2601,0,9,9,seq_104,0,HMSSYIASF,HMSSYIASF,HMSSYIASF,0.5217,0,HMSSYIASL,HMSSYIASL,HMSSYIASL,2.3969,substitution,"0,1,8",8,9,True,8,Improved,4.594402913551849,0.0160339999999999,6,0,6,0,54.44444444444444,0.3266666666666665,0.4555555555555555,7.542349207215011,0.2355555555555555,-0.1477777777777777,-0.4377777777777777,-0.1144444444444444,0.5217,0.001,0.001,0.000999989
HMTEVVRHC,HMTEVVRRC,HLA-A0201,1,9,9,seq_105,0,HMTEVVRHC,HMTEVVRHC,HMTEVVRHC,1.7606,0,HMTEVVRRC,HMTEVVRRC,HMTEVVRRC,2.504,substitution,"1,3,8",7,9,False,7,Conserved,1.422242417357719,0.055605,2,0,2,0,64.44444444444444,2.434444444444444,-0.2555555555555555,7.5244774566963315,-0.1266666666666666,0.1288888888888888,0.0366666666666666,0.1788888888888888,1.7606,30.79,25.648,30.7902
HSEYSSFFY,HSEYSSFFH,HLA-A0101,0,9,9,seq_160,0,HSEYSSFFY,HSEYSSFFY,HSEYSSFFY,0.0098,0,HSEYSSFFH,HSEYSSFFH,HSEYSSFFH,0.8325,substitution,"1,2,8",8,9,True,8,Improved,84.94897959183675,0.0212689999999999,2,2,2,2,0.0,1.7766666666666666,-0.6777777777777778,5.363384399097413,0.0711111111111111,0.1688888888888888,-0.5177777777777778,-0.0488888888888889,0.0098,10.171,5.086,10.1711
HTAKDSFECK,HTAKDPFECK,HLA-A1101,0,10,10,seq_161,0,HTAKDSFECK,HTAKDSFEK,HTAKDSFECK,0.4496,0,HTAKDPFECK,HTADPFECK,HTAKDPFECK,0.2368,substitution,"0,1,8",5,10,True,"3,4,5,6,7",Conserved,0.5266903914590747,0.080542,4,-1,2,-11,10.0,3.119,-1.24,7.359368198551238,-0.426,-0.101,0.1119999999999999,0.112,0.4496,12.281,12.281,12.2814
HTIPQAYWTK,HTIPQAHWTK,HLA-A1101,0,10,10,seq_162,0,HTIPQAYWTK,HTIPQAYTK,HTIPQAYWTK,0.0878,0,HTIPQAHWTK,HTIPQAHTK,HTIPQAHWTK,0.0694,substitution,"0,1,8",6,10,False,6,Conserved,0.7904328018223234,0.0698659999999999,2,2,2,2,49.0,1.1969999999999998,-0.95,9.300695891492069,0.0509999999999999,0.1559999999999999,-0.118,0.2730000000000001,0.0878,0.611,0.535,0.610981
ILCETCLIV,ILCGTCLIV,HLA-A0201,1,9,9,seq_163,0,ILCETCLIV,ILCETCLIV,ILCETCLIV,1.5931,0,ILCGTCLIV,ILCGTCLIV,ILCGTCLIV,2.8211,substitution,"1,3,8",3,9,True,3,Conserved,1.7708241792731154,0.0947919999999999,2,-2,2,-2,205.55555555555557,-1.877777777777778,2.4000000000000004,3.8499410483054817,0.5399999999999999,-0.0244444444444444,-0.388888888888889,-0.1666666666666666,1.5931,4.571,2.286,4.57097
ISANSPYISY,ISANSPYIPY,HLA-A0101,0,10,10,seq_164,1,SANSPYISY,SANSPYISY,SANSPYISY,0.2051,0,ISANSPYIPY,ISANSPYIY,ISANSPYIPY,0.4003,substitution,"1,2,8",8,10,True,"0,1,2,3,4,5,6,7",Conserved,1.9517308629936616,0.039433,4,-1,14,-9,88.0,0.5469999999999999,0.0699999999999999,6.086602629628032,0.1129999999999999,-0.249,-0.326,0.131,0.2173,0.111,0.074,0.110998
ISISSEQTFY,IPISSEQTFY,HLA-A0101,0,10,10,seq_165,0,ISISSEQTFY,ISSSEQTFY,ISISSEQTFY,0.1494,1,PISSEQTFY,PISSEQTFY,PISSEQTFY,0.4047,substitution,"1,2,8",1,10,True,"0,1",Conserved,2.708835341365462,0.031545,4,-1,2,-5,78.0,1.2440000000000002,0.04,3.8499827128835022,0.0179999999999999,-0.075,-0.461,-0.065,0.1494,1.451,0.483,1.45095
ISVMYQGNTY,IPVMYQGNTY,HLA-A0101,0,10,10,seq_166,1,SVMYQGNTY,SVMYQGNTY,SVMYQGNTY,0.5578,1,PVMYQGNTY,PVMYQGNTY,PVMYQGNTY,1.4554,substitution,"1,2,8",1,10,False,0,Conserved,2.609178917174615,0.038003,4,-1,4,-1,68.0,0.6179999999999999,-0.0899999999999998,6.086602629628032,0.11,-0.154,-0.207,-0.393,0.7332,7.981,3.991,7.98117
ITDVDELPI,ITDVDEPPI,HLA-A0101,0,9,9,seq_167,0,ITDVDELPI,ITDVDELPI,ITDVDELPI,1.6291,0,ITDVDEPPI,ITDVDEPPI,ITDVDEPPI,2.4164,substitution,"1,2,8",6,9,False,6,Conserved,1.4832729728070713,0.0909109999999999,4,-3,4,-3,162.2222222222222,0.8911111111111113,0.4666666666666665,3.3800301984883845,0.1177777777777777,-0.1088888888888888,-0.0544444444444444,0.4644444444444445,1.6291,8.131,3.61,8.13082
ITDVDELPIF,ITDVDEPPIF,HLA-A0101,0,10,10,seq_168,0,ITDVDELPIF,ITDDELPIF,ITDVDELPIF,0.6669,0,ITDVDEPPIF,ITDDEPPIF,ITDVDEPPIF,0.5157,substitution,"1,2,8",6,10,False,5,Conserved,0.7732793522267206,0.0901159999999999,4,-3,4,-3,146.00000000000003,0.5040000000000001,0.7,3.3800301984883845,0.258,-0.002,-0.182,0.398,0.6669,8.131,3.61,8.13082
ITNQMSIDK,ITNQMSIDE,HLA-A1101,0,9,9,seq_169,0,ITNQMSIDK,ITNQMSIDK,ITNQMSIDK,0.2459,0,ITNQMSIDE,ITNQMSIDE,ITNQMSIDE,22.8333,substitution,"0,1,8",8,9,True,8,Improved,92.85603904026028,0.015622,2,1,2,1,86.66666666666666,2.247777777777778,-0.5555555555555556,6.337367167230696,-0.1922222222222222,-0.0544444444444444,-0.0466666666666666,-0.1066666666666666,0.2459,1.701,1.021,1.7010200000000002
ITSFIIERK,ITGFIIERK,HLA-A1101,0,9,9,seq_170,0,ITSFIIERK,ITSFIIERK,ITSFIIERK,0.135,0,ITGFIIERK,ITGFIIERK,ITGFIIERK,0.3687,substitution,"0,1,8",2,9,False,2,Conserved,2.7311111111111117,0.05386,2,0,2,0,129.99999999999997,1.7233333333333336,0.3222222222222222,9.6950276857242,0.0555555555555555,0.2533333333333333,0.0666666666666666,0.0988888888888888,0.135,0.081,0.032,0.0810019
ITSSAELLK,ITSSAELFK,HLA-A1101,0,9,9,seq_171,0,ITSSAELLK,ITSSAELLK,ITSSAELLK,0.1089,0,ITSSAELFK,ITSSAELFK,ITSSAELFK,0.079,substitution,"0,1,8",7,9,False,7,Conserved,0.7254361799816346,0.0314389999999999,6,0,6,0,141.1111111111111,0.5733333333333333,0.4666666666666665,6.408795645926148,0.0122222222222222,-0.2466666666666666,0.0922222222222222,-0.1211111111111111,0.1089,11.851,10.026,11.8507
KAERSYYIFY,KAERSYHIFY,HLA-A0101,0,10,10,seq_172,0,KAERSYYIFY,KAESYYIFY,KAERSYYIFY,0.6883,0,KAERSYHIFY,KAESYHIFY,KAERSYHIFY,0.4436,substitution,"1,2,8",6,10,False,5,Conserved,0.6444864158070609,0.0584019999999999,2,2,2,2,49.0,2.139,-0.75,9.048589221201835,0.0279999999999999,0.4389999999999999,-0.081,-0.128,0.6883,0.605,0.605,0.604985
KAIANRIKFK,KAIANRIKSK,HLA-A1101,0,10,10,seq_173,1,AIANRIKFK,AIANRIKFK,AIANRIKFK,0.138,1,AIANRIKSK,AIANRIKSK,AIANRIKSK,0.2147,substitution,"0,1,8",8,10,False,7,Conserved,1.5557971014492753,0.039212,2,-2,2,-2,98.0,2.177,-0.43,11.924509373493493,-0.1609999999999999,0.183,0.599,-0.1,0.886,8.951,4.476,8.9507
KANRNLARK,NANRNLARK,HLA-A1101,0,9,9,seq_174,0,KANRNLARK,KANRNLARK,KANRNLARK,0.5141,0,NANRNLARK,NANRNLARK,NANRNLARK,1.832,substitution,"0,1,8",0,9,True,0,Improved,3.5635090449328928,0.02,4,0,4,0,65.55555555555554,5.075555555555555,-1.822222222222222,12.531747031025589,-0.6222222222222222,0.0888888888888888,0.9022222222222224,-0.1399999999999999,0.5141,0.091,0.091,0.0909992999999999
KLLPTNTNI,KLLPTNTDI,HLA-A0201,0,9,9,seq_177,0,KLLPTNTNI,KLLPTNTNI,KLLPTNTNI,0.0608,0,KLLPTNTDI,KLLPTNTDI,KLLPTNTDI,0.39,substitution,"1,3,8",7,9,False,7,Conserved,6.414473684210527,0.0353869999999999,2,1,2,1,129.99999999999997,1.0233333333333332,-0.2,9.700002531521022,0.0422222222222222,-0.0688888888888889,0.1466666666666666,0.1666666666666666,0.0608,0.001,0.001,0.000999989
KLVVVGADGV,KLVVVGAGGV,HLA-A0201,1,10,10,seq_178,0,KLVVVGADGV,KLVVVGAGV,KLVVVGADGV,5.1555,0,KLVVVGAGGV,KLVVVGAGV,KLVVVGAGGV,6.0865,substitution,"1,3,8",7,10,False,-1,Conserved,1.1805838424983028,0.051304,2,-1,0,4,165.0,-1.05,1.4200000000000004,6.337367167230696,0.183,-0.6639999999999999,0.5159999999999999,-0.321,5.1555,83.542,74.943,83.5417
KLVVVGAVGV,KLVVVGAGGV,HLA-A0101,0,10,10,seq_179,1,LVVVGAVGV,LVVVGAVGV,LVVVGAVGV,42.7,1,LVVVGAGGV,LVVVGAGGV,LVVVGAGGV,50.4839,substitution,"1,2,8",7,10,False,6,Conserved,1.1822927400468384,0.050385,4,-3,4,-3,194.0,-2.326,2.1900000000000004,9.700002531521022,0.374,-0.64,0.4889999999999999,-0.38,71.5385,83.542,74.943,83.5417
KLVVVGAVGV,KLVVVGAGGV,HLA-A0201,1,10,10,seq_180,0,KLVVVGAVGV,KLVVGAVGV,KLVVVGAVGV,2.8794,0,KLVVVGAGGV,KLVVVGAGV,KLVVVGAGGV,6.0865,substitution,"1,3,8",7,10,True,"4,5,6",Conserved,2.1138084323122874,0.050385,4,-3,12,-3,194.0,-2.326,2.1900000000000004,9.700002531521022,0.374,-0.64,0.4889999999999999,-0.38,2.8794,83.542,74.943,83.5417
KLYFDEKYSI,ELYFDEKYSI,HLA-A0201,0,10,10,seq_181,0,KLYFDEKYSI,KLFDEKYSI,KLYFDEKYSI,0.1534,0,ELYFDEKYSI,ELFDEKYSI,ELYFDEKYSI,2.8368,substitution,"1,3,8",0,10,False,0,Improved,18.492829204693614,0.0122069999999999,2,1,2,1,78.0,1.7489999999999994,-0.71,6.479656049516052,0.003,0.3979999999999999,0.0229999999999999,-0.104,0.1534,0.111,0.089,0.110998
KMTVVILQK,KMTVVVLQK,HLA-A1101,0,9,9,seq_182,0,KMTVVILQK,KMTVVILQK,KMTVVILQK,0.1716,0,KMTVVVLQK,KMTVVVLQK,KMTVVVLQK,0.1945,substitution,"0,1,8",5,9,False,5,Conserved,1.1334498834498834,0.0139519999999999,3,3,3,3,151.11111111111111,-0.1177777777777778,0.7333333333333333,10.805379563011227,0.1688888888888889,0.1977777777777777,0.0944444444444444,-0.1388888888888889,0.1716,14.542,7.271,14.5415
KSGTFFVLAY,KSGTFSVLAY,HLA-A0101,0,10,10,seq_183,0,KSGTFFVLAY,KSGTFVLAY,KSGTFFVLAY,1.5674,0,KSGTFSVLAY,KSGTFSVLY,KSGTFSVLAY,0.7206,substitution,"1,2,8",5,10,True,"5,6,7",Conserved,0.459742248309302,0.0758539999999999,2,-2,6,-2,78.0,-0.6010000000000004,0.8299999999999998,9.298300650902092,0.354,-0.162,-0.121,-0.276,1.5674,0.081,0.057,0.0810019
KSSSIYSIVK,KSSSIYSIVN,HLA-A1101,0,10,10,seq_184,1,SSSIYSIVK,SSSIYSIVK,SSSIYSIVK,0.1265,0,KSSSIYSIV,KSSSIYSIV,KSSSIYSIV,9.848,substitution,"0,1,8",9,10,True,"0,3,4,5,6,7,8",Improved,77.8498023715415,0.0130099999999999,4,0,9,-6,107.0,1.096,0.09,10.24760792311281,-0.1109999999999999,-0.128,-0.082,-0.011,0.2913,0.001,0.001,0.000999989
KTLTSVFQK,ETLTSVFQK,HLA-A1101,1,9,9,seq_186,0,KTLTSVFQK,KTLTSVFQK,KTLTSVFQK,0.0043,0,ETLTSVFQK,ETLTSVFQK,ETLTSVFQK,0.0891,substitution,"0,1,8",0,9,True,0,Conserved,20.72093023255814,0.0143459999999999,2,1,2,1,75.55555555555556,1.471111111111111,-0.3,10.805379563011227,-0.1122222222222222,0.0622222222222221,-0.0722222222222222,-0.0122222222222222,0.0043,15.011,6.9350000000000005,15.0105
KTLTSVFQKK,ETLTSVFQKK,HLA-A1101,1,10,10,seq_187,0,KTLTSVFQK,KTLTSVFQK,KTLTSVFQK,0.0043,0,ETLTSVFQK,ETLTSVFQK,ETLTSVFQK,0.0891,substitution,"0,1,8",0,10,True,0,Conserved,20.72093023255814,0.010332,2,1,2,1,68.0,1.879,-0.6599999999999999,11.10307073686272,-0.2179999999999999,0.1259999999999999,0.0979999999999999,0.002,0.0541,15.011,6.9350000000000005,15.0105
KTMCECMSFY,KTMCECMSSY,HLA-A0101,0,10,10,seq_189,0,KTMCECMSFY,KTMECMSFY,KTMCECMSFY,0.8971,0,KTMCECMSSY,KTMECMSSY,KTMCECMSSY,0.9432,substitution,"1,2,8",8,10,False,7,Conserved,1.0513878051499277,0.0433069999999999,2,-2,2,-2,0.0,0.8229999999999998,0.14,6.133393515367061,0.1149999999999999,0.1249999999999999,-0.612,-0.181,0.8971,45.842,22.921,45.8421
KTMCECMSFY,KTMCECMSSY,HLA-A1101,0,10,10,seq_188,0,KTMCECMSFY,KTMECMSFY,KTMCECMSFY,1.4522,0,KTMCECMSSY,KTMECMSSY,KTMCECMSSY,1.5092,substitution,"0,1,8",8,10,False,7,Conserved,1.039250791901942,0.0433069999999999,2,-2,2,-2,0.0,0.8229999999999998,0.14,6.133393515367061,0.1149999999999999,0.1249999999999999,-0.612,-0.181,1.4522,45.842,22.921,45.8421
LGDIYNEKRY,LGDIYNEKGY,HLA-A0101,0,10,10,seq_190,0,LGDIYNEKRY,LGDIYNERY,LGDIYNEKRY,0.7906,0,LGDIYNEKGY,LGDIYNEKY,LGDIYNEKGY,0.8897,substitution,"1,2,8",8,10,False,7,Conserved,1.1253478370857577,0.048088,6,-2,2,2,78.0,3.214,-1.36,6.4809230216778815,-0.2309999999999999,0.1629999999999999,0.4609999999999999,-0.239,0.7906,0.031,0.016,0.0309996999999999
LLADQNFKFI,LLADQNLKFI,HLA-A0201,0,10,10,seq_191,0,LLADQNFKFI,LLADQNFFI,LLADQNFKFI,0.8903,0,LLADQNLKFI,LLADQNLFI,LLADQNLKFI,1.1688,substitution,"1,3,8",6,10,False,6,Conserved,1.3128159047512076,0.050176,6,0,6,0,127.00000000000004,0.392,0.51,6.337367167230696,0.291,0.1689999999999999,-0.011,-0.277,0.8903,10.581,10.581,10.581
LLDLMAYDRY,LLGLMAYDRY,HLA-A0101,0,10,10,seq_192,0,LLDLMAYDRY,LLDMAYDRY,LLDLMAYDRY,0.1738,1,LGLMAYDRY,LGLMAYDRY,LGLMAYDRY,2.9763,substitution,"1,2,8",2,10,True,"1,2",Improved,17.124856156501725,0.0576769999999999,2,-1,0,-8,127.0,1.3720000000000003,0.0999999999999999,4.109249575529248,0.2690000000000001,0.292,-0.0819999999999999,-0.211,0.1738,0.006,0.006,0.00599993
LLGDPGWRV,LLGDPGRRV,HLA-A0201,0,9,9,seq_193,0,LLGDPGWRV,LLGDPGWRV,LLGDPGWRV,0.0696,0,LLGDPGRRV,LLGDPGRRV,LLGDPGRRV,0.8069,substitution,"1,3,8",6,9,False,6,Improved,11.593390804597702,0.126743,2,-3,2,-3,118.88888888888889,0.6166666666666668,0.0555555555555555,6.338718596380204,0.2422222222222222,-0.2877777777777777,0.4522222222222221,0.0166666666666666,0.0696,0.001,0.001,0.000999989
LLQAYRLISV,PLQAYRLISV,HLA-A0201,0,10,10,seq_194,1,LQAYRLISV,LQAYRLISV,LQAYRLISV,0.6214,1,LQAYRLISV,LQAYRLISV,LQAYRLISV,0.6214,substitution,"1,3,8",0,10,False,-1,Conserved,1.0,0.023657,4,-3,0,4,195.00000000000003,-0.1529999999999998,1.1800000000000002,9.348807885311544,0.377,0.138,-0.0299999999999999,-0.2489999999999999,1.4962,0.001,0.001,0.000999989
LLQCTQQAV,LLQCTRQAV,HLA-A0201,1,9,9,seq_195,0,LLQCTQQAV,LLQCTQQAV,LLQCTQQAV,1.5961,0,LLQCTRQAV,LLQCTRQAV,LLQCTRQAV,3.6935,substitution,"1,3,8",5,9,False,5,Conserved,2.31407806528413,0.056315,2,1,2,1,129.99999999999997,0.2466666666666666,0.5444444444444444,5.922539790626615,0.0655555555555555,-0.1411111111111111,-0.3022222222222223,-0.3088888888888889,1.5961,37.292,31.959,37.2921
LMDDSLMQIF,LMDDSLMQIS,HLA-A0101,0,10,10,seq_196,0,LMDDSLMQIF,LMDDSLMQF,LMDDSLMQIF,0.982,0,LMDDSLMQI,LMDDSLMQI,LMDDSLMQI,1.1791,substitution,"1,2,8",9,10,True,8,Conserved,1.20071283095723,0.018884,2,-2,2,0,117.0,0.3940000000000002,0.74,3.49188149953261,0.36,0.1129999999999999,-0.383,-0.211,0.982,4.571,1.408,4.57097
LSFFTVMAY,LSLFTVMAY,HLA-A0101,0,9,9,seq_198,0,LSFFTVMAY,LSFFTVMAY,LSFFTVMAY,0.4867,0,LSLFTVMAY,LSLFTVMAY,LSLFTVMAY,0.5914,substitution,"1,2,8",2,9,True,2,Conserved,1.215122251900555,0.045803,6,0,6,0,86.66666666666666,-1.4411111111111112,1.6111111111111112,6.093198032584041,0.6577777777777778,0.0822222222222222,-0.6344444444444445,-0.2477777777777778,0.4867,1.661,1.329,1.66106
LSYNSHYSR,LSYNSHYFR,HLA-A1101,0,9,9,seq_199,0,LSYNSHYSR,LSYNSHYSR,LSYNSHYSR,0.4731,0,LSYNSHYFR,LSYNSHYFR,LSYNSHYFR,0.3385,substitution,"0,1,8",7,9,False,7,Conserved,0.7154935531600085,0.0579119999999999,2,-2,2,-2,43.33333333333333,3.531111111111111,-1.3777777777777775,9.17420503590256,-0.2577777777777778,0.081111111111111,-0.0888888888888888,-0.0722222222222222,0.4731,0.451,0.451,0.451
LTDTSLTAL,PTDTSLTAL,HLA-A0101,0,9,9,seq_200,0,LTDTSLTAL,LTDTSLTAL,LTDTSLTAL,0.5943,0,PTDTSLTAL,PTDTSLTAL,PTDTSLTAL,1.6353,substitution,"1,2,8",0,9,False,0,Conserved,2.7516405855628467,0.0290399999999999,4,-3,4,-3,141.1111111111111,0.3622222222222224,0.7555555555555554,3.749987360555679,0.1544444444444444,-0.3777777777777778,-0.2644444444444445,-0.0555555555555555,0.5943,0.002,0.002,0.00199998
LTDTSLTALS,PTDTSLTALS,HLA-A0101,0,10,10,seq_201,0,LTDTSLTAL,LTDTSLTAL,LTDTSLTAL,0.5943,0,PTDTSLTAL,PTDTSLTAL,PTDTSLTAL,1.6353,substitution,"1,2,8",0,10,False,0,Conserved,2.7516405855628467,0.020841,4,-3,4,-3,127.0,0.6660000000000001,0.5999999999999999,3.749987360555679,0.072,-0.447,-0.302,-0.0389999999999999,2.8576,0.002,0.002,0.00199998
LTERANFQY,LTERADFQY,HLA-A0101,0,9,9,seq_202,0,LTERANFQY,LTERANFQY,LTERANFQY,0.0091,0,LTERADFQY,LTERADFQY,LTERADFQY,0.0111,substitution,"1,2,8",5,9,False,5,Conserved,1.2197802197802197,0.0602709999999999,2,1,2,1,54.44444444444444,2.99,-0.9555555555555556,6.403313373681158,-0.1444444444444444,0.1933333333333332,0.011111111111111,-0.1988888888888889,0.0091,39.561,32.954,39.5608
LTSMAYDCY,LTSMAYDRY,HLA-A0101,0,9,9,seq_203,0,LTSMAYDCY,LTSMAYDCY,LTSMAYDCY,0.1527,0,LTSMAYDRY,LTSMAYDRY,LTSMAYDRY,0.0762,substitution,"1,2,8",7,9,False,7,Conserved,0.4990176817288801,0.0852039999999999,2,-3,2,-3,54.44444444444444,0.5122222222222222,0.2666666666666666,3.749970651697368,0.1955555555555555,-0.0788888888888889,-0.5944444444444446,-0.2166666666666666,0.1527,0.014,0.014,0.0139996
LVANFSQIK,LVANFSQIE,HLA-A1101,0,9,9,seq_204,0,LVANFSQIK,LVANFSQIK,LVANFSQIK,0.2274,0,LVANFSQIE,LVANFSQIE,LVANFSQIE,20.2,substitution,"0,1,8",8,9,True,8,Improved,88.83025505716799,0.0159899999999999,2,1,2,1,129.99999999999997,0.2733333333333332,0.6000000000000001,9.700002531521022,0.1411111111111111,-0.0511111111111111,0.0255555555555555,-0.27,0.2274,15.011,6.9350000000000005,15.0105
LVEQALRFY,LVEQALRFH,HLA-A0101,0,9,9,seq_205,0,LVEQALRFY,LVEQALRFY,LVEQALRFY,0.2143,0,LVEQALRF,LVE-QALRF,LVEQALRF,4.5692,substitution,"1,2,8",8,9,True,"3,4,5,6,7,8",Improved,21.321511899206723,0.023425,2,2,3,-10,129.99999999999997,0.9711111111111108,0.3999999999999999,6.403313373681158,0.2388888888888889,0.3166666666666666,0.0,-0.2255555555555556,0.2143,19.881,4.97,19.8807
LVKFPEMFQK,PVKFPEMFQK,HLA-A1101,0,10,10,seq_206,0,LVKFPEMFQK,LVFPEMFQK,LVKFPEMFQK,0.2755,0,PVKFPEMFQK,PVFPEMFQK,PVKFPEMFQK,1.3242,substitution,"0,1,8",0,10,True,0,Improved,4.806533575317604,0.0248279999999999,4,-3,4,-3,68.0,0.6179999999999999,-0.09,9.53730092663318,0.1910000000000001,0.372,0.0099999999999999,0.17,0.2755,0.561,0.374,0.5610109999999999
LVVLAPLLY,PVVLAPLLY,HLA-A0101,0,9,9,seq_207,0,LVVLAPLLY,LVVLAPLLY,LVVLAPLLY,0.5369,0,PVVLAPLLY,PVVLAPLLY,PVVLAPLLY,0.7803,substitution,"1,2,8",0,9,False,0,Conserved,1.4533432669025887,0.027347,4,-3,4,-3,248.88888888888889,-3.27,2.5,6.093198032584041,0.8822222222222222,0.0466666666666666,-0.1055555555555555,0.0022222222222222,0.5369,94.753,27.099,94.753
MIFFSIDRY,MISFSIDRY,HLA-A2601,0,9,9,seq_208,0,MIFFSIDRY,MIFFSIDRY,MIFFSIDRY,0.1346,0,MISFSIDRY,MISFSIDRY,MISFSIDRY,0.3019,substitution,"0,1,8",2,9,False,2,Conserved,2.2429420505200595,0.077187,2,-2,2,-2,86.66666666666666,1.0033333333333334,0.7111111111111111,6.3318953779526055,0.4344444444444444,0.4311111111111111,-0.4566666666666667,-0.0399999999999999,0.1346,0.341,0.171,0.34099
MLAVFKLYPT,MLAVSKLYPT,HLA-A0201,0,10,10,seq_209,0,MLAVFKLYP,MLAVFKLYP,MLAVFKLYP,6.4641,0,MLAVSKLYPT,MLASKLYPT,MLAVSKLYPT,7.3877,substitution,"1,3,8",4,10,True,"3,4,5,6,7,8",Conserved,1.1428814529478195,0.0764209999999999,2,-2,4,-12,117.0,-1.276,1.08,9.298300650902092,0.548,0.1409999999999999,-0.222,0.0929999999999999,9.4293,0.461,0.461,0.4609879999999999
MLFLRFCYI,MLFLRFRYI,HLA-A0201,0,9,9,seq_210,0,MLFLRFCYI,MLFLRFCYI,MLFLRFCYI,1.5567,0,MLFLRFRYI,MLFLRFRYI,MLFLRFRYI,1.6887,substitution,"1,3,8",6,9,False,6,Conserved,1.084794758142224,0.106153,2,-3,2,-3,129.99999999999997,-1.0322222222222224,1.811111111111111,8.527213490568101,0.8177777777777777,0.591111111111111,-0.5322222222222224,-0.2588888888888889,1.5567,4.811,0.601,4.81088
MLFSHGLVK,MLFSRGLVK,HLA-A0301,1,9,9,seq_211,0,MLFSHGLVK,MLFSHGLVK,MLFSHGLVK,0.0114,0,MLFSRGLVK,MLFSRGLVK,MLFSRGLVK,0.0165,substitution,"0,1,8",4,9,False,4,Conserved,1.4473684210526316,0.091493,2,0,2,0,118.88888888888889,-0.7266666666666667,0.911111111111111,9.702001779340208,0.3933333333333334,-0.0766666666666666,0.1844444444444444,-0.288888888888889,0.0114,32.512,5.43,32.512
MLNPLIYSFR,MLNPLIYSLR,HLA-A1101,0,10,10,seq_212,0,MLNPLIYSFR,MLNPIYSFR,MLNPLIYSFR,3.1344,0,MLNPLIYSLR,MLNPLISLR,MLNPLIYSLR,3.7258,substitution,"0,1,8",8,10,True,"4,5,7",Conserved,1.18868044920878,0.0276579999999999,6,0,10,1,117.0,0.501,0.5100000000000001,9.348807885311544,0.422,0.288,-0.195,0.0929999999999999,3.1344,0.063,0.063,0.0629994
MMPFSIVYI,VMPFSIVYI,HLA-A0201,0,9,9,seq_214,0,MMPFSIVYI,MMPFSIVYI,MMPFSIVYI,0.6217,0,VMPFSIVYI,VMPFSIVYI,VMPFSIVYI,0.6981,substitution,"1,3,8",0,9,False,0,Conserved,1.1228888531446035,0.016544,1,1,1,1,118.88888888888889,-2.002222222222222,1.788888888888889,6.093198032584041,0.7777777777777778,0.2055555555555555,-0.6000000000000001,0.1444444444444444,0.6217,0.061,0.061,0.061002
MMPFSIVYIV,VMPFSIVYIV,HLA-A0201,0,10,10,seq_215,0,MMPFSIVYI,MMPFSIVYI,MMPFSIVYI,0.6217,0,VMPFSIVYI,VMPFSIVYI,VMPFSIVYI,0.6981,substitution,"1,3,8",0,10,False,0,Conserved,1.1228888531446035,0.0117859999999999,1,1,1,1,136.0,-2.206,2.03,6.093198032584041,0.776,0.1679999999999999,-0.5640000000000001,0.1269999999999999,2.1167,0.061,0.061,0.061002
MQANSHYARV,MQANPHYARV,HLA-A0201,0,10,10,seq_216,0,MQANSHYARV,MQANSHYAV,MQANSHYARV,7.103,1,QANPHYARV,QANPHYARV,QANPHYARV,4.0633,substitution,"1,3,8",4,10,True,"0,1,2,3,4,5,6,7",Conserved,0.5720540616640856,0.078334,4,-1,2,-7,49.0,2.529,-0.7100000000000001,9.351184298284352,-0.1839999999999999,-0.092,0.078,-0.181,7.103,3.111,2.333,3.11105
MSFSHLFYL,MSSSHLFYL,HLA-A0201,0,9,9,seq_217,0,MSFSHLFYL,MSFSHLFYL,MSFSHLFYL,0.7086,0,MSSSHLFYL,MSSSHLFYL,MSSSHLFYL,2.0644,substitution,"1,3,8",2,9,False,2,Conserved,2.9133502681343493,0.076423,2,-2,2,-2,86.66666666666666,-0.7277777777777777,1.0,7.542349207215011,0.6233333333333334,0.2744444444444444,-0.5188888888888888,-0.2188888888888889,0.7086,1.901,1.901,1.90105
MSFYLREQGK,MSSYLREQGK,HLA-A1101,0,10,10,seq_218,0,MSFYLREQGK,MSFYLREQK,MSFYLREQGK,1.5801,1,SSYLREQGK,SSYLREQGK,SSYLREQGK,0.2058,substitution,"0,1,8",2,10,True,"0,2,3,4,5,6,7",Conserved,0.1302449212075185,0.059612,2,-2,8,-1,39.0,2.5170000000000003,-0.94,9.297359791584311,-0.1149999999999999,0.144,0.1939999999999999,-0.268,1.5801,45.842,22.921,45.8421
MSHNTEMNNY,MSHDTEMNNY,HLA-A0101,0,10,10,seq_219,0,MSHNTEMNNY,MSNTEMNNY,MSHNTEMNNY,0.376,0,MSHDTEMNNY,MSDTEMNNY,MSHDTEMNNY,0.0325,substitution,"1,2,8",3,10,True,2,Conserved,0.0864361702127659,0.048042,2,1,2,1,0.0,3.28,-1.6200000000000003,5.363445803988725,-0.296,-0.023,-0.0079999999999999,-0.311,0.376,0.021,0.007,0.0209994999999999
MSSYIASFTY,MSSYIASLTY,HLA-A0101,0,10,10,seq_220,1,SSYIASFTY,SSYIASFTY,SSYIASFTY,0.248,1,SSYIASLTY,SSYIASLTY,SSYIASLTY,0.1459,substitution,"1,2,8",7,10,False,6,Conserved,0.5883064516129033,0.035726,6,0,6,0,49.0,0.0989999999999999,0.5299999999999999,6.086602629628032,0.282,-0.108,-0.662,-0.181,0.3185,0.001,0.001,0.000999989
MTFLGGNLVK,MTFLGGNPVK,HLA-A1101,0,10,10,seq_221,0,MTFLGGNLVK,MTFGGNLVK,MTFLGGNLVK,0.147,0,MTFLGGNPVK,MTFGGNPVK,MTFLGGNPVK,0.2583,substitution,"0,1,8",7,10,False,6,Conserved,1.7571428571428571,0.0732629999999999,4,-3,4,-3,107.0,-0.6330000000000001,0.76,9.700002531521022,0.311,-0.354,0.3319999999999999,-0.511,0.147,0.561,0.374,0.5610109999999999
MVILYVVYY,MVISYVVYY,HLA-A2601,0,9,9,seq_222,0,MVILYVVYY,MVILYVVYY,MVILYVVYY,0.13,0,MVISYVVYY,MVISYVVYY,MVISYVVYY,0.02,substitution,"0,1,8",3,9,False,3,Conserved,0.1538461538461538,0.0638159999999999,2,-2,2,-2,183.3333333333333,-2.6544444444444446,2.1,6.080201585311443,0.8611111111111112,0.4544444444444444,-0.5044444444444445,-0.3422222222222222,0.13,0.041,0.027,0.0410009
MVSSNENCRK,MVPSNENCRK,HLA-A1101,0,10,10,seq_223,1,VSSNENCRK,VSSNENCRK,VSSNENCRK,1.4458,0,MVPSNENCRK,MVPSENCRK,MVPSNENCRK,2.3755,substitution,"0,1,8",2,10,True,"0,1,2,3",Conserved,1.6430349979250245,0.0541319999999999,4,-1,7,-1,29.0,3.969,-1.19,8.545125282369554,-0.5189999999999999,-0.104,0.131,-0.13,2.0568,1.201,0.36,1.20097
NSDLSPYLCH,NSDLSPYPCH,HLA-A0101,0,10,10,seq_224,0,NSDLSPYLCH,NSDLSPYLH,NSDLSPYLCH,0.6527,0,NSDLSPYPCH,NSDLSPYCH,NSDLSPYPCH,1.4013,substitution,"1,2,8",7,10,False,7,Conserved,2.1469281446299986,0.0858109999999999,4,-3,0,-1,78.0,1.584,-0.4600000000000001,5.2898178906179965,-0.0179999999999999,-0.162,-0.219,0.2239999999999999,0.6527,6.361,4.243,6.3612
NSGGYPPLCY,NSGGYPPSCY,HLA-A0101,0,10,10,seq_225,0,NSGGYPPLCY,NSGGPPLCY,NSGGYPPLCY,0.3592,0,NSGGYPPSCY,NSGGPPSCY,NSGGYPPSCY,0.5413,substitution,"1,2,8",7,10,False,6,Conserved,1.5069599109131402,0.064648,2,-2,2,-2,39.0,0.2239999999999999,-0.4600000000000001,5.9165084338746965,0.114,-0.5459999999999999,0.0279999999999999,0.19,0.3592,10.431,1.304,10.431
NTASSSLAF,DTASSSLAF,HLA-A2601,0,9,9,seq_226,0,NTASSSLAF,NTASSSLAF,NTASSSLAF,0.0986,0,DTASSSLAF,DTASSSLAF,DTASSSLAF,0.0166,substitution,"0,1,8",0,9,True,0,Conserved,0.1683569979716024,0.0139139999999999,2,1,2,1,65.55555555555554,0.8766666666666664,0.3999999999999999,6.099999998230487,-0.0177777777777777,-0.6122222222222223,-0.2788888888888889,-0.2066666666666666,0.0986,0.001,0.001,0.000999989
NTLEQTVPY,NTPEQTVPY,HLA-A0101,0,9,9,seq_227,0,NTLEQTVPY,NTLEQTVPY,NTLEQTVPY,0.2446,0,NTPEQTVPY,NTPEQTVPY,NTPEQTVPY,0.2968,substitution,"1,2,8",2,9,True,2,Conserved,1.21340964840556,0.0874169999999999,4,-3,4,-3,75.55555555555556,1.701111111111111,-0.7555555555555555,3.8499827128835022,-0.0955555555555555,-0.0366666666666666,-0.1611111111111111,0.22,0.2446,0.081,0.081,0.0810019
QALRFYDYK,QALRFHDYK,HLA-A1101,0,9,9,seq_229,0,QALRFYDYK,QALRFYDYK,QALRFYDYK,0.8493,0,QALRFHDYK,QALRFHDYK,QALRFHDYK,0.8177,substitution,"0,1,8",5,9,False,5,Conserved,0.9627928882609208,0.074675,2,2,2,2,54.44444444444444,2.811111111111112,-1.0666666666666669,9.145093667320907,-0.0555555555555555,0.4466666666666666,-0.0055555555555555,-0.1366666666666666,0.8493,19.881,4.97,19.8807
QLFNCQALQK,QLFNCQALRK,HLA-A1101,0,10,10,seq_230,0,QLFNCQALQK,QLFNQALQK,QLFNCQALQK,0.4888,0,QLFNCQALRK,QLFNQALRK,QLFNCQALRK,0.8384,substitution,"0,1,8",8,10,False,7,Conserved,1.7152209492635024,0.0272919999999999,2,1,2,1,88.0,1.2899999999999998,-0.32,8.545189979486167,-0.0469999999999999,0.0739999999999999,-0.066,-0.4010000000000001,0.4888,0.151,0.057,0.150998
QSARLYIVAY,QSARLYTVAY,HLA-A0101,0,10,10,seq_231,0,QSARLYIVAY,QSARLIVAY,QSARLYIVAY,0.8842,0,QSARLYTVAY,QSARLTVAY,QSARLYTVAY,0.4988,substitution,"1,2,8",6,10,False,5,Conserved,0.5641257634019453,0.049481,3,-1,3,-1,127.0,0.6639999999999995,0.4699999999999999,9.171628129668534,0.1809999999999999,0.0479999999999999,-0.106,-0.225,0.8842,0.041,0.041,0.0410009
QTACCACRK,QTARCACRK,HLA-A1101,0,9,9,seq_232,0,QTACCACRK,QTACCACRK,QTACCACRK,2.3837,0,QTARCACRK,QTARCACRK,QTARCACRK,1.0374,substitution,"0,1,8",3,9,False,3,Conserved,0.4352057725384906,0.1195709999999999,2,-3,2,-3,22.22222222222222,2.3466666666666667,-0.1666666666666667,8.52263127360493,-0.3444444444444444,-0.2788888888888888,-0.2411111111111111,-0.0655555555555555,2.3837,1.781,1.336,1.78102
QTQSVVFLY,QTQSVVFSY,HLA-A0101,0,9,9,seq_233,0,QTQSVVFLY,QTQSVVFLY,QTQSVVFLY,0.0643,0,QTQSVVFSY,QTQSVVFSY,QTQSVVFSY,0.0937,substitution,"1,2,8",7,9,False,7,Conserved,1.4572317262830483,0.0443799999999999,2,-2,2,-2,107.77777777777776,0.1344444444444441,0.5777777777777778,6.093198032584041,0.2311111111111111,0.0988888888888888,-0.5022222222222221,-0.1911111111111111,0.0643,0.151,0.043,0.150998
RIHTSAKPYK,RIHTSEKPYK,HLA-A1101,0,10,10,seq_235,0,RIHTSAKPYK,RIHTSAPYK,RIHTSAKPYK,0.3684,0,RIHTSEKPYK,RIHTSEPYK,RIHTSEKPYK,0.5014,substitution,"0,1,8",5,10,False,5,Conserved,1.3610206297502714,0.060419,2,-1,2,-1,49.0,3.006,-1.36,10.901836457662284,-0.3,0.101,0.311,0.4669999999999999,0.3684,1.351,0.45,1.35097
RLAVCHFPCL,HLAVCHFPCL,HLA-A0201,0,10,10,seq_236,0,RLAVCHFPCL,RLAVHFPCL,RLAVCHFPCL,4.6667,0,HLAVCHFPCL,HLAVHFPCL,HLAVCHFPCL,5.9806,substitution,"1,3,8",0,10,False,0,Conserved,1.2815479889429362,0.0208399999999999,2,0,2,0,117.0,-0.1649999999999999,1.2099999999999995,8.24295184481889,0.383,0.0349999999999999,-0.223,0.2709999999999999,4.6667,3.561,0.595,3.56104
RMLDKNPEV,RMLDKNPES,HLA-A0201,0,9,9,seq_237,0,RMLDKNPEV,RMLDKNPEV,RMLDKNPEV,0.0111,0,RMLDKNPES,RMLDKNPES,RMLDKNPES,1.7369,substitution,"1,3,8",8,9,True,8,Improved,156.4774774774775,0.0222769999999999,0,-2,0,-2,75.55555555555556,3.481111111111112,-1.177777777777778,6.494323082733899,-0.29,0.1533333333333333,0.3766666666666666,0.33,0.0111,17.461,14.964,17.4614
RSNPYFVASR,RSNPYSVASR,HLA-A1101,0,10,10,seq_238,0,RSNPYFVASR,RSNPFVASR,RSNPYFVASR,0.5243,0,RSNPYSVASR,RSNPSVASR,RSNPYSVASR,0.3654,substitution,"0,1,8",5,10,False,4,Conserved,0.6969292389853138,0.0853239999999999,2,-2,2,-2,39.0,3.4590000000000005,-0.82,11.14762292895466,-0.201,0.0079999999999999,-0.0309999999999999,0.3409999999999999,0.5243,1.581,0.7020000000000001,1.58096
RTMMFFAEH,RTMMFLAEH,HLA-A1101,0,9,9,seq_239,0,RTMMFFAEH,RTMMFFAEH,RTMMFFAEH,0.8518,0,RTMMFLAEH,RTMMFLAEH,RTMMFLAEH,0.8486,substitution,"0,1,8",5,9,False,5,Conserved,0.9962432495891056,0.0545029999999999,6,0,6,0,11.11111111111111,1.832222222222222,-0.0777777777777778,7.5513127176091075,0.1988888888888888,0.2877777777777777,-0.1855555555555555,-0.0388888888888888,0.8518,31.52,12.608,31.5201
RVRDFIQMK,RVGDFIQMK,HLA-A1101,0,9,9,seq_240,0,RVRDFIQMK,RVRDFIQMK,RVRDFIQMK,0.0463,0,RVGDFIQMK,RVGDFIQMK,RVGDFIQMK,0.008,substitution,"0,1,8",2,9,False,2,Conserved,0.1727861771058315,0.088254,6,-2,6,-2,75.55555555555556,3.928888888888888,-0.7222222222222224,11.479699642397463,-0.1844444444444444,0.4966666666666667,0.1633333333333333,0.0999999999999999,0.0463,0.261,0.174,0.260996
SASIRNANLY,SASIRDANLY,HLA-A0101,0,10,10,seq_241,1,ASIRNANLY,ASIRNANLY,ASIRNANLY,0.2469,1,ASIRDANLY,ASIRDANLY,ASIRDANLY,0.1751,substitution,"1,2,8",5,10,False,4,Conserved,0.7091940056703119,0.0499849999999999,2,1,2,1,98.0,2.168,-0.2499999999999999,9.348807885311544,-0.1249999999999999,-0.251,0.116,-0.278,0.4842,0.293,0.235,0.292993
SCDSLCGGY,SCDALCGGY,HLA-A0101,0,9,9,seq_242,0,SCDSLCGGY,SCDSLCGGY,SCDSLCGGY,0.3976,0,SCDALCGGY,SCDALCGGY,SCDALCGGY,0.5329,substitution,"1,2,8",3,9,False,3,Conserved,1.340291750503018,0.040722,4,1,4,1,43.33333333333333,0.7000000000000002,0.1777777777777778,3.749955142382533,-0.0622222222222222,-0.7999999999999999,-0.1477777777777778,-0.38,0.3976,0.071,0.071,0.0710017999999999
SCSNFLLLAY,SCSNFSLLAY,HLA-A0101,0,10,10,seq_243,1,CSNFLLLAY,CSNFLLLAY,CSNFLLLAY,0.4651,1,CSNFSLLAY,CSNFSLLAY,CSNFSLLAY,0.2113,substitution,"1,2,8",5,10,False,4,Conserved,0.4543109008815308,0.0673049999999999,2,-2,2,-2,127.0,-0.7250000000000003,1.21,5.919503211509436,0.4209999999999999,-0.1109999999999999,-0.385,-0.383,0.6786,0.091,0.046,0.0909992999999999
SIPGIMGALY,SIPGTMGALY,HLA-A2601,0,10,10,seq_244,0,SIPGIMGALY,SIPGIMALY,SIPGIMGALY,0.0834,0,SIPGTMGALY,SIPGTMALY,SIPGTMGALY,0.134,substitution,"0,1,8",4,10,False,4,Conserved,1.606714628297362,0.058571,3,-1,3,-1,127.00000000000004,-1.7259999999999998,1.2,6.093198032584041,0.4820000000000001,-0.562,0.1489999999999999,-0.157,0.0834,8.931000000000001,6.377,8.93087
SISSEQTFY,PISSEQTFY,HLA-A0101,0,9,9,seq_245,0,SISSEQTFY,SISSEQTFY,SISSEQTFY,0.1727,0,PISSEQTFY,PISSEQTFY,PISSEQTFY,0.4047,substitution,"1,2,8",0,9,False,0,Conserved,2.343370005790388,0.0219249999999999,4,-1,4,-1,43.33333333333333,1.9288888888888889,-0.4555555555555556,3.8499827128835022,-0.1211111111111111,-0.1166666666666667,-0.4944444444444444,-0.0577777777777777,0.1727,1.451,0.483,1.45095
SIYSIVKIK,SIYSIVNIK,HLA-A1101,0,9,9,seq_246,0,SIYSIVKIK,SIYSIVKIK,SIYSIVKIK,0.0691,0,SIYSIVNIK,SIYSIVNIK,SIYSIVNIK,0.0281,substitution,"0,1,8",6,9,False,6,Conserved,0.406657018813314,0.0515689999999999,4,0,4,0,162.2222222222222,-0.0844444444444447,0.7777777777777776,10.24760792311281,0.1666666666666667,0.1288888888888888,0.0333333333333332,-0.0511111111111111,0.0691,0.001,0.001,0.000999989
SLDLPLNPL,SLDLPLDPL,HLA-A0201,0,9,9,seq_248,0,SLDLPLNPL,SLDLPLNPL,SLDLPLNPL,0.4788,0,SLDLPLDPL,SLDLPLDPL,SLDLPLDPL,0.9209,substitution,"1,3,8",6,9,False,6,Conserved,1.9233500417710945,0.052408,2,1,2,1,173.33333333333331,-0.1022222222222222,0.4666666666666665,3.749987360555679,0.3411111111111111,-0.1566666666666666,0.0066666666666666,0.501111111111111,0.4788,3.001,1.2,3.00091
SLFGLSFVR,SPFGLSFVR,HLA-A1101,0,9,9,seq_249,0,SLFGLSFVR,SLFGLSFVR,SLFGLSFVR,0.518,0,SPFGLSFVR,SPFGLSFVR,SPFGLSFVR,4.8076,substitution,"0,1,8",1,9,True,1,Improved,9.28108108108108,0.0666459999999999,4,-3,4,-3,118.88888888888889,0.1044444444444445,1.2111111111111112,10.550002220086752,0.39,-0.1177777777777777,-0.0788888888888889,-0.2177777777777777,0.518,27.311,27.311,27.3108
SLFKGLHHKA,SLSKGLHHKA,HLA-A0201,0,10,10,seq_250,0,SLFKGLHHKA,SLFKGLHHA,SLFKGLHHKA,0.2894,0,SLSKGLHHKA,SLSKGLHHA,SLSKGLHHKA,1.8078,substitution,"1,3,8",2,10,False,2,Improved,6.246717346233587,0.06142,2,-2,2,-2,88.0,0.825,-0.32,10.805464482866228,0.032,-0.123,0.5680000000000001,-0.1589999999999999,0.2894,2.821,1.154,2.82099
SLGDHNFLRK,SLGDHNFLRR,HLA-A1101,0,10,10,seq_251,0,SLGDHNFLRK,SLGDHNFLK,SLGDHNFLRK,0.5037,0,SLGDHNFLR,SLGDHNFLR,SLGDHNFLR,0.8264,substitution,"0,1,8",9,10,True,8,Conserved,1.6406591224935476,0.0098089999999999,2,2,2,2,78.0,3.0130000000000003,-0.94,9.697023999877274,-0.184,-0.049,0.4819999999999999,-0.13,0.5037,0.021,0.017,0.0209994999999999
SLLSLLYAL,SSLSLLYAL,HLA-A0201,0,9,9,seq_252,0,SLLSLLYAL,SLLSLLYAL,SLLSLLYAL,0.079,1,SLSLLYAL,SL-SLLYAL,SLSLLYAL,2.1445,substitution,"1,3,8",1,9,True,2,Improved,27.145569620253163,0.0367119999999999,2,-2,-3,-6,227.77777777777777,-2.163333333333333,1.9888888888888887,6.093198032584041,0.6911111111111112,-0.0577777777777778,-0.1644444444444444,-0.4311111111111111,0.079,0.001,0.001,0.000999989
SLQDHCCRAV,SLQDLCCRAV,HLA-A0201,0,10,10,seq_253,0,SLQDHCCRA,SLQDHCCRA,SLQDHCCRA,1.5509,0,SLQDLCCRA,SLQDLCCRA,SLQDLCCRA,1.5166,substitution,"1,3,8",4,10,False,4,Conserved,0.977883809400993,0.1083739999999999,2,-3,2,-3,78.0,2.3910000000000005,-0.07,7.253858075477183,-0.205,-0.177,-0.16,0.023,2.9349,12.211,6.106,12.2109
SLSPIEMKK,SPSPIEMKK,HLA-A1101,0,9,9,seq_254,0,SLSPIEMKK,SLSPIEMKK,SLSPIEMKK,0.0226,0,SPSPIEMKK,SPSPIEMKK,SPSPIEMKK,1.7976,substitution,"0,1,8",1,9,True,1,Improved,79.53982300884957,0.0632439999999999,4,-3,4,-3,86.66666666666666,1.391111111111111,-0.4777777777777778,9.53730092663318,-0.111111111111111,-0.0055555555555556,0.1955555555555555,0.2922222222222222,0.0226,3.371,3.192,3.37105
SLSSVTLLL,SSSSVTLLL,HLA-A0201,0,9,9,seq_255,0,SLSSVTLLL,SLSSVTLLL,SLSSVTLLL,0.1072,0,SSSSVTLLL,SSSSVTLLL,SSSSVTLLL,4.2798,substitution,"1,3,8",1,9,True,1,Improved,39.923507462686565,0.037582,2,-2,2,-2,205.55555555555557,-1.2166666666666668,1.8111111111111111,6.099999998230487,0.4277777777777778,-0.2766666666666666,-0.2922222222222222,-0.1988888888888889,0.1072,0.041,0.033,0.0410009
SLSTSLSSV,SLSTSSSSV,HLA-A0201,0,9,9,seq_256,0,SLSTSLSSV,SLSTSLSSV,SLSTSLSSV,0.0874,0,SLSTSSSSV,SLSTSSSSV,SLSTSSSSV,0.466,substitution,"1,3,8",5,9,False,5,Conserved,5.331807780320366,0.0571439999999999,2,-2,2,-2,118.88888888888889,0.632222222222222,0.7888888888888889,6.099999998230487,-0.0233333333333333,-0.5944444444444444,-0.4522222222222222,-0.0366666666666666,0.0874,0.041,0.033,0.0410009
SSDFTVLQEI,SSDFTILQEI,HLA-A0101,0,10,10,seq_257,0,SSDFTVLQE,SSDFTVLQE,SSDFTVLQE,1.5485,0,SSDFTILQE,SSDFTILQE,SSDFTILQE,1.5527,substitution,"1,2,8",5,10,False,5,Conserved,1.0027123022279625,0.015629,3,3,3,3,107.0,1.358,0.2499999999999999,3.5500735570676625,-0.0059999999999999,-0.1369999999999999,-0.298,-0.0199999999999999,2.6896,49.68,33.137,49.6802
SSDSQEENY,SSDSQEGNY,HLA-A0101,0,9,9,seq_258,0,SSDSQEENY,SSDSQEENY,SSDSQEENY,0.0068,0,SSDSQEGNY,SSDSQEGNY,SSDSQEGNY,0.0118,substitution,"1,2,8",6,9,False,6,Conserved,1.7352941176470589,0.0685829999999999,2,-2,2,-2,0.0,4.984444444444445,-2.355555555555556,3.4247118630446494,-0.7622222222222221,-0.2711111111111111,-0.0555555555555555,-0.0888888888888888,0.0068,0.481,0.481,0.4809969999999999
SSEMAENEDY,SPEMAENEDY,HLA-A0101,0,10,10,seq_259,0,SSEMAENEDY,SSEMAENEY,SSEMAENEDY,0.0755,0,SPEMAENEDY,SPEMAENEY,SPEMAENEDY,1.667,substitution,"1,2,8",1,10,True,1,Improved,22.079470198675494,0.0333139999999999,4,-1,4,-1,10.0,3.857,-1.67,3.33170502493158,-0.5249999999999999,-0.237,0.075,-0.164,0.0755,9.391,1.878,9.39114
SSFLVPSLPY,PSFLVPSLPY,HLA-A0101,0,10,10,seq_260,0,SSFLVPSLPY,SSFLVPSLY,SSFLVPSLPY,0.3298,0,PSFLVPSLPY,PSFLVPSLY,PSFLVPSLPY,0.9155,substitution,"1,2,8",0,10,False,0,Conserved,2.775924802910855,0.0176659999999999,4,-1,4,-1,107.0,-0.6520000000000001,0.77,6.093198032584041,0.404,-0.153,-0.4669999999999999,0.546,0.3298,0.921,0.409,0.921017
SSIYSIVKIK,SSIYSIVNIK,HLA-A1101,0,10,10,seq_261,1,SIYSIVKIK,SIYSIVKIK,SIYSIVKIK,0.0691,1,SIYSIVNIK,SIYSIVNIK,SIYSIVNIK,0.0281,substitution,"0,1,8",7,10,False,6,Conserved,0.406657018813314,0.0400139999999999,4,0,4,0,146.0,0.2639999999999999,0.6199999999999999,10.24760792311281,0.083,0.0089999999999999,-0.034,-0.035,0.1506,0.001,0.001,0.000999989
SSSIYSIVK,SSSIYSIVN,HLA-A1101,0,9,9,seq_262,0,SSSIYSIVK,SSSIYSIVK,SSSIYSIVK,0.1265,1,SSIYSIVN,SSIYSIVN-,SSIYSIVN,25.4,substitution,"0,1,8",8,9,True,"2,3,4,5,6,7,8",Improved,200.7905138339921,0.018256,4,0,6,-13,118.88888888888889,0.6011111111111109,0.5333333333333332,9.298300650902092,0.0066666666666666,-0.22,-0.2722222222222222,-0.0266666666666666,0.1265,0.001,0.001,0.000999989
SSYIASFTY,SSYIASLTY,HLA-A0101,0,9,9,seq_263,0,SSYIASFTY,SSYIASFTY,SSYIASFTY,0.248,0,SSYIASLTY,SSYIASLTY,SSYIASLTY,0.1459,substitution,"1,2,8",6,9,False,6,Conserved,0.5883064516129033,0.045987,6,0,6,0,54.44444444444444,0.371111111111111,0.3777777777777777,6.086602629628032,0.201111111111111,-0.1677777777777777,-0.6400000000000001,-0.1255555555555555,0.248,0.001,0.001,0.000999989
SSYYEPWGY,PSYYEPWGY,HLA-A0101,0,9,9,seq_264,0,SSYYEPWGY,SSYYEPWGY,SSYYEPWGY,0.1603,0,PSYYEPWGY,PSYYEPWGY,PSYYEPWGY,0.5314,substitution,"1,2,8",0,9,False,0,Conserved,3.315034310667498,0.0279399999999999,4,-1,4,-1,0.0,1.1955555555555557,-1.3222222222222222,3.8499816502444446,0.0922222222222222,0.0144444444444444,-0.2711111111111111,0.0055555555555555,0.1603,23.281,15.535,23.2813
STEDCLILL,STEDCLIPL,HLA-A0101,0,9,9,seq_265,0,STEDCLILL,STEDCLILL,STEDCLILL,1.1144,0,STEDCLIPL,STEDCLIPL,STEDCLIPL,2.3833,substitution,"1,2,8",7,9,False,7,Conserved,2.138639626704953,0.0671589999999999,4,-3,4,-3,173.33333333333331,0.0600000000000001,1.1000000000000003,3.550065870862454,0.2433333333333333,-0.1122222222222222,-0.2244444444444444,-0.1222222222222222,1.1144,8.711,2.613,8.71077
STEDCLILLF,STEDCLIPLF,HLA-A0101,0,10,10,seq_266,0,STEDCLILLF,STEDLILLF,STEDCLILLF,0.3878,0,STEDCLIPLF,STEDLIPLF,STEDCLIPLF,0.7414,substitution,"1,2,8",7,10,False,6,Conserved,1.9118102114492008,0.0744219999999999,4,-3,4,-3,156.0,-0.2439999999999999,1.2700000000000002,3.550065870862454,0.371,-0.005,-0.335,-0.13,0.3878,8.711,2.613,8.71077
STFFLAHGLK,STFSLAHGLK,HLA-A1101,0,10,10,seq_267,0,STFFLAHGLK,STFFLAHLK,STFFLAHGLK,0.1793,0,STFSLAHGLK,STFSLAHLK,STFSLAHGLK,0.0461,substitution,"0,1,8",3,10,False,3,Conserved,0.2571109871723369,0.0775989999999999,2,-2,2,-2,88.0,-0.237,0.5999999999999999,9.702001779340208,0.31,-0.189,0.0999999999999999,-0.218,0.1793,0.141,0.035,0.141003
STGLKMAMEK,STGLKMAMER,HLA-A1101,0,10,10,seq_268,0,STGLKMAMEK,STLKMAMEK,STGLKMAMEK,0.2623,0,STGLKMAMER,STLKMAMER,STGLKMAMER,1.2077,substitution,"0,1,8",9,10,True,8,Improved,4.604269919939002,0.0083259999999999,2,2,2,2,49.0,1.1509999999999998,-0.38,9.53730092663318,-0.1199999999999999,-0.2880000000000001,0.347,-0.302,0.2623,0.001,0.001,0.000999989
SVKSCKHTEK,SVKSCKHKEK,HLA-A3001,1,10,10,seq_269,0,SVKSCKHTEK,SVKSKHTEK,SVKSCKHTEK,0.1766,0,SVKSCKHKEK,SVKSKHKEK,SVKSCKHKEK,0.5329,substitution,"0,1,2,8",7,10,False,6,Conserved,3.0175537938844847,0.0479789999999999,2,-1,2,-1,29.0,3.217,-1.4,9.582615793682637,-0.586,-0.075,0.2809999999999999,0.145,0.1766,6.361,1.819,6.3612
SVMYQGNTY,PVMYQGNTY,HLA-A2601,0,9,9,seq_271,0,SVMYQGNTY,SVMYQGNTY,SVMYQGNTY,0.0576,0,PVMYQGNTY,PVMYQGNTY,PVMYQGNTY,0.9675,substitution,"0,1,8",0,9,True,0,Improved,16.796875,0.026552,4,-1,4,-1,32.22222222222222,1.2333333333333334,-0.6,6.086602629628032,-0.0188888888888889,-0.2044444444444444,-0.2122222222222222,-0.4222222222222223,0.0576,7.981,3.991,7.98117
SVVDVFFQL,SVVDVFSQL,HLA-A0201,0,9,9,seq_272,0,SVVDVFFQL,SVVDVFFQL,SVVDVFFQL,0.1034,0,SVVDVFSQL,SVVDVFSQL,SVVDVFSQL,0.3149,substitution,"1,3,8",6,9,False,6,Conserved,3.0454545454545454,0.0718769999999999,2,-2,2,-2,140.0,-0.5933333333333332,1.5777777777777775,3.749987360555679,0.4333333333333333,0.0522222222222222,-0.4566666666666667,-0.0944444444444444,0.1034,0.101,0.101,0.1009979999999999
SVVNPIIYF,SVVNPIIYS,HLA-A2601,0,9,9,seq_273,0,SVVNPIIYF,SVVNPIIYF,SVVNPIIYF,0.0231,0,SVVNPIIY,SVVNPII-Y,SVVNPIIY,0.7406,substitution,"0,1,8",8,9,True,"7,8",Improved,32.06060606060606,0.0289009999999999,2,-2,-1,-3,151.11111111111111,-1.1911111111111112,1.4444444444444444,6.093198032584041,0.5277777777777778,0.0499999999999999,-0.3544444444444444,0.2033333333333333,0.0231,0.301,0.301,0.300993
SVVNPIIYFY,SVVNPIIYSY,HLA-A2601,0,10,10,seq_274,0,SVVNPIIYF,SVVNPIIYF,SVVNPIIYF,0.0231,0,SVVNPIIYSY,SVVNPIISY,SVVNPIIYSY,0.0252,substitution,"0,1,8",8,10,True,"7,8",Conserved,1.090909090909091,0.043489,2,-2,4,1,136.0,-1.058,1.17,6.086602629628032,0.536,0.1619999999999999,-0.415,0.131,0.0644,0.301,0.301,0.300993
TFFLAHGLK,TFSLAHGLK,HLA-A1101,0,9,9,seq_275,0,TFFLAHGLK,TFFLAHGLK,TFFLAHGLK,2.7225,0,TFSLAHGLK,TFSLAHGLK,TFSLAHGLK,4.2935,substitution,"0,1,8",2,9,False,2,Conserved,1.5770431588613405,0.081088,2,-2,2,-2,97.77777777777776,-0.6411111111111112,0.7555555555555554,9.702001779340208,0.4188888888888888,-0.0911111111111111,0.1822222222222221,-0.2544444444444445,2.7225,0.141,0.035,0.141003
TITSSAELLK,TITSSAELFK,HLA-A1101,0,10,10,seq_276,1,ITSSAELLK,ITSSAELLK,ITSSAELLK,0.1089,1,ITSSAELFK,ITSSAELFK,ITSSAELFK,0.079,substitution,"0,1,8",8,10,False,7,Conserved,0.7254361799816346,0.02236,6,0,6,0,127.00000000000004,0.7729999999999999,0.35,6.408795645926148,-0.0229999999999999,-0.277,0.0039999999999999,-0.0699999999999999,0.3218,11.851,10.026,11.8507
TLLGDPGWRV,TLLGDPGRRV,HLA-A0201,0,10,10,seq_277,1,LLGDPGWRV,LLGDPGWRV,LLGDPGWRV,0.0696,1,LLGDPGRRV,LLGDPGRRV,LLGDPGRRV,0.8069,substitution,"1,3,8",7,10,False,6,Improved,11.593390804597702,0.103222,2,-3,2,-3,107.0,0.812,-0.0199999999999999,6.338718596380204,0.184,-0.3139999999999999,0.3279999999999999,0.054,0.1518,0.001,0.001,0.000999989
TMCECMSFY,TMCECMSSY,HLA-A0101,0,9,9,seq_286,0,TMCECMSFY,TMCECMSFY,TMCECMSFY,0.9103,0,TMCECMSSY,TMCECMSSY,TMCECMSSY,1.1168,substitution,"1,2,8",7,9,False,7,Conserved,1.2268482917719434,0.059181,2,-2,2,-2,0.0,0.2977777777777777,0.588888888888889,3.849940513726324,0.2577777777777778,0.061111111111111,-0.8611111111111112,-0.2155555555555555,0.9103,45.842,22.921,45.8421
TMMFFAEHDY,TMMFLAEHDY,HLA-A0101,0,10,10,seq_287,1,MMFFAEHDY,MMFFAEHDY,MMFFAEHDY,1.0722,1,MMFLAEHDY,MMFLAEHDY,MMFLAEHDY,1.1442,substitution,"1,2,8",4,10,False,3,Conserved,1.0671516508114158,0.052369,6,0,6,0,10.0,1.043,-0.1000000000000001,4.181152219418436,0.272,0.2109999999999999,-0.39,-0.114,2.4142,31.52,12.608,31.5201
TTATISGLV,TTATVSGLV,HLA-A2601,0,9,9,seq_289,0,TTATISGLV,TTATISGLV,TTATISGLV,1.6355,0,TTATVSGLV,TTATVSGLV,TTATVSGLV,1.7325,substitution,"0,1,8",4,9,False,4,Conserved,1.0593090797921123,0.015811,3,3,3,3,129.99999999999997,-0.6133333333333333,1.2222222222222223,6.099999998230487,0.1833333333333333,-0.69,-0.1066666666666667,-0.1466666666666666,1.6355,8.871,2.218,8.87102
TTTATISGL,TTTATVSGL,HLA-A2601,0,9,9,seq_290,0,TTTATISGL,TTTATISGL,TTTATISGL,1.0496,0,TTTATVSGL,TTTATVSGL,TTTATVSGL,1.2556,substitution,"0,1,8",5,9,False,5,Conserved,1.196265243902439,0.014036,3,3,3,3,97.77777777777776,0.1211111111111111,0.6777777777777777,6.099999998230487,0.061111111111111,-0.7322222222222222,-0.1677777777777778,-0.0999999999999999,1.0496,8.871,4.436,8.87102
VIAFGSAHLFR,VIAFGSAHLYR,HLA-A3101,1,11,11,seq_291,2,AFGSAHLFR,AFGSAHLFR,AFGSAHLFR,0.247,2,AFGSAHLYR,AFGSAHLYR,AFGSAHLYR,0.1952,substitution,"0,1,8",9,11,False,7,Conserved,0.7902834008097167,0.0166979999999999,2,3,2,3,115.45454545454544,-0.1290909090909091,1.1636363636363638,10.551758703775704,0.36,-0.2163636363636363,0.1218181818181817,-0.1718181818181818,0.9981,2.221,0.74,2.22099
VIIGITIDSV,VIIGITIASV,HLA-A0201,0,10,10,seq_293,0,VIIGITIDSV,VIIGITISV,VIIGITIDSV,1.5047,1,IIGITIASV,IIGITIASV,IIGITIASV,1.1314,substitution,"1,3,8",7,10,True,"0,2,3,4,5,6",Conserved,0.7519106798697415,0.046583,2,-2,9,-8,214.0,-1.4009999999999998,2.1,3.749987360555679,0.424,-0.38,-0.051,-0.086,1.5047,0.051,0.051,0.0509984999999999
VINLLSCLPY,VIDLLSCLPY,HLA-A0101,0,10,10,seq_294,0,VINLLSCLPY,VINLLSCLY,VINLLSCLPY,3.1166,0,VIDLLSCLPY,VIDLLSCLY,VIDLLSCLPY,0.3173,substitution,"1,2,8",2,10,True,2,Conserved,0.1018096643778476,0.0375799999999999,2,1,2,1,185.0,-1.482,1.5399999999999998,5.919503211509436,0.546,-0.002,-0.283,0.014,3.1166,0.052,0.04,0.0519984999999999
VLMMPFSIV,VLVMPFSIV,HLA-A0201,0,9,9,seq_295,0,VLMMPFSIV,VLMMPFSIV,VLMMPFSIV,1.1586,0,VLVMPFSIV,VLVMPFSIV,VLVMPFSIV,2.2785,substitution,"1,3,8",2,9,False,2,Conserved,1.966597617814604,0.0427959999999999,1,1,1,1,151.11111111111111,-2.466666666666667,2.3222222222222224,6.099999998230487,0.8044444444444445,0.0633333333333333,-0.4933333333333334,0.1444444444444444,1.1586,0.061,0.061,0.061002
VSDGFTAVM,VPDGFTAVM,HLA-A0101,0,9,9,seq_296,0,VSDGFTAVM,VSDGFTAVM,VSDGFTAVM,0.4033,0,VPDGFTAVM,VPDGFTAVM,VPDGFTAVM,2.396,substitution,"1,2,8",1,9,True,1,Improved,5.940986858418051,0.0537039999999999,4,-1,4,-1,75.55555555555556,-0.1633333333333332,1.0555555555555556,3.749987360555679,0.2044444444444444,-0.5511111111111112,-0.1888888888888889,-0.1888888888888889,0.4033,49.382,24.691,49.3815
VSDMSLSLS,VSDMGLSLS,HLA-A0101,0,9,9,seq_297,0,VSDMSLSLS,VSDMSLSLS,VSDMSLSLS,1.8251,0,VSDMGLSLS,VSDMGLSLS,VSDMGLSLS,1.805,substitution,"1,2,8",4,9,False,4,Conserved,0.9889869048271328,0.061251,2,0,2,0,118.88888888888889,0.6766666666666666,0.7777777777777779,3.749987360555679,0.0733333333333333,-0.4122222222222222,-0.3855555555555556,-0.1055555555555555,1.8251,0.001,0.001,0.000999989
VSDMSLSLSS,VSDMGLSLSS,HLA-A0101,0,10,10,seq_298,0,VSDMSLSLS,VSDMSLSLS,VSDMSLSLS,1.8251,0,VSDMGLSLS,VSDMGLSLS,VSDMGLSLS,1.805,substitution,"1,2,8",4,10,False,4,Conserved,0.9889869048271328,0.050973,2,0,2,0,107.0,0.949,0.6200000000000001,3.749987360555679,-0.001,-0.478,-0.411,-0.084,3.7289,0.001,0.001,0.000999989
VTLGIFFFFY,VTLGIFSFFY,HLA-A0101,0,10,10,seq_300,1,TLGIFFFFY,TLGIFFFFY,TLGIFFFFY,1.7737,0,VTLGIFSFFY,VTLGISFFY,VTLGIFSFFY,0.7482,substitution,"1,2,8",6,10,True,"0,1,2,3,4,5",Conserved,0.4218300727293229,0.072913,2,-2,4,-11,107.0,-2.403,2.13,6.093198032584041,0.954,0.2319999999999999,-0.538,-0.305,1.8916,0.371,0.371,0.371002
VVGAAGVGK,VVGAGGVGK,HLA-A1101,1,9,9,seq_301,0,VVGAAGVGK,VVGAAGVGK,VVGAAGVGK,0.2061,0,VVGAGGVGK,VVGAGGVGK,VVGAGGVGK,0.2133,substitution,"0,1,8",4,9,False,4,Conserved,1.0349344978165935,0.046644,4,0,4,0,118.88888888888889,-1.4455555555555557,1.2333333333333334,9.700002531521022,0.09,-1.1555555555555557,0.851111111111111,-0.548888888888889,0.2061,83.542,74.943,83.5417
VVGADGVGK,VVGAGGVGK,HLA-A1101,1,9,9,seq_304,0,VVGADGVGK,VVGADGVGK,VVGADGVGK,0.4518,0,VVGAGGVGK,VVGAGGVGK,VVGAGGVGK,0.2133,substitution,"0,1,8",4,9,False,4,Conserved,0.4721115537848606,0.0800729999999999,2,-1,2,-1,107.77777777777776,-0.2755555555555555,0.6444444444444445,6.337367167230696,-0.0544444444444444,-1.051111111111111,0.8144444444444443,-0.4333333333333333,0.4518,83.542,74.943,83.5417
VVGAVGVGK,VVGAGGVGK,HLA-A1101,1,9,9,seq_305,0,VVGAVGVGK,VVGAVGVGK,VVGAVGVGK,0.1277,0,VVGAGGVGK,VVGAGGVGK,VVGAGGVGK,0.2133,substitution,"0,1,8",4,9,False,4,Conserved,1.6703210649960845,0.075257,4,-3,4,-3,140.0,-1.6933333333333331,1.5000000000000002,9.700002531521022,0.1577777777777777,-1.0244444444444445,0.7844444444444444,-0.4988888888888889,0.1277,83.542,74.943,83.5417
VVNPIIYFY,VVNPIIYSY,HLA-A0101,0,9,9,seq_306,0,VVNPIIYFY,VVNPIIYFY,VVNPIIYFY,0.1702,0,VVNPIIYSY,VVNPIIYSY,VVNPIIYSY,0.2027,substitution,"1,2,8",7,9,False,7,Conserved,1.190951821386604,0.059022,2,-2,2,-2,151.11111111111111,-1.5533333333333337,1.3888888888888888,6.086602629628032,0.67,0.2988888888888888,-0.3899999999999999,0.1333333333333333,0.1702,0.301,0.301,0.300993
VVPCEPPEV,VVPYEPPEV,HLA-A0201,1,9,9,seq_307,0,VVPCEPPEV,VVPCEPPEV,VVPCEPPEV,0.751,0,VVPYEPPEV,VVPYEPPEV,VVPYEPPEV,0.3995,substitution,"1,3,8",3,9,True,3,Conserved,0.5319573901464714,0.130743,2,-2,2,-2,96.66666666666666,0.0244444444444444,0.3666666666666668,3.61368223791942,0.0844444444444444,-0.2522222222222222,-0.12,1.16,0.751,30.79,25.648,30.7902
WADWGHRTY,WADWGHRAY,HLA-A0101,0,9,9,seq_308,0,WADWGHRTY,WADWGHRTY,WADWGHRTY,0.0969,0,WADWGHRAY,WADWGHRAY,WADWGHRAY,0.1306,substitution,"1,2,8",7,9,False,7,Conserved,1.347781217750258,0.0420319999999999,4,0,4,0,11.11111111111111,2.622222222222222,-1.5111111111111113,7.542962956242263,0.0188888888888888,0.1577777777777778,0.0955555555555555,-0.1788888888888889,0.0969,0.261,0.131,0.260996
WLSFFTVMAY,WLSLFTVMAY,HLA-A0101,0,10,10,seq_309,1,LSFFTVMAY,LSFFTVMAY,LSFFTVMAY,0.4867,1,LSLFTVMAY,LSLFTVMAY,LSLFTVMAY,0.5914,substitution,"1,2,8",3,10,True,2,Conserved,1.215122251900555,0.0457119999999999,6,0,6,0,78.0,-1.53,1.36,6.093198032584041,0.7420000000000001,0.253,-0.672,-0.308,1.9403,1.661,1.329,1.66106
WMSDSGTRL,WMSDSGTGL,HLA-A0201,0,9,9,seq_310,0,WMSDSGTRL,WMSDSGTRL,WMSDSGTRL,0.7418,0,WMSDSGTGL,WMSDSGTGL,WMSDSGTGL,0.863,substitution,"1,3,8",7,9,False,7,Conserved,1.1633863575087624,0.0568499999999999,6,-2,6,-2,43.33333333333333,2.4966666666666666,-0.6555555555555554,6.338718596380204,-0.07,-0.2122222222222222,-0.0577777777777778,-0.1655555555555555,0.7418,6.451,2.303,6.4509
WSCLGHLGY,RSCLGHLGY,HLA-A0101,0,9,9,seq_311,0,WSCLGHLGY,WSCLGHLGY,WSCLGHLGY,0.4178,0,RSCLGHLGY,RSCLGHLGY,RSCLGHLGY,0.5692,substitution,"1,2,8",0,9,False,0,Conserved,1.3623743417903305,0.046729,2,-3,2,-3,86.66666666666666,-0.7922222222222222,0.3444444444444444,7.355498301796615,0.39,-0.3044444444444443,0.0988888888888888,-0.5244444444444445,0.4178,50.012,5.551,50.0119
YLIGVIGNF,YLIGVIGNS,HLA-A2601,0,9,9,seq_313,0,YLIGVIGNF,YLIGVIGNF,YLIGVIGNF,0.2147,0,YLIGVIGNS,YLIGVIGNS,YLIGVIGNS,11.5399,substitution,"0,1,8",8,9,True,8,Improved,53.7489520260829,0.027421,2,-2,2,-2,162.2222222222222,-1.875555555555556,1.5777777777777775,6.093198032584041,0.6000000000000001,-0.3011111111111111,0.2199999999999999,-0.5677777777777778,0.2147,0.001,0.001,0.000999989
YLTSLACVEI,YPTSLACVEI,HLA-A0201,0,10,10,seq_314,0,YLTSLACVEI,YLTSLAVEI,YLTSLACVEI,2.5772,0,YPTSLACVEI,YTSLACVEI,YPTSLACVEI,22.8308,substitution,"1,3,8",1,10,True,"1,2,3,4,5",Conserved,8.858761446531119,0.04583,4,-3,8,-3,156.0,-0.8970000000000002,1.4300000000000002,3.849961610045284,0.35,-0.131,-0.297,-0.207,2.5772,1.341,0.595,1.34099
YMAELFSFI,YMAELFPFI,HLA-A2601,0,9,9,seq_315,0,YMAELFSFI,YMAELFSFI,YMAELFSFI,3.5923,0,YMAELFPFI,YMAELFPFI,YMAELFPFI,3.7665,substitution,"0,1,8",6,9,False,6,Conserved,1.0484926091918827,0.070917,4,-1,4,-1,97.77777777777776,-1.0677777777777775,1.3333333333333333,3.8499827128835022,0.6211111111111111,0.2066666666666666,-0.4366666666666667,-0.3,3.5923,1.501,0.857,1.5009800000000002
YMFSDCSTSL,YMFSDRSTSL,HLA-A0201,0,10,10,seq_316,0,YMFSDCSTSL,YMFSDSTSL,YMFSDCSTSL,0.3347,0,YMFSDRSTSL,YMFDRSTSL,YMFSDRSTSL,0.1681,substitution,"1,3,8",5,10,True,"3,4",Conserved,0.502240812668061,0.107458,2,-3,0,-2,39.0,1.0100000000000002,0.3099999999999999,3.749971055891365,0.118,-0.171,-0.736,-0.093,0.3347,0.741,0.741,0.740977
YSSALDLCY,YSSALNLCY,HLA-A0101,0,9,9,seq_317,0,YSSALDLCY,YSSALDLCY,YSSALDLCY,0.0396,0,YSSALNLCY,YSSALNLCY,YSSALNLCY,0.0371,substitution,"1,2,8",5,9,False,5,Conserved,0.9368686868686869,0.0569499999999999,2,1,2,1,97.77777777777776,0.3188888888888889,0.4666666666666667,3.749970651697368,0.1977777777777778,-0.1444444444444445,-0.4733333333333333,-0.2411111111111111,0.0396,0.061,0.061,0.061002
YSSEENLIF,YSSEGNLIF,HLA-A0101,0,9,9,seq_318,0,YSSEENLIF,YSSEENLIF,YSSEENLIF,0.5513,0,YSSEGNLIF,YSSEGNLIF,YSSEGNLIF,0.4778,substitution,"1,2,8",4,9,False,4,Conserved,0.866678759296209,0.0884329999999999,2,-2,2,-2,86.66666666666666,1.5977777777777775,-0.2555555555555555,3.613691097591072,0.0077777777777777,0.0533333333333332,-0.1222222222222222,-0.2233333333333333,0.5513,0.392,0.301,0.391988
YTAPYPHPA,YTAPHPHPA,HLA-A0201,0,9,9,seq_319,0,YTAPYPHPA,YTAPYPHPA,YTAPYPHPA,0.4598,0,YTAPHPHPA,YTAPHPHPA,YTAPHPHPA,0.4933,substitution,"1,3,8",4,9,False,4,Conserved,1.072857764245324,0.0765529999999999,2,2,2,2,22.22222222222222,0.4322222222222221,-0.8555555555555557,7.534655152820051,0.1566666666666666,-0.2266666666666667,-0.1811111111111111,1.0799999999999998,0.4598,0.021,0.019,0.0209994999999999
YTDFHCQYV,YTDFPCQYV,HLA-A0101,1,9,9,seq_320,0,YTDFHCQY,YTD-FHCQY,YTDFHCQY,0.0241,0,YTDFPCQY,YTD-FPCQY,YTDFPCQY,0.0261,substitution,"1,2,8",4,9,False,5,Conserved,1.08298755186722,0.146931,2,-2,2,-2,32.22222222222222,1.4966666666666666,-0.4444444444444443,5.289758428465575,0.0888888888888889,0.251111111111111,-0.57,-0.0299999999999999,0.2237,8.541,8.541,8.54097
YTDFHCQYVK,YTDFPCQYVK,HLA-A0101,1,10,10,seq_321,0,YTDFHCQY,YTD-FHCQY,YTDFHCQY,0.0241,0,YTDFPCQY,YTD-FPCQY,YTDFPCQY,0.0261,substitution,"1,2,8",4,10,False,5,Conserved,1.08298755186722,0.128942,2,-2,2,-2,29.0,1.902,-0.7899999999999998,7.352014332078397,-0.0369999999999999,0.296,-0.35,-0.0139999999999999,0.8414,8.541,8.541,8.54097
YTFLIFSDY,YTFLISSDY,HLA-A0101,0,9,9,seq_323,0,YTFLIFSDY,YTFLIFSDY,YTFLIFSDY,0.3937,0,YTFLISSDY,YTFLISSDY,YTFLISSDY,0.1717,substitution,"1,2,8",5,9,False,5,Conserved,0.4361188722377445,0.082617,2,-2,2,-2,86.66666666666666,-0.0922222222222221,0.7,3.7499865652062,0.5255555555555556,0.321111111111111,-0.6733333333333333,-0.1255555555555555,0.3937,30.211,20.151,30.211
YTFLIFSDY,YTFLISSDY,HLA-A2601,0,9,9,seq_322,0,YTFLIFSDY,YTFLIFSDY,YTFLIFSDY,0.1328,0,YTFLISSDY,YTFLISSDY,YTFLISSDY,0.0805,substitution,"0,1,8",5,9,False,5,Conserved,0.6061746987951807,0.082617,2,-2,2,-2,86.66666666666666,-0.0922222222222221,0.7,3.7499865652062,0.5255555555555556,0.321111111111111,-0.6733333333333333,-0.1255555555555555,0.1328,30.211,20.151,30.211
YTIEEFMEL,YTMEEFMEL,HLA-A2601,0,9,9,seq_324,0,YTIEEFMEL,YTIEEFMEL,YTIEEFMEL,0.0888,0,YTMEEFMEL,YTMEEFMEL,YTMEEFMEL,0.1655,substitution,"0,1,8",2,9,False,2,Conserved,1.8637387387387387,0.0389509999999999,3,1,3,1,86.66666666666666,0.8855555555555554,0.0555555555555555,3.472799689974636,0.21,0.33,-0.1433333333333333,-0.1888888888888889,0.0888,0.141,0.035,0.141003
YTSEHAASV,YTPEHAASV,HLA-A0201,0,9,9,seq_325,0,YTSEHAASV,YTSEHAASV,YTSEHAASV,0.2463,0,YTPEHAASV,YTPEHAASV,YTPEHAASV,0.2824,substitution,"1,3,8",2,9,False,2,Conserved,1.1465692245229395,0.0667959999999999,4,-1,4,-1,54.44444444444444,1.48,-0.2777777777777778,5.363445803988725,-0.18,-0.4355555555555555,-0.0788888888888888,-0.0255555555555555,0.2463,0.861,0.861,0.8610089999999999
YVDVTYNFI,YVDVTYDFI,HLA-A0101,0,9,9,seq_326,0,YVDVTYNF,YVD-VTYNF,YVDVTYNF,1.1718,0,YVDVTYDFI,YVDVTYDFI,YVDVTYDFI,1.2899,substitution,"1,2,8",6,9,False,"3,4,5,6,7,8",Conserved,1.1007851169141492,0.0519129999999999,2,1,1,-14,107.77777777777776,0.2477777777777778,0.6000000000000001,3.7499865652062,0.3388888888888889,0.2144444444444444,-0.4355555555555555,-0.1422222222222222,1.2849,0.151,0.05,0.150998
YVDVTYNFII,YVDVTYDFII,HLA-A0101,0,10,10,seq_327,0,YVDVTYNF,YVD-VTYNF,YVDVTYNF,1.1718,0,YVDVTYDFI,YVDVTYDFI,YVDVTYDFI,1.2899,substitution,"1,2,8",6,10,True,"3,4,5,6,7,8",Conserved,1.1007851169141492,0.0491629999999999,2,1,1,-14,136.0,-0.2689999999999999,0.99,3.7499865652062,0.432,0.223,-0.408,-0.1409999999999999,5.472,0.151,0.05,0.150998
YVKLANLSY,YVKLANLPY,HLA-A2601,0,9,9,seq_328,0,YVKLANLSY,YVKLANLSY,YVKLANLSY,0.0914,0,YVKLANLPY,YVKLANLPY,YVKLANLPY,0.2358,substitution,"0,1,8",7,9,False,7,Conserved,2.5798687089715537,0.0505889999999999,4,-1,4,-1,129.99999999999997,0.02,0.3111111111111111,9.145600226707757,0.2244444444444445,0.0888888888888888,0.0088888888888888,-0.3722222222222222,0.0914,0.001,0.001,0.000999989
YVVTISSLL,HVVTISSLL,HLA-A2601,0,9,9,seq_329,0,YVVTISSLL,YVVTISSLL,YVVTISSLL,0.353,0,HVVTISSLL,HVVTISSLL,HVVTISSLL,0.2708,substitution,"0,1,8",0,9,True,0,Conserved,0.7671388101983003,0.018498,2,2,2,2,194.44444444444443,-1.481111111111111,1.877777777777778,6.093198032584041,0.4933333333333334,-0.0933333333333333,-0.3899999999999999,-0.1488888888888889,0.353,1.301,0.548,1.30098
