HLA,agg_label,Peptide,wild_type,icore_mut,core_mut,len,EL_rank_mut,trueHLA_EL_rank_x,icore_mut_start,len_icore_mut,icore_wt_aligned,icore_dissimilarity_score,icore_len_mut,icore_len_wt,icore_anchor,icore_mutation_position,icore_anchor_mutation,icore_mut_score,icore_blsm_mut_score,aliphatic_index,boman,hydrophobicity,isoelectric_point,VHSE1,VHSE3,VHSE7,VHSE8,trueHLA_EL_rank_y,Total Peptide TPM,Total Scaled Peptide TPM,Total Gene TPM
HLA-B5701,1,AALGCISLLW,AALGCISLLC,AALGCISLLW,AALGISLLW,10,0.078,0.2374,0,10,AALGCISLLC,0.993547,10,10,"1,9",9,True,2,-2,176.0,-2.4450000000000003,1.9900000000000002,5.922539790626615,0.6460000000000001,-0.36900000000000005,-0.045000000000000054,-0.522,0.2374,2.181,2.181,2.18102
HLA-B5701,0,AAYGYWFKGW,AAYGYWFKGR,AAYGYWFKGW,AAYGYWFKW,10,0.3664,0.4358,0,10,AAYGYWFKGR,0.978725,10,10,"1,9",9,True,2,-3,20.0,-0.7310000000000001,-0.27,9.145600226707757,0.44699999999999995,-0.03799999999999999,0.10999999999999995,-0.645,0.4358,0.171,0.114,0.171004
HLA-A3101,1,ALAPALWWR,ALAPALWWG,ALAPALWWR,ALAPALWWR,9,0.1434,0.1684,0,9,ALAPALWWG,0.978725,9,9,"0,1,8",8,True,6,-2,120.0,-0.5566666666666666,0.5666666666666667,10.550002220086753,0.5466666666666666,0.10999999999999995,0.03666666666666666,0.0011111111111111243,0.1684,0.291,0.097,0.291002
HLA-A1101,1,ALSYLVSFQR,ALSYLVSFQT,LSYLVSFQR,LSYLVSFQR,10,0.6257,0.9644,1,9,LSYLVSFQT,0.951034,9,9,"0,1,8",8,True,2,-1,118.88888888888887,1.171111111111111,0.41111111111111104,9.348807885311544,0.20444444444444446,0.21777777777777774,-0.2833333333333333,-0.15000000000000002,0.9644,0.151,0.151,0.150998
HLA-B5701,0,APKTSPPGRSF,APKTSPPGRSS,KTSPPGRSF,KTSPPGRSF,11,0.0222,0.4298,2,9,KTSPPGRSS,0.987735,9,9,"1,8",8,True,2,-2,0.0,2.88,-1.2777777777777777,11.651775666512549,-0.28444444444444444,-0.38,0.12888888888888886,0.7944444444444444,0.4298,90.591,6.341,90.5913
HLA-A1101,0,ASAEWRRRR,DSAEWRRRR,ASAEWRRRR,ASAEWRRRR,9,1.2456,1.5684,0,9,DSAEWRRRR,0.937833,9,9,"0,1,8",0,True,2,-2,22.22222222222222,7.104444444444444,-2.177777777777778,12.500054662115872,-0.6588888888888889,0.3422222222222222,0.5755555555555555,0.1822222222222222,1.5684,0.151,0.151,0.150998
HLA-A0301,0,ATKGSLVDDK,ATKGSLVDDE,ATKGSLVDDK,ATKGSLVDK,10,0.5168,0.5414,0,10,ATKGSLVDDE,0.946892,10,10,"0,1,9",9,True,2,1,78.0,2.2800000000000002,-0.69,6.4473000331781805,-0.358,-0.483,0.41,-0.058999999999999976,0.5414,0.011,0.007,0.0109996
HLA-B0702,1,ATPKLRAPPL,ATPKLRAPPP,TPKLRAPPL,TPKLRAPPL,10,0.0238,0.4477,1,9,TPKLRAPPP,0.921524,9,9,"1,8",8,True,4,-3,97.77777777777776,1.2655555555555553,-0.5000000000000001,11.651775666512549,0.06111111111111113,-0.08222222222222224,0.23222222222222225,1.1455555555555557,0.4477,5.261,0.81,5.26086
HLA-C0702,0,ATPSRVPGF,ATPSRVPGS,ATPSRVPGF,ATPSRVPGF,9,1.3626,0.8692,0,9,ATPSRVPGS,0.972047,9,9,"1,8",8,True,2,-2,43.33333333333333,1.2355555555555555,-0.08888888888888892,10.550002220086753,0.021111111111111105,-0.5077777777777777,0.03222222222222218,0.711111111111111,0.8692,0.351,0.088,0.35099
HLA-A3101,0,ATTKDTYRR,ATTKDTYRH,ATTKDTYRR,ATTKDTYRR,9,0.4316,0.2864,0,9,ATTKDTYRH,0.92079,9,9,"0,1,8",8,True,2,0,11.11111111111111,5.572222222222223,-2.0,10.446455671451986,-0.6133333333333333,0.10444444444444444,0.14333333333333334,0.28,0.2864,13.341,6.671,13.341
HLA-A3101,1,AWASREPLRPR,AWASREPLRPW,ASREPLRPR,ASREPLRPR,11,0.0145,1.7384,2,9,ASREPLRPW,0.960826,9,9,"0,1,8",8,True,2,-3,54.44444444444444,5.36,-1.7111111111111112,12.199133926071227,-0.47888888888888886,0.08444444444444446,0.47,0.9600000000000001,1.7384,0.181,0.181,0.181005
HLA-A2501,0,DALSSLFNI,DGLSSLFNI,DALSSLFNI,DALSSLFNI,9,2.9695,1.9455,0,9,DGLSSLFNI,0.952946,9,9,"0,1,8",1,True,4,0,141.1111111111111,0.29000000000000004,0.8999999999999999,3.7499873605556786,0.24222222222222228,-0.2544444444444445,-0.16555555555555557,-0.22999999999999998,1.9455,3.281,2.343,3.28092
HLA-A2501,1,DDIYPIDFY,DDIYPIDFH,DIYPIDFY,DIY-PIDFY,9,0.9639,1.8598,1,8,DIYPIDFH,0.952425,8,8,"0,1,2,7",7,True,2,2,97.5,0.6125000000000003,0.07499999999999996,3.491881173569709,0.4,0.3225,-0.46249999999999997,0.3975,1.8598,9.831,3.274,9.83074
HLA-C0602,1,DHYAYSYYL,DHYAYSYYP,DHYAYSYYL,DHYAYSYYL,9,1.063,0.7655,0,9,DHYAYSYYP,0.986012,9,9,"1,8",8,True,4,-3,54.44444444444444,1.178888888888889,-0.788888888888889,5.292017084080726,0.1888888888888889,0.28666666666666657,-0.3422222222222222,-0.2066666666666667,0.7655,9.761,2.44,9.7608
HLA-B5101,0,DPPLLFDIL,DPPLLFDIS,DPPLLFDI,DP-PLLFDI,9,0.5175,0.3961,0,8,DPPLLFDI,0.952346,8,8,"1,7",-1,True,0,4,146.25,-0.03749999999999987,0.5874999999999999,3.49188149953261,0.45625000000000004,0.020000000000000018,-0.20625,0.8337500000000001,0.3961,3.602,2.17,3.60209
HLA-A2501,0,DTLGVGGFGL,DTLGVGGFGR,DTLGVGGFGL,DTLGGGFGL,10,1.8395,0.9322,0,10,DTLGVGGFGR,0.978451,10,10,"0,1,9",9,True,4,-2,107.0,-0.9329999999999998,0.8800000000000001,3.7499873605556786,0.271,-0.9969999999999999,0.587,-0.588,0.9322,1.311,0.562,1.31103
HLA-A2501,0,DVKDISFLFR,DVKDISFLLR,DVKDISFLF,DVKDISFLF,10,0.0086,1.9493,0,9,DVKDISFLL,0.978451,9,9,"0,1,8",8,True,6,0,118.88888888888887,0.7277777777777776,0.7111111111111111,4.109250801149756,0.2544444444444445,0.13555555555555554,-0.21444444444444444,0.02000000000000001,1.9493,11.371,2.843,11.3711
HLA-C0602,0,EADLRVQSL,EATLRTQSL,EADLRVQSL,EADLRVQSL,9,1.872,1.5969,0,9,EATLRTQSL,0.935611,9,9,"1,8","2,5",True,0,-1,129.99999999999997,2.6333333333333337,-0.24444444444444446,4.184407676104456,-0.19999999999999996,-0.08444444444444446,0.18666666666666668,-0.0711111111111111,1.5969,5.471,3.042,5.47098
HLA-A2501,0,EDDVKDISFLF,EDDVKDISFLL,DVKDISFLF,DVKDISFLF,11,0.0086,1.4223,2,9,DVKDISFLL,0.986012,9,9,"0,1,8",8,True,6,0,118.88888888888887,0.7277777777777776,0.7111111111111111,4.109250801149756,0.2544444444444445,0.13555555555555554,-0.21444444444444444,0.02000000000000001,1.4223,11.371,2.843,11.3711
HLA-B1801,1,EEFRLLNL,EEFRLLNP,EEFRLLNL,EEF-RLLNL,8,0.1412,0.4945,0,8,EEFRLLNP,0.961824,8,8,"1,7",7,True,4,-3,146.25,2.1799999999999997,-0.09999999999999998,4.258147492539138,0.09750000000000009,0.38875000000000004,0.345,-0.24875000000000003,0.4945,14.731,9.826,14.7312
HLA-B1801,1,EEVSYFNVQY,EEVSYFNVQS,EEVSYFNVQY,EEVSFNVQY,10,0.0594,0.0571,0,10,EEVSYFNVQS,0.944535,10,10,"0,1,9",9,True,2,-2,57.99999999999999,1.8419999999999999,-0.6199999999999999,3.6136908694170415,-0.07200000000000001,0.18999999999999997,-0.202,-0.23600000000000004,0.0571,0.081,0.027,0.0810019
HLA-C0701,1,EHMGMVLLL,EHMGMVLLP,EHMGMVLLL,EHMGMVLLL,9,0.5868,0.525,0,9,EHMGMVLLP,1.0,9,9,"1,8",8,True,4,-3,162.2222222222222,-1.4411111111111112,1.3666666666666667,5.363507221918553,0.5611111111111112,-0.04333333333333331,0.2366666666666667,-0.4355555555555556,0.525,0.971,0.486,0.970971
HLA-A1101,0,FIKKPKSWK,FIKKPKSWE,FIKKPKSWK,FIKKPKSWK,9,1.5674,1.5808,0,9,FIKKPKSWE,1.0,9,9,"0,1,8",8,True,2,1,43.33333333333333,1.7077777777777774,-1.2888888888888888,11.278334052301943,-0.09333333333333331,0.47555555555555556,0.3544444444444444,0.3344444444444445,1.5808,0.001,0.001,0.000999989
HLA-A0201,1,FISAFRLSV,PISAFRLSV,FISAFRLSV,FISAFRLSV,9,0.4909,0.5114,0,9,PISAFRLSV,0.93726,9,9,"1,3,8",0,False,0,-4,129.99999999999997,0.007777777777777711,1.5333333333333334,10.550002220086753,0.4188888888888889,0.01777777777777781,-0.288888888888889,-0.06777777777777778,0.5114,9.001,7.201,9.00109
HLA-A0201,0,FLYDPSFNEAT,FPYDPSFNEAT,FLYDPSFNEA,FLYDPSFEA,11,0.0628,0.4464,0,10,FPYDPSFNEA,1.0,10,10,"0,1,2,4,9",1,True,4,-3,49.0,1.3019999999999998,-0.3000000000000001,3.550073361489922,0.13899999999999998,-0.01499999999999999,-0.23399999999999999,0.143,0.4464,2.481,0.414,2.48096
HLA-B5701,0,GGEVDSQALW,GGEVDSQALQ,GGEVDSQALW,GGVDSQALW,10,0.8989,0.6244,0,10,GGEVDSQALQ,0.89482,10,10,"1,9",9,True,0,-2,78.0,0.9490000000000002,-0.31999999999999995,3.5500735570676625,-0.05899999999999998,-0.583,0.33099999999999996,-0.438,0.6244,30.061,17.165,30.0606
HLA-A1101,0,GLVELVQLK,GRVELVQLK,GLVELVQLK,GLVELVQLK,9,0.4274,0.3944,0,9,GRVELVQLK,0.95645,9,9,"0,1,8",1,True,4,-2,194.44444444444443,-0.6533333333333333,0.9444444444444444,6.408795645926148,0.2322222222222223,-0.1011111111111111,0.4566666666666666,-0.3911111111111112,0.3944,1.311,0.562,1.31103
HLA-C0702,1,GMVDPSLNF,GMVDPSLNP,GMVDPSLNF,GMVDPSLNF,9,1.2226,0.694,0,9,GMVDPSLNP,0.935708,9,9,"1,8",8,True,0,-4,75.55555555555556,0.3922222222222222,0.3222222222222222,3.7499873605556786,0.2066666666666667,-0.3777777777777777,-0.045555555555555585,0.06222222222222223,0.694,9.001,7.201,9.00109
HLA-C0602,0,GREREGSFY,GREREGSFH,GREREGSFY,GREREGSFY,9,5.3934,1.5852,0,9,GREREGSFH,0.980503,9,9,"1,8",8,True,2,2,0.0,4.682222222222222,-1.788888888888889,6.526612716726959,-0.47111111111111115,-0.16888888888888884,0.6122222222222221,-0.1766666666666667,1.5852,9.432,9.432,9.43216
HLA-A0301,0,HLRAPAEPMAK,HLRAPAEPMAE,HLRAPAEPMAK,HLRAPPMAK,11,0.1598,0.2813,0,11,HLRAPAEPMAE,0.951006,11,11,"0,1,10",10,True,2,1,62.72727272727272,1.7490909090909093,-0.6545454545454544,9.697026920504868,-0.08999999999999998,-0.1681818181818182,0.42636363636363633,0.5463636363636364,0.2813,0.101,0.051,0.1009979999999999
HLA-A1101,0,ILSCSDTSIFK,ILSCSDTSIFE,LSCSDTSIFK,LSSDTSIFK,11,0.4795,1.4381,1,10,LSCSDTSIFE,0.953856,10,10,"0,1,9",9,True,2,1,78.0,1.294,0.31,6.160569088067859,-0.03399999999999999,-0.23100000000000004,-0.40700000000000003,0.027000000000000007,1.4381,0.001,0.001,0.000999989
HLA-B5101,0,IPALQLLL,ILALQLLL,IPALQLLL,IPA-LQLLL,8,0.1713,0.232,0,8,ILALQLLL,0.929637,8,8,"1,7",1,True,4,-3,256.25,-2.6087499999999997,2.05,6.099999998230487,0.765,0.00874999999999998,0.01625,0.007500000000000007,0.232,0.331,0.166,0.330999
HLA-C0702,0,IRPSYRQDY,IGPSYRQDY,IRPSYRQDY,IRPSYRQDY,9,0.0509,0.3384,0,9,IGPSYRQDY,0.94654,9,9,"1,8",1,True,6,-2,43.33333333333333,4.762222222222222,-1.8333333333333333,9.171062766574323,-0.33444444444444443,0.36888888888888893,-0.053333333333333316,0.4788888888888889,0.3384,0.061,0.037,0.061002
HLA-C0602,0,IRPYSEMVI,IRPYSEMVT,IRPYSEMVI,IRPYSEMVI,9,0.2283,0.3956,0,9,IRPYSEMVT,0.94654,9,9,"1,8",8,True,3,-1,118.88888888888887,1.0044444444444443,0.3777777777777777,6.403313373681158,0.2022222222222222,0.2,-0.1111111111111111,0.33666666666666667,0.3956,9.101,1.82,9.10084
HLA-A0301,0,ISKGDFPLEK,ISKGDFPLEE,ISKGDFPLEK,ISKDFPLEK,10,0.6961,0.5819,0,10,ISKGDFPLEE,0.940675,10,10,"0,1,9",9,True,2,1,78.0,1.627,-0.65,6.492975460831076,-0.11699999999999997,-0.149,0.39699999999999996,0.22199999999999998,0.5819,0.886,0.222,0.886021
HLA-B5701,0,KGSLQGELQI,KGPLQGELQI,KGSLQGELQI,KSLQGELQI,10,1.6381,1.389,0,10,KGPLQGELQI,0.943505,10,10,"1,9",2,False,4,-1,117.00000000000001,1.0199999999999998,-0.39,6.408795645926148,-0.13499999999999995,-0.41500000000000004,0.5519999999999998,-0.461,1.389,5.621,0.512,5.6209
HLA-A3101,0,KIQQALNIQR,KIQQALNIQQ,KIQQALNIQR,KIQQALIQR,10,0.1219,0.2636,0,10,KIQQALNIQQ,0.929989,10,10,"0,9",9,True,2,1,127.00000000000003,2.716,-0.78,11.651775666512549,-0.246,0.172,0.318,-0.24300000000000002,0.2636,2.041,0.341,2.04103
HLA-C0602,0,KPRQPVVHIW,KPLQPVVHIW,PRQPVVHIW,PRQPVVHIW,10,0.9616,1.6225,1,9,PLQPVVHIW,0.977492,9,9,"1,8",1,True,4,-2,107.77777777777777,1.087777777777778,-0.26666666666666666,10.551758703775704,0.2077777777777778,0.2822222222222222,2.4671622769447922e-17,0.7944444444444444,1.6225,26.56,14.475,26.5603
HLA-C0602,0,KQRPPRLERM,KQRPPRLERT,QRPPRLERM,QRPPRLERM,10,0.0429,1.2456,1,9,QRPPRLERT,1.0,9,9,"1,8",8,True,1,-1,43.33333333333333,5.5377777777777775,-2.0,12.199133926071227,-0.41555555555555557,0.42111111111111116,0.3833333333333333,0.88,1.2456,17.191,13.753,17.1912
HLA-C0602,1,KRIPLPPHLC,ERIPLPPHLC,KRIPLPPHL,KRIPLPPHL,10,0.0067,1.8949,0,9,ERIPLPPHL,0.853693,9,9,"1,8",0,False,2,1,129.99999999999997,1.152222222222222,-0.47777777777777797,11.651789722032845,0.1755555555555556,0.20333333333333334,0.3655555555555555,1.2133333333333336,1.8949,6.581,2.632,6.58097
HLA-B5701,1,KSKLVRHQRI,KSKLVRHQRT,KSKLVRHQRI,KSKLVHQRI,10,3.3559,1.8242,0,10,KSKLVRHQRT,0.976902,10,10,"1,9",9,True,3,-1,107.0,4.066,-1.1800000000000002,12.531747774221003,-0.3949999999999999,0.38499999999999995,0.563,0.14900000000000002,1.8242,2.601,2.601,2.60106
HLA-A0301,1,KTGYTGVFR,KTGYTGVFG,KTGYTGVFR,KTGYTGVFR,9,0.8182,0.5055,0,9,KTGYTGVFG,0.944316,9,9,"0,1,8",8,True,6,-2,32.22222222222222,1.8722222222222225,-0.5444444444444444,10.454924617893994,-0.0922222222222222,-0.2733333333333333,0.3155555555555555,-0.18777777777777782,0.5055,0.631,0.21,0.630995
HLA-B5701,0,KTSPPGRSFCP,KTSPPGRSSCP,KTSPPGRSF,KTSPPGRSF,11,0.0222,1.1474,0,9,KTSPPGRSS,0.966301,9,9,"1,8",8,True,2,-2,0.0,2.88,-1.2777777777777777,11.651775666512549,-0.28444444444444444,-0.38,0.12888888888888886,0.7944444444444444,1.1474,90.591,6.341,90.5913
HLA-A1101,0,KVLNMAAK,KVLNMAAE,KVLNMAAK,KVL-NMAAK,8,2.5693,1.9096,0,8,KVLNMAAE,0.952547,8,8,"0,1,2,3,7",7,True,2,1,110.00000000000001,0.3512499999999999,0.2750000000000001,10.805379563011229,0.012500000000000011,-0.13125000000000003,0.46124999999999994,-0.35375,1.9096,1.032,0.772,1.03199
HLA-A1101,0,LADNHKTSK,LPDNHKTSK,LADNHKTSK,LADNHKTSK,9,1.3015,1.3915,0,9,LPDNHKTSK,0.952547,9,9,"0,1,8",1,True,4,-1,54.44444444444444,3.373333333333333,-1.5444444444444445,9.53937175590545,-0.48999999999999994,-0.18000000000000005,0.44,0.007777777777777772,1.3915,8.921,4.461,8.92097
HLA-B5701,0,LAHARRPIAQW,LAHARRPIAQR,HARRPIAQW,HARRPIAQW,11,0.0166,0.611,2,9,HARRPIAQR,0.958026,9,9,"1,8",8,True,2,-3,65.55555555555554,3.2411111111111106,-1.1222222222222225,12.50011018011719,-0.11555555555555551,0.21333333333333332,0.2988888888888889,0.39111111111111113,0.611,0.631,0.316,0.630995
HLA-B1801,0,LEQPDAEQW,LGQPDAEQW,LEQPDAEQW,LEQPDAEQW,9,0.5744,0.5858,0,9,LGQPDAEQW,0.950258,9,9,"1,8",1,True,2,-2,54.44444444444444,2.7066666666666666,-1.6,3.42471199342981,-0.24444444444444435,0.049999999999999996,0.07666666666666669,0.1544444444444444,0.5858,3.892,3.402,3.89195
HLA-A0201,0,LLLPAFQPL,LPLPAFQPL,LLLPAFQPL,LLLPAFQPL,9,0.2865,0.5147,0,9,LPLPAFQPL,0.946592,9,9,"1,3,8",1,True,4,-3,184.44444444444443,-2.1033333333333335,1.4555555555555553,6.099999998230487,0.7322222222222223,0.02555555555555553,-0.13666666666666666,0.39444444444444443,0.5147,0.971,0.486,0.970971
HLA-B5101,0,LPFLEEIL,LPFLEEIS,LPFLEEIL,LPF-LEEIL,8,0.3253,0.25,0,8,LPFLEEIS,0.96265,8,8,"1,7",7,True,2,-2,195.0,-1.1300000000000001,1.2625,3.613691325765103,0.59125,0.25499999999999995,0.04749999999999999,0.17625000000000002,0.25,3.531,2.119,3.53106
HLA-C0702,0,LRMDMLASF,LRMDMLAST,LRMDMLASF,LRMDMLASF,9,0.0843,0.0188,0,9,LRMDMLAST,0.946592,9,9,"1,8",8,True,0,-2,97.77777777777776,0.8566666666666668,0.7999999999999998,6.338718596380204,0.3466666666666667,0.10555555555555557,-0.20444444444444443,-0.19777777777777777,0.0188,2039.64,226.4,2039.64
HLA-C0602,0,LRVQSLRDV,LRVQHLRDH,LRVQSLRDV,LRVQSLRDV,9,0.436,0.7951,0,9,LRVQHLRDH,0.946592,9,9,"1,8","4,8",True,0,-4,151.11111111111111,3.286666666666667,-0.08888888888888886,10.397768874652684,-0.16444444444444448,0.17333333333333334,0.16333333333333336,0.0688888888888889,0.7951,4.841,4.841,4.84098
HLA-B5101,0,LSSITMPKI,LSSITMPKM,SSITMPKI,SSI-TMPKI,9,1.2595,1.9205,1,8,SSITMPKM,0.946592,8,8,"1,7",7,True,3,1,97.5,0.3412499999999999,0.38749999999999996,9.700002531521022,0.11499999999999999,-0.18250000000000002,-0.22625,0.42,1.9205,0.001,0.001,0.000999989
HLA-B5701,0,LSTWAGLKPSW,LSTWAGLKPSR,STWAGLKPSW,STWGLKPSW,11,0.0119,0.6456,1,10,STWAGLKPSR,0.946592,10,10,"1,9",9,True,2,-3,49.0,0.259,-0.44000000000000006,9.700002531521022,0.168,-0.253,-0.020000000000000028,0.016000000000000004,0.6456,26.812,26.812,26.8119
HLA-B5701,0,LTAIQSFFF,LTAICLFFG,LTAIQSFFF,LTAIQSFFF,9,0.4438,1.2749,0,9,LTAICLFFG,0.970874,9,9,"1,8","4,5,8",True,2,-8,97.77777777777776,-1.008888888888889,1.5,6.099999998230487,0.5966666666666667,0.08333333333333329,-0.5933333333333333,-0.19333333333333333,1.2749,0.001,0.001,0.000999989
HLA-B5701,0,LTLVPYTLVW,LTLVPYTLVR,LTLVPYTLVW,LTLPYTLVW,10,0.0188,0.2768,0,10,LTLVPYTLVR,0.937434,10,10,"1,9",9,True,2,-3,175.0,-1.989,1.46,6.093198032584041,0.725,0.20999999999999996,-0.39799999999999996,0.10500000000000002,0.2768,1.301,0.433,1.30098
HLA-C1502,1,LVRRTLLHV,LVRRTLLHA,LVRRTLLHV,LVRRTLLHV,9,1.3372,1.8239,0,9,LVRRTLLHA,0.978119,9,9,"1,8",8,True,4,0,194.44444444444443,1.5811111111111111,0.7666666666666666,12.50011018011719,0.21000000000000005,0.3377777777777778,0.2777777777777778,0.08666666666666664,1.8239,0.002,0.002,0.00199998
HLA-B1801,0,MEGNGNGY,MEGNGNGH,MEGNGNGY,ME-GNGNGY,8,0.5057,0.4393,0,8,MEGNGNGH,0.941797,8,8,"1,7",7,True,2,2,0.0,1.8824999999999998,-1.3875,3.8499827128835022,-0.26749999999999996,-0.86625,0.8225,-0.8500000000000001,0.4393,41.75,35.78,41.7499
HLA-A2501,1,NISEDVIFF,NISEDVIFS,NISEDVIFF,NISEDVIFF,9,0.2942,0.2223,0,9,NISEDVIFS,0.947615,9,9,"0,1,8",8,True,2,-2,118.88888888888887,0.6366666666666667,0.8333333333333334,3.5500735570676625,0.2611111111111112,0.06666666666666667,-0.24333333333333332,-0.08888888888888889,0.2223,14.911,2.982,14.9109
HLA-A0301,0,NLNQIGHQK,NLNQIGHQE,NLNQIGHQK,NLNQIGHQK,9,0.4144,0.3811,0,9,NLNQIGHQE,0.994028,9,9,"0,1,8",8,True,2,1,86.66666666666666,2.643333333333333,-1.4666666666666668,9.702001779340208,-0.34111111111111103,-0.14222222222222222,0.6166666666666667,-0.4144444444444445,0.3811,0.201,0.201,0.201005
HLA-B5101,1,PVKNLPQV,PVKNLPQM,PVKNLPQV,-PVKNLPQV,8,1.0429,1.3715,0,8,PVKNLPQM,0.941091,8,8,"1,7",7,True,1,1,121.24999999999999,0.5912499999999998,-0.2375000000000001,9.700002531521022,0.024999999999999994,-0.05875000000000001,0.1725,0.67,1.3715,4.661,4.661,4.66087
HLA-B5701,1,QSAHFRGW,QRAHFRGW,QSAHFRGW,QSA-HFRGW,8,0.5715,0.5848,0,8,QRAHFRGW,0.956409,8,8,"0,1,7",1,True,6,-1,12.5,2.5575,-1.0875,10.551758703775704,-0.06999999999999998,-0.06374999999999997,0.17749999999999996,-0.21125,0.5848,36.502,36.502,36.5019
HLA-A1101,0,QTFPRESCK,QNFPRESCK,QTFPRESCK,QTFPRESCK,9,0.1587,0.4471,0,9,QNFPRESCK,0.956409,9,9,"0,1,8",1,True,2,0,0.0,3.836666666666667,-1.4666666666666668,8.545125282369554,-0.43,0.06666666666666665,-0.10222222222222221,0.47111111111111104,0.4471,11.471,5.736,11.4708
HLA-A3101,0,RANLSSQALR,RANLSSQALQ,RANLSSQALR,RANSSQALR,10,0.3855,0.3115,0,10,RANLSSQALQ,0.957893,10,10,"0,9",9,True,2,1,98.0,3.536,-0.64,12.500109306536615,-0.32099999999999995,-0.18300000000000008,0.273,-0.15299999999999997,0.3115,0.061,0.041,0.061002
HLA-A0301,0,RAPAEPMAK,RAPAEPMAE,RAPAEPMAK,RAPAEPMAK,9,0.7542,0.6402,0,9,RAPAEPMAE,0.98096,9,9,"0,1,8",8,True,2,1,33.33333333333333,2.1666666666666665,-0.8666666666666666,9.695027685724199,-0.21333333333333332,-0.2866666666666667,0.40888888888888886,0.6644444444444444,0.6402,0.101,0.051,0.1009979999999999
HLA-B5701,0,RASRLTSQM,RASRLTSQT,RASRLTSQM,RASRLTSQM,9,1.2199,0.4293,0,9,RASRLTSQT,0.97635,9,9,"1,8",8,True,1,-1,54.44444444444444,3.963333333333333,-0.811111111111111,12.500109306536615,-0.3400000000000001,-0.06555555555555559,-0.009999999999999997,0.008888888888888884,0.4293,2.341,1.756,2.34096
HLA-A3101,0,RHTIAPRNWR,RHTIAPRNWG,HTIAPRNWR,HTIAPRNWR,10,0.0443,0.1038,1,9,HTIAPRNWG,0.971663,9,9,"0,1,8",8,True,6,-2,54.44444444444444,3.8499999999999996,-1.4000000000000001,12.50011018011719,-0.17333333333333334,0.2411111111111111,0.27444444444444444,0.4444444444444444,0.1038,20.202,11.535,20.2016
HLA-A1101,0,RMTATGSGK,RMTATGSGE,RMTATGSGK,RMTATGSGK,9,1.2724,0.7453,0,9,RMTATGSGE,0.984666,9,9,"0,1,8",8,True,2,1,11.11111111111111,2.5522222222222224,-0.8555555555555556,11.651775666512549,-0.35888888888888887,-0.7122222222222222,0.47,-0.22111111111111115,0.7453,113.622,85.217,113.622
HLA-A0301,0,RNTLNPMWNK,RNTLNPMWNE,RNTLNPMWNK,RTLNPMWNK,10,0.1365,0.1218,0,10,RNTLNPMWNE,0.986624,10,10,"0,1,9",9,True,2,1,39.0,3.336,-1.64,11.651775666512549,-0.186,0.23600000000000004,0.23500000000000001,0.035999999999999976,0.1218,2.051,1.171,2.05096
HLA-A3101,0,RSPYWACKR,RSPYWACKG,RSPYWACKR,RSPYWACKR,9,0.5942,0.6899,0,9,RSPYWACKG,0.931454,9,9,"0,1,8",8,True,6,-2,11.11111111111111,3.723333333333333,-1.4666666666666666,10.456812216900289,-0.23555555555555557,0.30666666666666664,0.019999999999999993,0.38,0.6899,0.141,0.141,0.141003
HLA-A1101,0,RSSTRPPAER,RSSTRPPAEM,SSTRPPAER,SSTRPPAER,10,0.6004,1.711,1,9,SSTRPPAEM,0.973748,9,9,"0,1,8",8,True,1,-1,11.11111111111111,4.912222222222223,-1.8000000000000003,10.397771482355893,-0.5788888888888889,-0.2733333333333333,0.15777777777777777,0.9922222222222222,1.711,46.702,11.676,46.7016
HLA-A1101,1,RTSSTQQDNPK,RTSSTQQDNPQ,RTSSTQQDNPK,RTSSTQQPK,11,0.2968,1.9886,0,11,RTSSTQQDNPQ,0.973636,11,11,"0,1,10",10,True,2,1,0.0,5.35,-2.4545454545454546,9.695024739019573,-0.7727272727272727,-0.20181818181818187,0.021818181818181816,0.40545454545454546,1.9886,31.082,3.45,31.0818
HLA-C0501,1,SPDHKLHLF,SPHHKLHLF,SPDHKLHLF,SPDHKLHLF,9,0.1556,0.3465,0,9,SPHHKLHLF,0.973636,9,9,"1,2,8",2,True,2,-1,86.66666666666666,1.5744444444444445,-0.6444444444444446,7.7129859095439315,0.06777777777777784,0.12666666666666665,0.16888888888888884,0.46888888888888886,0.3465,0.131,0.066,0.130996
HLA-B5101,0,SPTKALLSI,SPTKALLST,SPTKALLSI,SPTKALLSI,9,0.0685,0.1567,0,9,SPTKALLST,0.973636,9,9,"1,8",8,True,3,-1,141.1111111111111,-0.18333333333333338,0.6777777777777777,9.700002531521022,0.1677777777777778,-0.31333333333333335,-0.030000000000000027,0.27222222222222214,0.1567,0.501,0.139,0.501006
HLA-C0602,0,SRTSFRVANL,SKTSFRVANL,SRTSFRVANL,SRTSFRVAL,10,1.2394,0.7218,0,10,SKTSFRVANL,0.921504,10,10,"0,1,9",1,True,2,2,78.0,3.2099999999999995,-0.22000000000000003,12.500109306536615,-0.18200000000000005,-0.07800000000000001,0.012999999999999984,0.01399999999999998,0.7218,0.081,0.032,0.0810019
HLA-A2501,0,SSAWVQHADY,PSAWVQHADY,SSAWVQHADY,SSAWVQHAY,10,1.4945,1.7697,0,10,PSAWVQHADY,0.964971,10,10,"0,1,9",0,True,4,-1,49.0,1.5870000000000002,-0.62,5.292197432834655,-0.07100000000000001,-0.19100000000000006,-0.20099999999999998,-0.13399999999999998,1.7697,37.821,28.366,37.8206
HLA-A1101,1,SSEDDGFFLGK,SSEDDGFFLGE,SSEDDGFFLGK,SSDGFFLGK,11,0.7154,1.6701,0,11,SSEDDGFFLGE,0.92828,11,11,"0,1,10",10,True,2,1,35.45454545454545,2.1672727272727275,-0.6727272727272727,3.8760120566003025,-0.18090909090909088,-0.46727272727272723,0.2509090909090908,-0.2009090909090909,1.6701,6.581,2.632,6.58097
HLA-C1502,0,SSIRLPEPV,SSTRLPEPV,SSIRLPEPV,SSIRLPEPV,9,0.9664,1.7848,0,9,SSTRLPEPV,0.956761,9,9,"1,8",2,False,3,-1,118.88888888888887,1.627777777777778,-0.03333333333333331,6.410149741452187,-0.017777777777777767,-0.14555555555555555,0.025555555555555567,0.8233333333333333,1.7848,14.451,3.613,14.451
HLA-A3101,1,SSQLAQIQR,SSQLAQIQC,SSQLAQIQR,SSQLAQIQR,9,0.1877,0.2415,0,9,SSQLAQIQC,0.976868,9,9,"0,1,8",8,True,2,-3,97.77777777777776,2.9655555555555555,-0.7222222222222222,10.550002220086753,-0.32333333333333336,-0.11666666666666667,-0.03333333333333334,-0.15666666666666668,0.2415,0.011,0.008,0.0109996
HLA-B5701,1,STALRLTAF,SRALRLTAF,STALRLTAF,STALRLTAF,9,1.0889,0.6356,0,9,SRALRLTAF,0.88677,9,9,"1,8",1,True,2,-1,108.88888888888889,0.7799999999999999,0.8111111111111111,10.550002220086753,0.19111111111111112,-0.21666666666666667,-0.15222222222222223,-0.07555555555555557,0.6356,4.321,0.998,4.3211
HLA-B5101,0,TATYDLVSSI,TATYDLVSST,TATYDLVSSI,TAYDLVSSI,10,0.5975,0.2949,0,10,TATYDLVSST,0.985223,10,10,"0,1,4,9",9,True,3,-1,117.0,0.5110000000000001,0.65,3.7499869628809392,0.098,-0.3340000000000001,-0.37500000000000006,-0.021999999999999992,0.2949,14.451,3.613,14.451
HLA-A3101,0,TQAHHALLR,TQAHHALLQ,TQAHHALLR,TQAHHALLR,9,0.5217,0.491,0,9,TQAHHALLQ,0.954961,9,9,"0,1,8",8,True,2,1,108.88888888888889,2.098888888888889,-0.43333333333333346,10.553501105867326,-0.06777777777777774,-0.04111111111111115,0.33888888888888885,-0.009999999999999972,0.491,8.771,6.578,8.77075
HLA-B5701,0,TSKDPVGRNWC,TGKDPVGRNWC,TSKDPVGRNW,TSKPVGRNW,11,0.0479,1.3349,0,10,TGKDPVGRNW,0.908337,10,10,"1,9",1,True,2,0,28.999999999999996,3.4490000000000003,-1.56,9.695024739019573,-0.351,-0.197,0.2829999999999999,0.256,1.3349,6.831,1.366,6.8310200000000005
HLA-B5701,1,TSLPQTQGL,TSLPQTQGP,TSLPQTQGL,TSLPQTQGL,9,1.7705,0.9547,0,9,TSLPQTQGP,0.908337,9,9,"1,8",8,True,4,-3,86.66666666666666,0.982222222222222,-0.4000000000000001,6.099999998230487,-0.058888888888888866,-0.46888888888888886,-0.07111111111111117,0.11666666666666664,0.9547,8.771,4.386,8.77075
HLA-A2501,0,TVGESSKSSY,TFGESSKSSY,TVGESSKSSY,TVGESSSSY,10,0.9688,1.4734,0,10,TFGESSKSSY,0.901003,10,10,"0,1,9",1,True,2,-1,28.999999999999996,2.3689999999999998,-0.8800000000000001,6.40200117090717,-0.41999999999999993,-0.5660000000000001,-3.3306690738754695e-17,-0.09100000000000001,1.4734,0.231,0.139,0.231006
HLA-A3101,0,VARASHRQQR,VARASHRQQG,VARASHRQQR,VAASHRQQR,10,1.0792,1.4176,0,10,VARASHRQQG,0.979669,10,10,"0,9",9,True,6,-2,49.0,5.6240000000000006,-1.67,12.801071322523057,-0.637,0.050999999999999976,0.42700000000000005,0.144,1.4176,0.021,0.014,0.0209994999999999
HLA-B5101,0,VPPDQLPL,VPPDQLPP,VPPDQLPL,VPPDQLP-L,8,0.6322,0.8767,0,8,VPPDQLPP,0.898795,8,8,"1,7",7,True,4,-3,133.75,0.0475000000000001,0.0,3.7499873605556786,0.25375000000000003,-0.14750000000000002,-0.1025,1.195,0.8767,49.221,16.391,49.2209
HLA-A0101,1,VTLGHGLPELY,VTLGHGLPELH,VTLGHGLPELY,VTLGHGLLY,11,0.2997,0.3322,0,11,VTLGHGLPELH,0.915265,11,11,"1,10",10,True,2,2,132.72727272727272,-0.5909090909090909,0.4090909090909091,5.363445803988725,0.3018181818181818,-0.34181818181818185,0.3563636363636364,-0.04272727272727273,0.3322,1.301,0.13,1.30098
HLA-A2501,0,WIFPYFFEF,WIFPYFFES,WIFPYFFEF,WIFPYFFEF,9,1.0449,0.9854,0,9,WIFPYFFES,0.915265,9,9,"0,1,8",8,True,2,-2,43.33333333333333,-1.3577777777777778,0.9333333333333331,3.8499827128835022,0.9444444444444444,0.7444444444444445,-0.7477777777777779,0.14222222222222222,0.9854,4.141,2.762,4.14106
HLA-A2501,0,YGYGGLGCGY,CGYGGLGCGY,YGYGGLGCGY,YGYGGLGGY,10,4.4309,1.6152,0,10,CGYGGLGCGY,0.946892,10,10,"0,1,9",0,True,2,-2,39.0,-1.0479999999999996,0.039999999999999966,5.9135543233715,0.23700000000000002,-0.974,0.5639999999999998,-0.907,1.6152,0.002,0.002,0.000999989
HLA-A0201,0,YLFSREKMYL,YPFSREKMYL,YLFSREKMYL,YLFSEKMYL,10,0.1231,0.1491,0,10,YPFSREKMYL,0.919566,10,10,"0,1,2,4,9",1,True,4,-3,78.0,1.5790000000000002,-0.3,9.145097539760172,0.1980000000000001,0.542,-0.07500000000000001,-0.20700000000000002,0.1491,0.451,0.361,0.451
HLA-C0602,0,YLKPKGPQSL,YLKPKGPQSP,LKPKGPQSL,LKPKGPQSL,10,0.4029,1.0683,1,9,LKPKGPQSP,0.955215,9,9,"1,8",8,True,4,-3,86.66666666666666,1.028888888888889,-0.8999999999999998,10.805379563011229,-0.11222222222222217,-0.26666666666666666,0.4677777777777778,0.5,1.0683,0.001,0.001,0.000999989
HLA-C0602,0,YRNWYTDEPF,YRNWYTDEPS,YRNWYTDEPF,YRNWYTDEF,10,2.2357,0.7752,0,10,YRNWYTDEPS,0.922745,10,10,"0,1,9",9,True,2,-2,0.0,3.463,-1.8,4.1844060202129185,-0.06699999999999999,0.45999999999999996,-0.227,0.24700000000000003,0.7752,0.331,0.331,0.330999
HLA-C0501,0,YSESGVQL,DSESGVQL,YSESGVQL,YSE-SGVQL,8,0.1432,1.0418,0,8,DSESGVQL,0.928651,8,8,"1,2,7",0,False,2,-3,85.0,1.17375,-0.2875000000000001,3.8499827128835022,-0.11875,-0.39125,0.03999999999999995,-0.3350000000000001,1.0418,9.621,9.621,9.62109
