HLA,agg_label,Peptide,wild_type,icore_mut,core_mut,len,EL_rank_mut,EL_rank_wt,trueHLA_EL_rank,icore_mut_start,len_icore_mut,icore_wt_aligned,icore_dissimilarity_score,icore_len_mut,icore_len_wt,icore_anchor,icore_mutation_position,icore_anchor_mutation,icore_mut_score,icore_blsm_mut_score,aliphatic_index,boman,hydrophobicity,isoelectric_point,VHSE1,VHSE3,VHSE7,VHSE8,seq_id,core_wt_aligned,EL_rank_wt_aligned,Total_Peptide_TPM,Total_Scaled_Peptide_TPM,Total_Gene_TPM,foreignness_score,ratio_rank,EL_rank_exp,in_nepdb,db,in_prime,in_cedar
HLA-A3101,1,AFGSAHLFR,AFGSAHLYR,AFGSAHLFR,AFGSAHLFR,9,0.247,0.1952,0.247,0,9,AFGSAHLYR,0.970142,9,9,"0,1,8",7,False,2,3,65.55555555555554,0.8377777777777777,0.4555555555555553,10.551758703775704,0.2144444444444443,-0.2788888888888888,0.1933333333333333,-0.1922222222222222,>seq_1,AFGSAHLYR,0.1952,2.221,0.74,2.22099,0.0,0.065546106557377,0.9756,True,nepdb,False,False
HLA-A0101,0,ASIRNANLY,ASIRDANLY,ASIRNANLY,ASIRNANLY,9,0.2469,0.1751,0.2469,0,9,ASIRDANLY,0.940499,9,9,"1,2,8",4,False,2,1,108.88888888888889,2.031111111111111,-0.1888888888888889,9.348807885311544,-0.0644444444444444,-0.16,0.1999999999999999,-0.3211111111111111,>seq_10,ASIRDANLY,0.1751,0.293,0.235,0.292993,0.0,0.1012416904625928,0.5963,True,nepdb,False,False
HLA-A0101,0,CVDSPPPLF,CVDSPPPLS,CVDSPPPLF,CVDSPPPLF,9,0.242,2.2701,0.242,0,9,CVDSPPPLS,0.972513,9,9,"1,2,8",8,True,2,-2,75.55555555555556,-0.1222222222222221,0.4666666666666665,3.749971453566104,0.2955555555555555,-0.2544444444444445,-0.4755555555555555,1.1455555555555557,>seq_21,CVDSPPPLS,2.2701,0.001,0.001,0.000999989,0.5,0.2162020175322672,1.7594,True,nepdb,False,False
HLA-A2601,0,DLIEIFRFGY,DLIEIFRLGY,DLIEIFRFGY,DLIEIFRGY,10,0.1187,0.0991,0.1187,0,10,DLIEIFRLGY,0.957003,10,10,"0,1,9",7,False,6,0,117.0,0.8930000000000001,0.5199999999999999,4.184406848158687,0.355,0.235,0.0389999999999999,-0.173,>seq_23,DLIEIFRGY,0.0991,75.479,75.479,75.4788,0.0,0.02347648839556,0.0382,True,nepdb,False,False
HLA-A2601,0,DMIFFSIDRY,DMISFSIDRY,MIFFSIDRY,MIFFSIDRY,10,0.1346,0.3019,0.3178,1,9,MISFSIDRY,0.922813,9,9,"0,1,8",2,False,2,-2,86.66666666666666,1.0033333333333334,0.7111111111111111,6.3318953779526055,0.4344444444444444,0.4311111111111111,-0.4566666666666667,-0.0399999999999999,>seq_24,MISFSIDRY,0.3019,0.341,0.171,0.34099,0.0,0.0745895329579331,1.4389,True,nepdb,False,False
HLA-A2601,0,EATNPYMVY,GATNPYMVY,EATNPYMVY,EATNPYMVY,9,0.0238,0.9027,0.0238,0,9,GATNPYMVY,0.970524,9,9,"0,1,8",0,True,2,-2,43.33333333333333,0.8999999999999998,-0.4444444444444445,3.849982178304344,0.0944444444444444,-0.0077777777777777,-0.2222222222222222,0.1044444444444444,>seq_26,GATNPYMVY,0.9027,0.001,0.001,0.000999989,0.0,0.0231725047080979,0.3472,True,nepdb,False,False
HLA-A2601,0,EIKKDGVGF,EIKEDGVGF,EIKKDGVGF,EIKKDGVGF,9,0.0829,0.0242,0.0829,0,9,EIKEDGVGF,0.949496,9,9,"0,1,8",3,False,2,1,75.55555555555556,1.4233333333333331,-0.4555555555555555,6.492975460831076,-0.1688888888888889,-0.3422222222222222,0.721111111111111,-0.2444444444444445,>seq_27,EIKEDGVGF,0.0242,0.941,0.941,0.941022,6.951608075305141e-09,0.2010838842975206,0.3121,True,nepdb,False,False
HLA-A2601,0,EINPSLHTPM,GINPSLHTPM,EINPSLHTPM,EINPSLHTM,10,0.2256,5.9162,0.2256,0,10,GINPSLHTPM,0.978513,10,10,"0,1,9",0,True,2,-2,78.0,1.189,-0.4699999999999999,5.363507221918553,0.047,-0.143,-0.018,0.6060000000000001,>seq_28,GINPSLHTM,5.9162,0.001,0.001,0.000999989,0.992380228905816,0.2169972888002433,3.2679,True,nepdb,False,False
HLA-A2601,0,EIPLIGLIPF,EIPLIGLIPS,EIPLIGLIPF,EIPLGLIPF,10,1.1654,10.9584,1.1654,0,10,EIPLIGLIPS,0.979364,10,10,"0,1,9",9,True,2,-2,195.0,-2.1710000000000003,1.6800000000000002,3.849983240943402,0.711,-0.095,0.0889999999999999,0.3969999999999999,>seq_29,EIPLIGIPS,24.7333,0.061,0.037,0.061002,3.5825568058282e-09,1.110487911439234,6.5305,True,nepdb,False,False
HLA-A2601,0,ELKHILYYAF,ELKHILYHAF,ELKHILYY,ELK-HILYY,10,0.5536,1.0125,2.1041,0,8,ELKHILYH,0.966072,8,8,"0,1,7",7,True,2,2,146.25,0.3175000000000001,-0.1374999999999998,7.534170080907643,0.3037499999999999,0.5662499999999999,0.1937499999999999,-0.2012499999999999,>seq_31,ELK-HILYH,9.0814,0.031,0.026,0.0309996999999999,0.5,0.5198526746977338,13.7837,True,nepdb,False,False
HLA-A2601,0,ELPIFQQPFY,EPPIFQQPFY,ELPIFQQPFY,ELPIFQQFY,10,0.3096,1.7646,0.3096,0,10,EPPIFQQPFY,0.948736,10,10,"0,1,9",1,True,4,-3,78.0,0.2229999999999999,-0.11,3.8499827128835022,0.362,0.321,-0.357,0.465,>seq_32,EPIFQQPFY,1.7646,8.131,3.61,8.13082,0.992380674687544,0.2552805168310098,0.8593,True,nepdb,False,False
HLA-A2601,0,ELSFHPSGNY,GLSFHPSGNY,ELSFHPSGNY,ESFHPSGNY,10,0.0876,0.3812,0.0876,0,10,GLSFHPSGNY,0.978345,10,10,"0,1,9",0,True,2,-2,39.0,1.621,-0.8500000000000002,5.363445803988725,-0.0429999999999999,-0.268,0.0899999999999999,0.097,>seq_33,GSFHPSGNY,1.8641,5.431,5.431,5.43093,0.0,0.0834833968134756,0.2865,True,nepdb,False,False
HLA-A2601,0,ELVGYGQKF,EFVGYGQKF,ELVGYGQKF,ELVGYGQKF,9,0.0952,0.6418,0.0952,0,9,EFVGYGQKF,0.961178,9,9,"0,1,8",1,True,6,0,75.55555555555556,0.4688888888888887,-0.2444444444444446,6.40200117090717,0.06,-0.2177777777777777,0.4344444444444443,-0.4788888888888889,>seq_34,EFVGYGQKF,0.6418,0.051,0.041,0.0509984999999999,0.0,0.0810787161109379,0.5874,True,nepdb,False,False
HLA-A2601,0,ELVGYGQKFF,EFVGYGQKFF,ELVGYGQKF,ELVGYGQKF,10,0.0952,0.6418,0.5715,0,9,EFVGYGQKF,0.961178,9,9,"0,1,8",1,True,6,0,75.55555555555556,0.4688888888888887,-0.2444444444444446,6.40200117090717,0.06,-0.2177777777777777,0.4344444444444443,-0.4788888888888889,>seq_35,EFVGYGQKF,0.6418,0.051,0.041,0.0509984999999999,5.9857727348103e-05,0.0810787161109379,3.6187,True,nepdb,False,False
HLA-A0301,1,EMLFSHGLVK,EMLFSRGLVK,MLFSHGLVK,MLFSHGLVK,10,0.0114,0.0165,0.6722,1,9,MLFSRGLVK,0.908507,9,9,"0,1,8",4,False,2,0,118.88888888888889,-0.7266666666666667,0.911111111111111,9.702001779340208,0.3933333333333334,-0.0766666666666666,0.1844444444444444,-0.288888888888889,>seq_36,MLFSRGLVK,0.0165,32.512,5.43,32.512,0.999999547320041,0.0035236363636363,0.4881,True,nepdb,False,False
HLA-A2601,0,ESFFWLEEM,ESFSWLEEM,ESFFWLEEM,ESFFWLEEM,9,0.2892,0.1229,0.2892,0,9,ESFSWLEEM,0.901152,9,9,"0,1,8",3,False,2,-2,43.33333333333333,0.9188888888888886,-0.0999999999999999,3.4727998333983123,0.3,0.4144444444444444,-0.2622222222222222,-0.2644444444444444,>seq_39,ESFSWLEEM,0.1229,10.991,5.99,10.9914,0.0,0.3913259560618389,0.8264,True,nepdb,False,False
HLA-A2601,0,ESVINQGPM,GSVINQGPM,ESVINQGPM,ESVINQGPM,9,1.4224,8.0279,1.4224,0,9,GSVINQGPM,0.972385,9,9,"0,1,8",0,True,2,-2,75.55555555555556,1.1266666666666665,-0.3,3.849983240943402,-0.0822222222222222,-0.4144444444444444,0.151111111111111,0.0333333333333333,>seq_40,GSVINQGPM,16.9346,0.001,0.001,0.000999989,0.0,1.3029273369314895,10.0404,True,nepdb,False,False
HLA-A2601,0,ESVTSCEAY,EPVTSCEAY,ESVTSCEAY,ESVTSCEAY,9,0.2321,1.4057,0.2321,0,9,EPVTSCEAY,0.950924,9,9,"0,1,8",1,True,4,-1,43.33333333333333,1.7777777777777777,-0.2333333333333332,3.613682009745389,-0.26,-0.3666666666666667,-0.3,-0.0633333333333333,>seq_41,EPVTSCEAY,1.4057,0.091,0.091,0.0909992999999999,0.0,0.1937771644020772,2.0315,True,nepdb,False,False
HLA-A2601,0,ETADTKVHF,GTADTKVHF,ETADTKVHF,ETADTKVHF,9,0.0071,0.535,0.0071,0,9,GTADTKVHF,0.972964,9,9,"0,1,8",0,True,2,-2,43.33333333333333,2.45,-0.7444444444444445,5.454297225456685,-0.2422222222222222,-0.1,0.0788888888888888,0.1588888888888889,>seq_42,GTADTKVHF,0.535,0.051,0.026,0.0509984999999999,0.0,0.0070057757009345,0.0756,True,nepdb,False,False
HLA-A2601,0,ETCTAGASSL,ETCTAGAGSL,ETCTAGASSL,ETTAGASSL,10,2.0689,3.0686,2.0689,0,10,ETCTAGAGSL,0.962906,10,10,"0,1,9",7,False,2,0,59.00000000000001,0.7989999999999998,0.2999999999999999,3.849962144624442,-0.1559999999999999,-0.857,-0.075,-0.209,>seq_43,ETTAGAGSL,3.0686,12.281,6.141,12.2814,0.999999547320041,0.6740139900932021,4.2657,True,nepdb,False,False
HLA-A2601,0,ETLSPTPSY,ETPSPTPSY,ETLSPTPSY,ETLSPTPSY,9,0.0043,0.0025,0.0043,0,9,ETPSPTPSY,0.921578,9,9,"0,1,8",2,False,4,-3,43.33333333333333,1.5522222222222222,-0.8,3.8499827128835022,-0.0877777777777777,-0.29,-0.3566666666666667,0.7777777777777778,>seq_44,ETPSPTPSY,0.0025,4.141,2.762,4.14106,0.0,0.003096,0.0264,True,nepdb,False,False
HLA-A2601,0,ETWRETGIF,ETWRETGIS,ETWRETGIF,ETWRETGIF,9,0.194,13.4745,0.194,0,9,ETWRETGIS,0.970474,9,9,"0,1,8",8,True,2,-2,43.33333333333333,2.501111111111111,-0.766666666666667,4.258147492539138,-0.0466666666666666,0.0844444444444444,0.1166666666666666,-0.0966666666666666,>seq_45,ETWRETGIS,13.4745,0.211,0.211,0.210998,0.0,0.1912068722401573,1.4716,True,nepdb,False,False
HLA-A2601,0,ETWRETGIFF,ETWRETGISF,ETWRETGIF,ETWRETGIF,10,0.194,0.0947,0.2195,0,9,ETWRETGIS,0.970474,9,9,"0,1,8",8,True,2,-2,43.33333333333333,2.501111111111111,-0.766666666666667,4.258147492539138,-0.0466666666666666,0.0844444444444444,0.1166666666666666,-0.0966666666666666,>seq_46,ETWRETGIS,13.4745,0.211,0.211,0.210998,0.0,0.1912068722401573,1.226,True,nepdb,False,False
HLA-A2601,0,EVLVEYSFF,EVLVEYPFF,EVLVEYSFF,EVLVEYSFF,9,0.1993,0.3745,0.1993,0,9,EVLVEYPFF,0.92891,9,9,"0,1,8",6,False,4,-1,107.77777777777776,-0.2000000000000002,0.9666666666666666,3.613691097591072,0.3888888888888889,0.2488888888888888,-0.3155555555555555,-0.1611111111111111,>seq_47,EVLVEYPFF,0.3745,6.961,4.643,6.96103,4.52679959335127e-07,0.0932372763684913,0.6504,True,nepdb,False,False
HLA-A2601,0,EVSDGFTAV,EVPDGFTAV,EVSDGFTAV,EVSDGFTAV,9,0.1027,0.1261,0.1027,0,9,EVPDGFTAV,0.925867,9,9,"0,1,8",2,False,4,-1,75.55555555555556,0.8544444444444445,0.4555555555555556,3.5500735570676625,-0.0388888888888888,-0.5877777777777777,0.0077777777777777,-0.1111111111111111,>seq_49,EVPDGFTAV,0.1261,49.382,24.691,49.3815,0.0,0.0190577319587628,0.0525,True,nepdb,False,False
HLA-A2601,0,EVSDGFTAVM,EVPDGFTAVM,EVSDGFTAVM,EVSDGFTAM,10,0.0699,0.0893,0.0699,0,10,EVPDGFTAVM,0.941293,10,10,"0,1,9",2,False,4,-1,68.0,0.534,0.6,3.5500735570676625,0.066,-0.486,-0.079,-0.1679999999999999,>seq_50,EVPDGFTAM,0.0893,49.382,24.691,49.3815,0.0,0.0151854423292273,0.0281,True,nepdb,False,False
HLA-A2601,0,EVYFGPCSLY,EVYFGPCSPY,EVYFGPCSLY,EVYFGPSLY,10,0.0097,0.02,0.0097,0,10,EVYFGPCSPY,0.941215,10,10,"0,1,9",8,False,4,-3,68.0,-0.367,0.44,3.849961081985384,0.3209999999999999,-0.107,-0.293,0.0269999999999999,>seq_51,EVYFGPSPY,0.02,1.091,0.363,1.09104,5.89524745824429e-05,0.0049955,0.0939,True,nepdb,False,False
HLA-A2601,0,FAHFHSGEM,FAHFHSGGM,FAHFHSGEM,FAHFHSGEM,9,1.1294,1.5026,1.1294,0,9,FAHFHSGGM,0.940958,9,9,"0,1,8",7,False,2,-2,11.11111111111111,0.9411111111111112,-0.2000000000000001,6.497749819885939,0.1433333333333333,-0.2066666666666666,0.1088888888888888,-0.1633333333333333,>seq_52,FAHFHSGGM,1.5026,0.001,0.001,0.000999989,0.0,0.2805085052575535,7.9047,True,nepdb,False,False
HLA-A2601,0,FGYEHWALY,LGYEHWALY,FGYEHWALY,FGYEHWALY,9,0.4043,1.3482,0.4043,0,9,LGYEHWALY,0.978455,9,9,"0,1,8",0,True,6,0,54.44444444444444,-0.1366666666666667,-0.2444444444444445,5.363384399097413,0.4377777777777777,0.2155555555555555,0.0033333333333333,-0.4288888888888889,>seq_54,LGYEHWALY,1.3482,75.479,75.479,75.4788,0.0,0.2830579810117193,0.3155,True,nepdb,False,False
HLA-A2601,0,FLFINTSSY,SLFINTSSY,FLFINTSSY,FLFINTSSY,9,0.1914,0.2263,0.1914,0,9,SLFINTSSY,0.974322,9,9,"0,1,8",0,True,2,-2,86.66666666666666,0.0388888888888885,0.7555555555555553,6.093198032584041,0.4011111111111111,0.0766666666666666,-0.56,-0.2066666666666666,>seq_56,SLFINTSSY,0.2263,5.071,3.803,5.0711,0.0,0.0295177198409191,0.5314,True,nepdb,False,False
HLA-A0201,0,FLLGKTSSVV,FLQGKTSSVV,FLLGKTSSV,FLLGKTSSV,10,0.0064,0.0239,0.2775,0,9,FLQGKTSSV,0.935932,9,9,"1,3,8",2,False,2,-2,118.88888888888889,-0.3200000000000002,0.8888888888888888,9.700002531521022,0.2166666666666666,-0.3455555555555556,0.0177777777777777,-0.2299999999999999,>seq_58,FLQGKTSSV,0.0239,10.202,6.748,10.2018,0.0,0.0046861924686192,0.9646,True,nepdb,False,False
HLA-A2601,0,FTGTISVMY,FTGTIPVMY,FTGTISVMY,FTGTISVMY,9,0.1945,0.1865,0.1945,0,9,FTGTIPVMY,0.922451,9,9,"0,1,8",5,False,4,-1,75.55555555555556,-0.7277777777777779,1.0555555555555556,6.093198032584041,0.4022222222222222,-0.2344444444444443,-0.4177777777777778,-0.2233333333333333,>seq_69,FTGTIPVMY,0.1865,7.981,5.986,7.98117,2.0491933110931699e-13,0.008343163538874,0.6497,True,nepdb,False,False
HLA-A2601,0,FTMVILYVVY,FTMVISYVVY,MVILYVVY,MVI-LYVVY,10,2.442,1.1273,2.6554,2,8,MVISYVVY,0.922362,8,8,"0,1,7",3,False,2,-2,206.25,-3.00375,2.5250000000000004,6.086602629628032,0.8925000000000001,0.365,-0.4475,-0.32,>seq_71,MVISYVV-Y,1.1273,0.041,0.027,0.0410009,0.0,2.847952985008428,12.4842,True,nepdb,False,False
HLA-A2601,0,GTFFVLAYY,GTFSVLAYY,GTFFVLAYY,GTFFVLAYY,9,0.2519,0.0793,0.2519,0,9,GTFSVLAYY,0.918109,9,9,"0,1,8",3,False,2,-2,86.66666666666666,-1.6466666666666667,1.2999999999999998,6.086602629628032,0.6655555555555556,-0.0088888888888888,-0.3511111111111111,-0.3911111111111111,>seq_83,GTFSVLAYY,0.0793,0.081,0.057,0.0810019,5.89524745824429e-05,0.548271626733922,2.2412,True,nepdb,False,False
HLA-A0301,1,GVYPMPGTQK,GVSPMPGTQK,GVYPMPGTQK,GVYPPGTQK,10,0.0048,0.0373,0.0048,0,10,GVSPMPGTQK,0.934225,10,10,"0,1,9",2,False,2,-2,29.0,0.5529999999999999,-0.7300000000000001,9.298300650902092,-0.0049999999999999,-0.4499999999999999,0.2219999999999999,0.3319999999999999,>seq_85,GVSPPGTQK,0.0373,28.671,17.919,28.6706,9.05359508832148e-07,0.0041823056300268,0.0066,True,nepdb,False,False
HLA-A0201,0,HLMDGDLGLI,NLMDGDLGLI,HLMDGDLGL,HLMDGDLGL,10,0.0345,0.078,0.5155,0,9,NLMDGDLGL,0.973966,9,9,"1,3,8",0,False,2,1,129.99999999999997,0.3455555555555559,0.2555555555555555,4.106574652250856,0.2177777777777778,-0.4666666666666667,0.4877777777777776,-0.3833333333333333,>seq_90,NLMDGDLGL,0.078,90.134,40.019,90.134,0.0,0.0192403846153846,0.313,True,nepdb,False,False
HLA-A2601,0,HMIVISIAY,HMIVVSIAY,HMIVISIAY,HMIVISIAY,9,0.5007,0.4908,0.5007,0,9,HMIVVSIAY,0.984634,9,9,"0,1,8",4,False,3,3,173.33333333333331,-1.64,1.7888888888888888,7.542349207215011,0.5822222222222223,0.0311111111111111,-0.21,-0.1488888888888889,>seq_92,HMIVVSIAY,0.4908,0.001,0.001,0.000999989,0.0,0.0100996943765281,3.0245,True,nepdb,False,False
HLA-A2601,0,HMSSYIASF,HMSSYIASL,HMSSYIASF,HMSSYIASF,9,0.5217,2.3969,0.5217,0,9,HMSSYIASL,0.983966,9,9,"0,1,8",8,True,6,0,54.44444444444444,0.3266666666666665,0.4555555555555555,7.542349207215011,0.2355555555555555,-0.1477777777777777,-0.4377777777777777,-0.1144444444444444,>seq_93,HMSSYIASL,2.3969,0.001,0.001,0.000999989,0.0,0.408148792189912,3.5829,True,nepdb,False,False
HLA-A0101,0,ITDVDELPI,ITDVDEPPI,ITDVDELPI,ITDVDELPI,9,1.6291,2.4164,1.6291,0,9,ITDVDEPPI,0.909089,9,9,"1,2,8",6,False,4,-3,162.2222222222222,0.8911111111111113,0.4666666666666665,3.3800301984883845,0.1177777777777777,-0.1088888888888888,-0.0544444444444444,0.4644444444444445,>seq_102,ITDVDEPPI,2.4164,8.131,3.61,8.13082,0.0,0.5307856439331236,1.4678,True,nepdb,False,False
HLA-A0201,1,LLQCTQQAV,LLQCTRQAV,LLQCTQQAV,LLQCTQQAV,9,1.5961,3.6935,1.5961,0,9,LLQCTRQAV,0.943685,9,9,"1,3,8",5,False,2,1,129.99999999999997,0.2466666666666666,0.5444444444444444,5.922539790626615,0.0655555555555555,-0.1411111111111111,-0.3022222222222223,-0.3088888888888889,>seq_129,LLQCTRQAV,3.6935,37.292,31.959,37.2921,0.0,0.9063652741302288,2.5869,True,nepdb,False,False
HLA-A0101,0,LTDTSLTALS,PTDTSLTALS,LTDTSLTAL,LTDTSLTAL,10,0.5943,1.6353,2.8576,0,9,PTDTSLTAL,0.97096,9,9,"1,2,8",0,False,4,-3,141.1111111111111,0.3622222222222224,0.7555555555555554,3.749987360555679,0.1544444444444444,-0.3777777777777778,-0.2644444444444445,-0.0555555555555555,>seq_134,PTDTSLTAL,1.6353,0.002,0.002,0.00199998,0.0,0.3783197578425977,14.9383,True,nepdb,False,False
HLA-A2601,0,MIFFSIDRY,MISFSIDRY,MIFFSIDRY,MIFFSIDRY,9,0.1346,0.3019,0.1346,0,9,MISFSIDRY,0.922813,9,9,"0,1,8",2,False,2,-2,86.66666666666666,1.0033333333333334,0.7111111111111111,6.3318953779526055,0.4344444444444444,0.4311111111111111,-0.4566666666666667,-0.0399999999999999,>seq_141,MISFSIDRY,0.3019,0.341,0.171,0.34099,0.0,0.0745895329579331,1.0275,True,nepdb,False,False
HLA-A0301,1,MLFSHGLVK,MLFSRGLVK,MLFSHGLVK,MLFSHGLVK,9,0.0114,0.0165,0.0114,0,9,MLFSRGLVK,0.908507,9,9,"0,1,8",4,False,2,0,118.88888888888889,-0.7266666666666667,0.911111111111111,9.702001779340208,0.3933333333333334,-0.0766666666666666,0.1844444444444444,-0.288888888888889,>seq_144,MLFSRGLVK,0.0165,32.512,5.43,32.512,0.999999547320041,0.0035236363636363,0.0157,True,nepdb,False,False
HLA-A0201,0,MSFSHLFYL,MSSSHLFYL,MSFSHLFYL,MSFSHLFYL,9,0.7086,2.0644,0.7086,0,9,MSSSHLFYL,0.923577,9,9,"1,3,8",2,False,2,-2,86.66666666666666,-0.7277777777777777,1.0,7.542349207215011,0.6233333333333334,0.2744444444444444,-0.5188888888888888,-0.2188888888888889,>seq_149,MSSSHLFYL,2.0644,1.901,1.901,1.90105,0.0,0.4653748692113931,2.9923,True,nepdb,False,False
HLA-A2601,0,MVILYVVYY,MVISYVVYY,MVILYVVYY,MVILYVVYY,9,0.13,0.02,0.13,0,9,MVISYVVYY,0.936184,9,9,"0,1,8",3,False,2,-2,183.3333333333333,-2.6544444444444446,2.1,6.080201585311443,0.8611111111111112,0.4544444444444444,-0.5044444444444445,-0.3422222222222222,>seq_154,MVISYVVYY,0.02,0.041,0.027,0.0410009,0.0,0.715,0.7804,True,nepdb,False,False
HLA-A2601,0,NTASSSLAF,DTASSSLAF,NTASSSLAF,NTASSSLAF,9,0.0986,0.0166,0.0986,0,9,DTASSSLAF,0.986086,9,9,"0,1,8",0,True,2,1,65.55555555555554,0.8766666666666664,0.3999999999999999,6.099999998230487,-0.0177777777777777,-0.6122222222222223,-0.2788888888888889,-0.2066666666666666,>seq_158,DTASSSLAF,0.0166,0.001,0.001,0.000999989,0.0,0.4870602409638553,1.0095,True,nepdb,False,False
HLA-A2601,0,SIPGIMGALY,SIPGTMGALY,SIPGIMGALY,SIPGIMALY,10,0.0834,0.134,0.0834,0,10,SIPGTMGALY,0.941429,10,10,"0,1,9",4,False,3,-1,127.00000000000004,-1.7259999999999998,1.2,6.093198032584041,0.4820000000000001,-0.562,0.1489999999999999,-0.157,>seq_174,SIPGTMALY,0.134,8.931000000000001,6.377,8.93087,4.0983866221855097e-13,0.0314928358208955,0.2756,True,nepdb,False,False
HLA-A0101,0,SSYYEPWGY,PSYYEPWGY,SSYYEPWGY,SSYYEPWGY,9,0.1603,0.5314,0.1603,0,9,PSYYEPWGY,0.97206,9,9,"1,2,8",0,False,4,-1,0.0,1.1955555555555557,-1.3222222222222222,3.8499816502444446,0.0922222222222222,0.0144444444444444,-0.2711111111111111,0.0055555555555555,>seq_193,PSYYEPWGY,0.5314,23.281,15.535,23.2813,2.0491933110931699e-13,0.1119445427173504,0.149,True,nepdb,False,False
HLA-A0101,0,STEDCLILL,STEDCLIPL,STEDCLILL,STEDCLILL,9,1.1144,2.3833,1.1144,0,9,STEDCLIPL,0.932841,9,9,"1,2,8",7,False,4,-3,173.33333333333331,0.0600000000000001,1.1000000000000003,3.550065870862454,0.2433333333333333,-0.1122222222222222,-0.2244444444444444,-0.1222222222222222,>seq_194,STEDCLIPL,2.3833,8.711,2.613,8.71077,0.0,0.5933210926026938,2.1058,True,nepdb,False,False
HLA-A3001,1,SVKSCKHTEK,SVKSCKHKEK,SVKSCKHTEK,SVKSKHTEK,10,0.1766,0.5329,0.1766,0,10,SVKSCKHKEK,0.952021,10,10,"0,1,9",7,False,2,-1,29.0,3.217,-1.4,9.582615793682637,-0.586,-0.075,0.2809999999999999,0.145,>seq_198,SVKSKHKEK,0.5329,6.361,1.819,6.3612,0.0,0.118075774066429,1.2444,True,nepdb,False,False
HLA-A2601,0,SVMYQGNTY,PVMYQGNTY,SVMYQGNTY,SVMYQGNTY,9,0.0576,0.9675,0.0576,0,9,PVMYQGNTY,0.973448,9,9,"0,1,8",0,True,4,-1,32.22222222222222,1.2333333333333334,-0.6,6.086602629628032,-0.0188888888888889,-0.2044444444444444,-0.2122222222222222,-0.4222222222222223,>seq_199,PVMYQGNTY,0.9675,7.981,3.991,7.98117,0.5,0.0541707906976744,0.1278,True,nepdb,False,False
HLA-A2601,0,SVVNPIIYF,SVVNPIIYS,SVVNPIIYF,SVVNPIIYF,9,0.0231,0.7406,0.0231,0,9,SVVNPIIYS,0.971099,9,9,"0,1,8",8,True,2,-2,151.11111111111111,-1.1911111111111112,1.4444444444444444,6.093198032584041,0.5277777777777778,0.0499999999999999,-0.3544444444444444,0.2033333333333333,>seq_201,SVVNPIIYS,3.5012,0.301,0.301,0.300993,0.999941047525419,0.0229475922540843,0.2157,True,nepdb,False,False
HLA-A2601,0,SVVNPIIYFY,SVVNPIIYSY,SVVNPIIYF,SVVNPIIYF,10,0.0231,0.0252,0.0644,0,9,SVVNPIIYS,0.971099,9,9,"0,1,8",8,True,2,-2,151.11111111111111,-1.1911111111111112,1.4444444444444444,6.093198032584041,0.5277777777777778,0.0499999999999999,-0.3544444444444444,0.2033333333333333,>seq_202,SVVNPIIYS,3.5012,0.301,0.301,0.300993,0.999941047525419,0.0229475922540843,0.4392,True,nepdb,False,False
HLA-A0201,0,TLLGDPGWRV,TLLGDPGRRV,LLGDPGWRV,LLGDPGWRV,10,0.0696,0.8069,0.1518,1,9,LLGDPGRRV,0.873257,9,9,"1,3,8",6,False,2,-3,118.88888888888889,0.6166666666666668,0.0555555555555555,6.338718596380204,0.2422222222222222,-0.2877777777777777,0.4522222222222221,0.0166666666666666,>seq_205,LLGDPGRRV,0.8069,0.001,0.001,0.000999989,0.0,0.063596579501797,1.4494,True,nepdb,False,False
HLA-A0101,0,TMCECMSFY,TMCECMSSY,TMCECMSFY,TMCECMSFY,9,0.9103,1.1168,0.9103,0,9,TMCECMSSY,0.940819,9,9,"1,2,8",7,False,2,-2,0.0,0.2977777777777777,0.588888888888889,3.849940513726324,0.2577777777777778,0.061111111111111,-0.8611111111111112,-0.2155555555555555,>seq_206,TMCECMSSY,1.1168,45.842,22.921,45.8421,0.0369719832731605,0.1683174695558739,1.3379,True,nepdb,False,False
HLA-A2601,0,TTATISGLV,TTATVSGLV,TTATISGLV,TTATISGLV,9,1.6355,1.7325,1.6355,0,9,TTATVSGLV,0.984189,9,9,"0,1,8",4,False,3,3,129.99999999999997,-0.6133333333333333,1.2222222222222223,6.099999998230487,0.1833333333333333,-0.69,-0.1066666666666667,-0.1466666666666666,>seq_208,TTATVSGLV,1.7325,8.871,2.218,8.87102,0.0,0.0915691197691197,3.4213,True,nepdb,False,False
HLA-A2601,0,TTTATISGL,TTTATVSGL,TTTATISGL,TTTATISGL,9,1.0496,1.2556,1.0496,0,9,TTTATVSGL,0.985964,9,9,"0,1,8",5,False,3,3,97.77777777777776,0.1211111111111111,0.6777777777777777,6.099999998230487,0.061111111111111,-0.7322222222222222,-0.1677777777777778,-0.0999999999999999,>seq_209,TTTATVSGL,1.2556,8.871,4.436,8.87102,0.0,0.1722026122969098,1.7865,True,nepdb,False,False
HLA-A3101,1,VIAFGSAHLFR,VIAFGSAHLYR,AFGSAHLFR,AFGSAHLFR,11,0.247,0.1952,0.9981,2,9,AFGSAHLYR,0.970142,9,9,"0,1,8",7,False,2,3,65.55555555555554,0.8377777777777777,0.4555555555555553,10.551758703775704,0.2144444444444443,-0.2788888888888888,0.1933333333333333,-0.1922222222222222,>seq_210,AFGSAHLYR,0.1952,2.221,0.74,2.22099,4.52679959335127e-07,0.065546106557377,3.3708,True,nepdb,False,False
HLA-A0201,0,VLMMPFSIV,VLVMPFSIV,VLMMPFSIV,VLMMPFSIV,9,1.1586,2.2785,1.1586,0,9,VLVMPFSIV,0.957204,9,9,"1,3,8",2,False,1,1,151.11111111111111,-2.466666666666667,2.3222222222222224,6.099999998230487,0.8044444444444445,0.0633333333333333,-0.4933333333333334,0.1444444444444444,>seq_213,VLVMPFSIV,2.2785,0.061,0.061,0.061002,0.0,0.5694606714944043,5.0072,True,nepdb,False,False
HLA-A0101,0,VSDMSLSLS,VSDMGLSLS,VSDMSLSLS,VSDMSLSLS,9,1.8251,1.805,1.8251,0,9,VSDMGLSLS,0.938749,9,9,"1,2,8",4,False,2,0,118.88888888888889,0.6766666666666666,0.7777777777777779,3.749987360555679,0.0733333333333333,-0.4122222222222222,-0.3855555555555556,-0.1055555555555555,>seq_215,VSDMGLSLS,1.805,0.001,0.001,0.000999989,0.0,0.0203238282548476,11.4108,True,nepdb,False,False
HLA-A1101,1,VVGAAGVGK,VVGAGGVGK,VVGAAGVGK,VVGAAGVGK,9,0.2061,0.2133,0.2061,0,9,VVGAGGVGK,0.953356,9,9,"0,1,8",4,False,4,0,118.88888888888889,-1.4455555555555557,1.2333333333333334,9.700002531521022,0.09,-1.1555555555555557,0.851111111111111,-0.548888888888889,>seq_218,VVGAGGVGK,0.2133,83.542,74.943,83.5417,0.0,0.0069569620253164,0.0696,True,nepdb,False,False
HLA-A1101,1,VVGADGVGK,VVGAGGVGK,VVGADGVGK,VVGADGVGK,9,0.4518,0.2133,0.4518,0,9,VVGAGGVGK,0.919927,9,9,"0,1,8",4,False,2,-1,107.77777777777776,-0.2755555555555555,0.6444444444444445,6.337367167230696,-0.0544444444444444,-1.051111111111111,0.8144444444444443,-0.4333333333333333,>seq_219,VVGAGGVGK,0.2133,83.542,74.943,83.5417,0.0,0.5051772151898735,0.127,True,nepdb,False,False
HLA-A1101,1,VVGAVGVGK,VVGAGGVGK,VVGAVGVGK,VVGAVGVGK,9,0.1277,0.2133,0.1277,0,9,VVGAGGVGK,0.924743,9,9,"0,1,8",4,False,4,-3,140.0,-1.6933333333333331,1.5000000000000002,9.700002531521022,0.1577777777777777,-1.0244444444444445,0.7844444444444444,-0.4988888888888889,>seq_220,VVGAGGVGK,0.2133,83.542,74.943,83.5417,0.0,0.0512476324425691,0.0501,True,nepdb,False,False
HLA-A0201,1,VVPCEPPEV,VVPYEPPEV,VVPCEPPEV,VVPCEPPEV,9,0.751,0.3995,0.751,0,9,VVPYEPPEV,0.869257,9,9,"1,3,8",3,True,2,-2,96.66666666666666,0.0244444444444444,0.3666666666666668,3.61368223791942,0.0844444444444444,-0.2522222222222222,-0.12,1.16,>seq_222,VVPYEPPEV,0.3995,30.79,25.648,30.7902,0.0,0.6607672090112641,1.3978,True,nepdb,False,False
HLA-A2601,0,YLIGVIGNF,YLIGVIGNS,YLIGVIGNF,YLIGVIGNF,9,0.2147,11.5399,0.2147,0,9,YLIGVIGNS,0.972579,9,9,"0,1,8",8,True,2,-2,162.2222222222222,-1.875555555555556,1.5777777777777775,6.093198032584041,0.6000000000000001,-0.3011111111111111,0.2199999999999999,-0.5677777777777778,>seq_227,YLIGVIGNS,11.5399,0.001,0.001,0.000999989,1.5734275536184001e-15,0.2107055035138952,1.5615,True,nepdb,False,False
HLA-A2601,0,YMAELFSFI,YMAELFPFI,YMAELFSFI,YMAELFSFI,9,3.5923,3.7665,3.5923,0,9,YMAELFPFI,0.929083,9,9,"0,1,8",6,False,4,-1,97.77777777777776,-1.0677777777777775,1.3333333333333333,3.8499827128835022,0.6211111111111111,0.2066666666666666,-0.4366666666666667,-0.3,>seq_229,YMAELFPFI,3.7665,1.501,0.857,1.5009800000000002,0.0,0.1661432789061466,13.376,True,nepdb,False,False
HLA-A2601,0,YTFLIFSDY,YTFLISSDY,YTFLIFSDY,YTFLIFSDY,9,0.1328,0.0805,0.1328,0,9,YTFLISSDY,0.917383,9,9,"0,1,8",5,False,2,-2,86.66666666666666,-0.0922222222222221,0.7,3.7499865652062,0.5255555555555556,0.321111111111111,-0.6733333333333333,-0.1255555555555555,>seq_236,YTFLISSDY,0.0805,30.211,20.151,30.211,0.0,0.0862787577639751,0.2629,True,nepdb,False,False
HLA-A2601,0,YTIEEFMEL,YTMEEFMEL,YTIEEFMEL,YTIEEFMEL,9,0.0888,0.1655,0.0888,0,9,YTMEEFMEL,0.961049,9,9,"0,1,8",2,False,3,1,86.66666666666666,0.8855555555555554,0.0555555555555555,3.472799689974636,0.21,0.33,-0.1433333333333333,-0.1888888888888889,>seq_238,YTMEEFMEL,0.1655,0.141,0.035,0.141003,2.06492758662935e-13,0.041153836858006,1.0956,True,nepdb,False,False
HLA-A2601,0,YVKLANLSY,YVKLANLPY,YVKLANLSY,YVKLANLSY,9,0.0914,0.2358,0.0914,0,9,YVKLANLPY,0.949411,9,9,"0,1,8",7,False,4,-1,129.99999999999997,0.02,0.3111111111111111,9.145600226707757,0.2244444444444445,0.0888888888888888,0.0088888888888888,-0.3722222222222222,>seq_242,YVKLANLPY,0.2358,0.001,0.001,0.000999989,0.0,0.0559718405428329,1.1676,True,nepdb,False,False
HLA-A2601,0,YVVTISSLL,HVVTISSLL,YVVTISSLL,YVVTISSLL,9,0.353,0.2708,0.353,0,9,HVVTISSLL,0.981502,9,9,"0,1,8",0,True,2,2,194.44444444444443,-1.481111111111111,1.877777777777778,6.093198032584041,0.4933333333333334,-0.0933333333333333,-0.3899999999999999,-0.1488888888888889,>seq_243,HVVTISSLL,0.2708,1.301,0.548,1.30098,0.0,0.1071514032496307,2.1938,True,nepdb,False,False
