Peptide,Gene ENSG ID,Gene Symbol,Proteins Encoded by Gene,Proteins Containing Peptide,Fraction of Matching Proteins,Mean Occurrences per Protein,Gene TPM,Peptide TPM,Scaled Peptide TPM
AAAAAAAAA,ENSG00000188846,RPL14,4,2,0.5,2.0,975.096,1950.192,975.096
YRHFGKAPGTP,ENSG00000063177,RPL18,9,6,0.667,1.0,1848.83,1848.83,1233.17
PHSHTKPYVR,ENSG00000063177,RPL18,9,6,0.667,1.0,1848.83,1848.83,1233.17
RHFGKAPGTP,ENSG00000063177,RPL18,9,6,0.667,1.0,1848.83,1848.83,1233.17
HFGKAPGTP,ENSG00000063177,RPL18,9,6,0.667,1.0,1848.83,1848.83,1233.17
KLKAPGTPH,ENSG00000063177,RPL18,9,1,0.111,1.0,1848.83,1848.83,205.22
AAAAAAAAA,ENSG00000103495,MAZ,14,7,0.5,7.286,177.208,1291.137,645.569
IAVGVGAQL,ENSG00000135404,CD63,14,8,0.5710000000000001,1.0,1007.66,1007.66,575.374
TAAAAAAAA,ENSG00000188846,RPL14,4,2,0.5,1.0,975.096,975.096,487.548
ARLDRVHIH,ENSG00000172270,BSG,15,1,0.067,1.0,542.395,542.395,36.34
SRISSSSFSR,ENSG00000170421,KRT8,11,8,0.727,1.0,510.936,510.936,371.45
RSYTSGPGSR,ENSG00000170421,KRT8,11,8,0.727,1.0,510.936,510.936,371.45
YTSGPGSRI,ENSG00000170421,KRT8,11,8,0.727,1.0,510.936,510.936,371.45
GPGSRISSS,ENSG00000170421,KRT8,11,8,0.727,1.0,510.936,510.936,371.45
GPGSRISSSSF,ENSG00000170421,KRT8,11,8,0.727,1.0,510.936,510.936,371.45
GSRISSSSF,ENSG00000170421,KRT8,11,8,0.727,1.0,510.936,510.936,371.45
AAAAAAAAA,ENSG00000156860,FBRS,3,2,0.667,11.0,36.3605,399.966,266.777
AAAAAAAAA,ENSG00000198816,ZNF358,2,1,0.5,9.0,42.2096,379.886,189.943
AAAAAAAPA,ENSG00000140319,SRP14,4,3,0.75,1.0,363.245,363.245,272.434
AAAAAAAAA,ENSG00000140319,SRP14,4,3,0.75,1.0,363.245,363.245,272.434
AAAAAAAAA,ENSG00000133243,BTBD2,7,1,0.14300000000000002,6.0,54.0117,324.07,46.342
SKFKMPKFKM,ENSG00000185567,AHNAK2,2,1,0.5,22.0,9.21127,202.648,101.324
KFKMPKFKM,ENSG00000185567,AHNAK2,2,1,0.5,22.0,9.21127,202.648,101.324
AAAAAAAAA,ENSG00000173933,RBM4,11,4,0.364,2.0,99.051,198.102,72.109
AAAAAAAAA,ENSG00000130522,JUND,2,1,0.5,2.0,96.9521,193.904,96.952
SCVEEVDAA,ENSG00000170144,HNRNPA3,15,14,0.933,1.0,186.819,186.819,174.302
AAAAAAAAA,ENSG00000119669,IRF2BPL,1,1,1.0,11.0,16.7513,184.264,184.264
AAAAAAAAA,ENSG00000100836,PABPN1,5,2,0.4,2.0,89.1338,178.268,71.307
TAKDSKFKM,ENSG00000185567,AHNAK2,2,1,0.5,19.0,9.21127,175.014,87.507
AAAAAAAAA,ENSG00000004487,KDM1A,23,21,0.913,4.0,43.7315,174.926,159.707
AAAAAAAAA,ENSG00000140521,POLG,18,1,0.056,7.0,24.9005,174.304,9.761
AAAPVPAAAPA,ENSG00000175390,EIF3F,8,7,0.875,1.0,173.947,173.947,152.204
AAAAAAAAA,ENSG00000196504,PRPF40A,7,5,0.714,5.0,33.6119,168.06,119.995
SEVILENGKL,ENSG00000150093,ITGB1,31,22,0.71,1.0,167.672,167.672,119.047
AAAAAAAAA,ENSG00000075151,EIF4G3,18,3,0.167,9.0,16.8608,151.747,25.342
QLTLLGHFF,ENSG00000093010,COMT,14,2,0.14300000000000002,1.0,141.74,141.74,20.269
FQLTLLGHFF,ENSG00000093010,COMT,14,2,0.14300000000000002,1.0,141.74,141.74,20.269
FQLTLLGHF,ENSG00000093010,COMT,14,2,0.14300000000000002,1.0,141.74,141.74,20.269
SFQLTLLGHF,ENSG00000093010,COMT,14,2,0.14300000000000002,1.0,141.74,141.74,20.269
TLLGHFFFF,ENSG00000093010,COMT,14,2,0.14300000000000002,1.0,141.74,141.74,20.269
AAAAAAAAA,ENSG00000163694,RBM47,13,4,0.308,6.0,23.2104,139.262,42.893
SLDHTSIRRG,ENSG00000179091,CYC1,1,1,1.0,1.0,125.244,125.244,125.244
LAAAAAAAA,ENSG00000071553,ATP6AP1,11,9,0.8180000000000001,1.0,119.023,119.023,97.361
AAAAAAAAA,ENSG00000071553,ATP6AP1,11,9,0.8180000000000001,1.0,119.023,119.023,97.361
AAAAAAAAA,ENSG00000168090,COPS6,4,2,0.5,1.0,113.622,113.622,56.811
RVEEFKLKK,ENSG00000182054,IDH2,4,2,0.5,1.0,106.958,106.958,53.479
GASRSSHSS,ENSG00000163435,ELF3,4,4,1.0,1.0,103.63,103.63,103.63
TAAAAAAAA,ENSG00000173933,RBM4,11,4,0.364,1.0,99.051,99.051,36.055
TSIKSFEVIK,ENSG00000106615,RHEB,5,1,0.2,1.0,96.3892,96.389,19.278
AAAAAAAAA,ENSG00000091542,ALKBH5,2,1,0.5,2.0,47.462,94.924,47.462
AAAAAAAAA,ENSG00000123095,BHLHE41,1,1,1.0,8.0,11.6811,93.449,93.449
TLLEGSGLESI,ENSG00000169710,FASN,7,2,0.28600000000000003,1.0,92.7002,92.7,26.512
GLESIISII,ENSG00000169710,FASN,7,2,0.28600000000000003,1.0,92.7002,92.7,26.512
SGLESIISI,ENSG00000169710,FASN,7,2,0.28600000000000003,1.0,92.7002,92.7,26.512
TLERELNLV,ENSG00000169710,FASN,7,2,0.28600000000000003,1.0,92.7002,92.7,26.512
AAAAAAAAA,ENSG00000177565,TBL1XR1,21,13,0.619,3.0,30.36,91.08,56.379
AEPEADKGTVL,ENSG00000239264,TXNDC5,2,2,1.0,1.0,89.978,89.978,89.978
AAAAAAAAA,ENSG00000170004,CHD3,11,6,0.545,2.0,42.6922,85.384,46.534
SQVEVVIFLK,ENSG00000139180,NDUFA9,3,1,0.333,1.0,79.8212,79.821,26.58
SQVEVVIFL,ENSG00000139180,NDUFA9,3,1,0.333,1.0,79.8212,79.821,26.58
QVEVVIFLK,ENSG00000139180,NDUFA9,3,1,0.333,1.0,79.8212,79.821,26.58
ASQVEVVIFL,ENSG00000139180,NDUFA9,3,1,0.333,1.0,79.8212,79.821,26.58
MPAAGGVLYQP,ENSG00000185359,HGS,67,21,0.313,1.0,76.8834,76.883,24.064
HQRTHTGEKP,ENSG00000144029,MRPS5,3,2,0.667,2.0,38.4017,76.803,51.228
AAAAAAAAA,ENSG00000171862,PTEN,7,1,0.14300000000000002,3.0,25.3603,76.081,10.88
KVTLNTVGH,ENSG00000039068,CDH1,5,5,1.0,1.0,75.4997,75.5,75.5
RVHRQAYAR,ENSG00000162910,MRPL55,26,19,0.731,1.0,72.1286,72.129,52.726
AAAAAAAAA,ENSG00000117713,ARID1A,9,2,0.222,3.0,23.4108,70.232,15.592
APAPASASA,ENSG00000168000,BSCL2,27,11,0.40700000000000003,1.0,68.0489,68.049,27.696
AAAAAAAAA,ENSG00000056097,ZFR,2,1,0.5,2.0,32.0511,64.102,32.051
APAAEPVPAS,ENSG00000125656,CLPP,5,2,0.4,1.0,62.492,62.492,24.997
APAAEPVPAST,ENSG00000125656,CLPP,5,2,0.4,1.0,62.492,62.492,24.997
EMPYAGGGGG,ENSG00000087087,SRRT,11,4,0.364,1.0,61.7514,61.751,22.477
YEMPYAGGGGG,ENSG00000087087,SRRT,11,4,0.364,1.0,61.7514,61.751,22.477
MPYAGGGGG,ENSG00000087087,SRRT,11,4,0.364,1.0,61.7514,61.751,22.477
TALIKDKIL,ENSG00000168802,CHTF8,6,3,0.5,1.0,61.2696,61.27,30.635
SQRPSAIQL,ENSG00000086232,EIF2AK1,4,1,0.25,1.0,59.8011,59.801,14.95
HQRTHTGEKP,ENSG00000198131,ZNF544,15,6,0.4,4.0,14.9006,59.602,23.841
AAAAAAAAA,ENSG00000104859,CLASRP,8,4,0.5,2.0,29.4317,58.863,29.432
LVRNDSLPV,ENSG00000168958,MFF,19,2,0.105,1.0,58.0611,58.061,6.096
VRNDSLPVL,ENSG00000168958,MFF,19,2,0.105,1.0,58.0611,58.061,6.096
VRNDSLPVLRG,ENSG00000168958,MFF,19,2,0.105,1.0,58.0611,58.061,6.096
VVGAGGVGK,ENSG00000174775,HRAS,8,7,0.875,1.0,55.7191,55.719,48.754
VVVGAGGVGK,ENSG00000174775,HRAS,8,7,0.875,1.0,55.7191,55.719,48.754
HLPTNPTSL,ENSG00000137509,PRCP,24,4,0.167,1.0,55.561,55.561,9.279
GAPQVLDSL,ENSG00000075292,ZNF638,15,1,0.067,1.0,55.4609,55.461,3.716
HQRTHTGEKP,ENSG00000198040,ZNF84,11,4,0.364,6.0,9.08131,54.488,19.834
RDFTFNKDG,ENSG00000171298,GAA,5,2,0.4,1.0,52.2696,52.27,20.908
AAAAAAAAA,ENSG00000049618,ARID1B,22,5,0.227,3.8,13.3911,50.886,11.551
AAAAAAAAA,ENSG00000064651,SLC12A2,4,4,1.0,7.0,7.16119,50.128,50.128
SPAGPRPRP,ENSG00000130702,LAMA5,3,1,0.333,1.0,49.2209,49.221,16.391
SPAGPRPRPP,ENSG00000130702,LAMA5,3,1,0.333,1.0,49.2209,49.221,16.391
SPAGPRPRPPT,ENSG00000130702,LAMA5,3,1,0.333,1.0,49.2209,49.221,16.391
GPRPRPPTAV,ENSG00000130702,LAMA5,3,1,0.333,1.0,49.2209,49.221,16.391
RPRPPTAVDP,ENSG00000130702,LAMA5,3,1,0.333,1.0,49.2209,49.221,16.391
AGPRPRPPTA,ENSG00000130702,LAMA5,3,1,0.333,1.0,49.2209,49.221,16.391
GPRPRPPTA,ENSG00000130702,LAMA5,3,1,0.333,1.0,49.2209,49.221,16.391
RPRPPTAVD,ENSG00000130702,LAMA5,3,1,0.333,1.0,49.2209,49.221,16.391
APRQDAAREV,ENSG00000171853,TRAPPC12,11,2,0.182,1.0,49.0812,49.081,8.933
GELALKKKI,ENSG00000253729,PRKDC,4,2,0.5,1.0,48.5097,48.51,24.255
ARRGAGVAV,ENSG00000116679,IVNS1ABP,3,1,0.333,1.0,48.4122,48.412,16.121
ALAPAPPQVL,ENSG00000173039,RELA,18,4,0.222,1.0,48.3318,48.332,10.73
TLCKSNGWIL,ENSG00000053371,AKR7A2,4,3,0.75,1.0,48.1913,48.191,36.143
LCKSNGWIL,ENSG00000053371,AKR7A2,4,3,0.75,1.0,48.1913,48.191,36.143
QLSARNRRR,ENSG00000123064,DDX54,5,2,0.4,1.0,47.3109,47.311,18.924
KQLSARNRRR,ENSG00000123064,DDX54,5,2,0.4,1.0,47.3109,47.311,18.924
RLLPLAPGR,ENSG00000135677,GNS,6,3,0.5,1.0,46.1705,46.171,23.086
LLPLAPGRL,ENSG00000135677,GNS,6,3,0.5,1.0,46.1705,46.171,23.086
NTYGMWGGA,ENSG00000187954,CYHR1,8,3,0.375,1.0,44.8209,44.821,16.808
SCVPVALAEGL,ENSG00000004487,KDM1A,23,16,0.6960000000000001,1.0,43.7315,43.732,30.437
HQRTHTGEKP,ENSG00000006194,ZNF263,8,3,0.375,2.333,18.6409,43.489,16.308
AAAAAAAAA,ENSG00000087095,NLK,3,3,1.0,5.0,8.51083,42.554,42.554
SPGASLTSM,ENSG00000167110,GOLGA2,18,6,0.333,1.0,41.7615,41.762,13.907
LASKKPSEI,ENSG00000129116,PALLD,13,4,0.308,1.0,41.542,41.542,12.795
LLSRISASR,ENSG00000163374,YY1AP1,17,3,0.176,1.0,41.2522,41.252,7.26
IFLGMLEKAVF,ENSG00000103978,TMEM87A,10,3,0.30000000000000004,1.0,41.0412,41.041,12.312
VIFLGMLEK,ENSG00000103978,TMEM87A,10,3,0.30000000000000004,1.0,41.0412,41.041,12.312
IISKEKKEIK,ENSG00000198176,TFDP1,4,2,0.5,1.0,40.7916,40.792,20.396
AMNIISKEKK,ENSG00000198176,TFDP1,4,2,0.5,1.0,40.7916,40.792,20.396
LAAAAAAAA,ENSG00000167470,MIDN,3,3,1.0,1.0,40.4117,40.412,40.412
AAAAAAAAA,ENSG00000167470,MIDN,3,3,1.0,1.0,40.4117,40.412,40.412
ASPPRLQLPL,ENSG00000167965,MLST8,18,1,0.056,1.0,39.8415,39.842,2.231
AAAAAAAAA,ENSG00000100461,RBM23,19,7,0.368,1.0,39.602,39.602,14.574
TAAAAAAAA,ENSG00000100461,RBM23,19,7,0.368,1.0,39.602,39.602,14.574
LDEDYPCSL,ENSG00000184117,NIPSNAP1,4,3,0.75,1.0,39.5718,39.572,29.679
HLDEDYPCSL,ENSG00000184117,NIPSNAP1,4,3,0.75,1.0,39.5718,39.572,29.679
VRSQALLFI,ENSG00000125755,SYMPK,9,3,0.333,1.0,38.6019,38.602,12.854
HQRTHTGEKP,ENSG00000067082,KLF6,3,1,0.333,1.0,38.5912,38.591,12.850999999999999
RTQESAGLA,ENSG00000068001,HYAL2,9,4,0.444,1.0,37.9309,37.931,16.841
RIEDRLPEL,ENSG00000108651,UTP6,3,1,0.333,1.0,37.3309,37.331,12.431
DRLPELEQL,ENSG00000108651,UTP6,3,1,0.333,1.0,37.3309,37.331,12.431
ERIEDRLPEL,ENSG00000108651,UTP6,3,1,0.333,1.0,37.3309,37.331,12.431
IIQERIEDR,ENSG00000108651,UTP6,3,1,0.333,1.0,37.3309,37.331,12.431
IEDRLPELEQL,ENSG00000108651,UTP6,3,1,0.333,1.0,37.3309,37.331,12.431
SSKPGPSAHDL,ENSG00000104517,UBR5,7,3,0.429,1.0,36.8706,36.871,15.818
SKPGPSAHDLA,ENSG00000104517,UBR5,7,3,0.429,1.0,36.8706,36.871,15.818
SSRSLRLREM,ENSG00000104517,UBR5,7,5,0.714,1.0,36.8706,36.871,26.326
SKPGPSAHDL,ENSG00000104517,UBR5,7,3,0.429,1.0,36.8706,36.871,15.818
PTSQSPAVK,ENSG00000273841,TAF9,16,16,1.0,1.0,36.682,36.682,36.682
AAAAAAAAA,ENSG00000081913,PHLPP1,2,1,0.5,8.0,4.57097,36.568,18.284
DAVPATLHL,ENSG00000172922,RNASEH2C,5,5,1.0,1.0,35.7606,35.761,35.761
LHAPLDHGATL,ENSG00000160972,PPP1R16A,3,2,0.667,1.0,35.1609,35.161,23.452
GVTGQVHVL,ENSG00000008130,NADK,8,1,0.125,1.0,34.9907,34.991,4.374
LPLGFIVFL,ENSG00000125912,NCLN,7,2,0.28600000000000003,1.0,34.9398,34.94,9.993
KASCLPLGF,ENSG00000125912,NCLN,7,2,0.28600000000000003,1.0,34.9398,34.94,9.993
CLPLGFIVF,ENSG00000125912,NCLN,7,2,0.28600000000000003,1.0,34.9398,34.94,9.993
SCLPLGFIVF,ENSG00000125912,NCLN,7,2,0.28600000000000003,1.0,34.9398,34.94,9.993
SGGVPGGRGK,ENSG00000204304,PBX2,1,1,1.0,1.0,34.7803,34.78,34.78
AAAAAAAAA,ENSG00000204304,PBX2,1,1,1.0,1.0,34.7803,34.78,34.78
HQRTHTGEKP,ENSG00000196387,ZNF140,9,2,0.222,3.0,11.5707,34.712,7.7059999999999995
HQRTHTGEKP,ENSG00000167635,ZNF146,2,2,1.0,1.0,34.2516,34.252,34.252
ALATGPWTHR,ENSG00000136699,SMPD4,20,1,0.05,1.0,33.2412,33.241,1.662
IALATGPWTHR,ENSG00000136699,SMPD4,20,1,0.05,1.0,33.2412,33.241,1.662
GPWTHRSEL,ENSG00000136699,SMPD4,20,1,0.05,1.0,33.2412,33.241,1.662
LATGPWTHR,ENSG00000136699,SMPD4,20,1,0.05,1.0,33.2412,33.241,1.662
AAAAAAAAA,ENSG00000173064,HECTD4,6,2,0.333,3.0,10.9914,32.974,10.98
HQRTHTGEKP,ENSG00000256087,ZNF432,6,2,0.333,8.0,4.11103,32.888,10.952
RRRNSINRNF,ENSG00000157483,MYO1E,6,2,0.333,1.0,32.7313,32.731,10.899000000000001
RRNSINRNF,ENSG00000157483,MYO1E,6,2,0.333,1.0,32.7313,32.731,10.899000000000001
SGNTRDMTL,ENSG00000180104,EXOC3,5,4,0.8,1.0,32.591,32.591,26.073
LAAPRGACY,ENSG00000042445,RETSAT,5,2,0.4,1.0,32.521,32.521,13.008
YGADHDLGR,ENSG00000042445,RETSAT,5,2,0.4,1.0,32.521,32.521,13.008
YLAAPRGACY,ENSG00000042445,RETSAT,5,2,0.4,1.0,32.521,32.521,13.008
YGADHDLGRL,ENSG00000042445,RETSAT,5,2,0.4,1.0,32.521,32.521,13.008
FYLAAPRGA,ENSG00000042445,RETSAT,5,2,0.4,1.0,32.521,32.521,13.008
GADHDLGRL,ENSG00000042445,RETSAT,5,2,0.4,1.0,32.521,32.521,13.008
APRGACYGA,ENSG00000042445,RETSAT,5,2,0.4,1.0,32.521,32.521,13.008
AGTVKLAGR,ENSG00000204351,SKIV2L,6,2,0.333,1.0,32.512,32.512,10.826
AAAAAAAAA,ENSG00000130449,ZSWIM6,1,1,1.0,8.0,4.04097,32.328,32.328
GQLSRGSSPR,ENSG00000107404,DVL1,4,2,0.5,1.0,31.4808,31.481,15.741
AAAAAAAAA,ENSG00000092203,TOX4,9,3,0.333,1.0,30.8308,30.831,10.267
APAGQGHLQL,ENSG00000157601,MX1,37,1,0.027,1.0,30.8116,30.812,0.8320000000000001
VRVVGTELVI,ENSG00000134247,PTGFRN,1,1,1.0,1.0,30.7305,30.731,30.731
MSDFNLGNL,ENSG00000160741,CRTC2,4,3,0.75,1.0,30.1817,30.182,22.637
AAAPAPTPSPA,ENSG00000079432,CIC,7,6,0.857,1.0,30.0606,30.061,25.762
AAAAAAAAA,ENSG00000065883,CDK13,12,2,0.167,2.0,15.0011,30.002,5.01
LIVHQLATY,ENSG00000122958,VPS26A,5,4,0.8,1.0,29.54,29.54,23.632
AAAALAAAA,ENSG00000139613,SMARCC2,6,4,0.667,1.0,29.54,29.54,19.703
HQRTHTGEKP,ENSG00000167384,ZNF180,7,3,0.429,9.0,3.20095,28.809,12.359
AAAAAAAAA,ENSG00000169891,REPS2,2,2,1.0,7.0,4.03089,28.216,28.216
STSSGSSAL,ENSG00000146072,TNFRSF21,1,1,1.0,1.0,28.1,28.1,28.1
ISAIPTRSL,ENSG00000058668,ATP2B4,6,5,0.833,1.0,28.0903,28.09,23.399
IPTRSLKFL,ENSG00000058668,ATP2B4,6,5,0.833,1.0,28.0903,28.09,23.399
GQFISAIPTRS,ENSG00000058668,ATP2B4,6,5,0.833,1.0,28.0903,28.09,23.399
FISAIPTRSL,ENSG00000058668,ATP2B4,6,5,0.833,1.0,28.0903,28.09,23.399
SAIPTRSLKF,ENSG00000058668,ATP2B4,6,5,0.833,1.0,28.0903,28.09,23.399
AIPTRSLKF,ENSG00000058668,ATP2B4,6,5,0.833,1.0,28.0903,28.09,23.399
FISAIPTRS,ENSG00000058668,ATP2B4,6,5,0.833,1.0,28.0903,28.09,23.399
QFISAIPTRS,ENSG00000058668,ATP2B4,6,5,0.833,1.0,28.0903,28.09,23.399
HQQQGCRGG,ENSG00000142910,TINAGL1,3,3,1.0,1.0,28.0708,28.071,28.071
AAAPLSPGA,ENSG00000143554,SLC27A3,5,2,0.4,1.0,27.7305,27.731,11.092
APLSPGATVA,ENSG00000143554,SLC27A3,5,2,0.4,1.0,27.7305,27.731,11.092
AAPLSPGATVA,ENSG00000143554,SLC27A3,5,2,0.4,1.0,27.7305,27.731,11.092
APGLLWMGL,ENSG00000166311,SMPD1,7,5,0.714,1.0,27.4608,27.461,19.607
APGLLWMGLV,ENSG00000166311,SMPD1,7,5,0.714,1.0,27.4608,27.461,19.607
LVLALALAL,ENSG00000166311,SMPD1,7,5,0.714,1.0,27.4608,27.461,19.607
HQRTHTGEKP,ENSG00000196693,ZNF33B,5,2,0.4,3.0,9.12105,27.363,10.945
RAHQANSHK,ENSG00000076248,UNG,4,3,0.75,1.0,27.0902,27.09,20.318
AAAAAAAAA,ENSG00000170113,NIPA1,5,1,0.2,5.0,5.37103,26.855,5.371
HQRTHTGEKP,ENSG00000198105,ZNF248,8,2,0.25,6.0,4.44105,26.646,6.662
LPPKPQLGD,ENSG00000153317,ASAP1,9,4,0.444,2.0,13.2912,26.582,11.802
PHVRGPRQPR,ENSG00000149499,EML3,11,3,0.273,1.0,26.5603,26.56,7.251
AAAAAAAAA,ENSG00000049540,ELN,24,16,0.667,2.0,13.2507,26.501,17.676
APSTTPASP,ENSG00000160803,UBQLN4,1,1,1.0,1.0,26.2911,26.291,26.291
AAAAAAAAA,ENSG00000143970,ASXL2,6,4,0.667,5.0,5.22091,26.105,17.412
KAVYRTLRANF,ENSG00000028203,VEZT,21,2,0.095,1.0,25.9111,25.911,2.462
GLRKAVYRTLR,ENSG00000028203,VEZT,21,2,0.095,1.0,25.9111,25.911,2.462
VYRTLRANFQ,ENSG00000028203,VEZT,21,2,0.095,1.0,25.9111,25.911,2.462
LRKAVYRTL,ENSG00000028203,VEZT,21,2,0.095,1.0,25.9111,25.911,2.462
AVYRTLRANF,ENSG00000028203,VEZT,21,2,0.095,1.0,25.9111,25.911,2.462
VYRTLRANF,ENSG00000028203,VEZT,21,2,0.095,1.0,25.9111,25.911,2.462
RKAVYRTLR,ENSG00000028203,VEZT,21,2,0.095,1.0,25.9111,25.911,2.462
AAAAAAAPA,ENSG00000102760,RGCC,1,1,1.0,1.0,25.8018,25.802,25.802
AVVELPAAV,ENSG00000160877,NACC1,3,2,0.667,1.0,25.7214,25.721,17.156
AAAAAAAAA,ENSG00000140332,TLE3,18,15,0.833,1.0,25.6805,25.681,21.392
SKASSRRSS,ENSG00000068323,TFE3,2,1,0.5,1.0,25.3304,25.33,12.665
HAEHKRTCR,ENSG00000015171,ZMYND11,15,12,0.8,1.0,25.3006,25.301,20.241
ASAPAAAAA,ENSG00000120733,KDM3B,4,1,0.25,1.0,24.9005,24.901,6.225
HQRTHTGEKP,ENSG00000102870,ZNF629,1,1,1.0,3.0,7.88112,23.643,23.643
EGIPGNVRQ,ENSG00000102910,LONP2,6,2,0.333,1.0,23.6309,23.631,7.869
EVEPDDDHF,ENSG00000139546,TARBP2,12,5,0.417,1.0,23.4709,23.471,9.787
EPDDDHFSI,ENSG00000139546,TARBP2,12,5,0.417,1.0,23.4709,23.471,9.787
VEPDDDHFSI,ENSG00000139546,TARBP2,12,5,0.417,1.0,23.4709,23.471,9.787
AAAAAAAAA,ENSG00000124813,RUNX2,10,9,0.9,9.0,2.60106,23.41,21.069
LPRLLAVAES,ENSG00000101391,CDK5RAP1,5,5,1.0,1.0,23.401,23.401,23.401
PRLLAVAES,ENSG00000101391,CDK5RAP1,5,5,1.0,1.0,23.401,23.401,23.401
SGQQAANVL,ENSG00000101391,CDK5RAP1,5,5,1.0,1.0,23.401,23.401,23.401
VRQGLLSAV,ENSG00000100726,TELO2,3,1,0.333,1.0,23.2313,23.231,7.736
NEFVRDTAL,ENSG00000089154,GCN1,1,1,1.0,1.0,23.1013,23.101,23.101
SCPVCQTRF,ENSG00000132274,TRIM22,8,4,0.5,1.0,22.9608,22.961,11.481
QQQQQQQQAAA,ENSG00000141867,BRD4,7,2,0.28600000000000003,1.0,22.8512,22.851,6.535
RVEEINPEYML,ENSG00000039123,MTREX,4,1,0.25,1.0,22.8307,22.831,5.708
LLEMGVLSL,ENSG00000184220,CMSS1,6,3,0.5,1.0,22.6306,22.631,11.316
SALQSPLGCL,ENSG00000107331,ABCA2,8,4,0.5,1.0,22.6211,22.621,11.311
MMPNQQQAA,ENSG00000179912,R3HDM2,9,7,0.778,1.0,22.0805,22.081,17.179
VGAGLPAPL,ENSG00000103254,ANTKMT,4,1,0.25,1.0,21.8612,21.861,5.465
LEGPEVTHAY,ENSG00000008710,PKD1,9,2,0.222,1.0,21.6711,21.671,4.811
AAAAAAAAA,ENSG00000121068,TBX2,2,2,1.0,4.5,4.79091,21.559,21.559
TAAAAAAAA,ENSG00000100320,RBFOX2,18,8,0.444,1.0,21.5408,21.541,9.564
HQRTHTGEKP,ENSG00000090612,ZNF268,16,2,0.125,4.0,5.29085,21.163,2.645
AAAAAAAAA,ENSG00000186660,ZFP91,1,1,1.0,1.0,21.1004,21.1,21.1
PEEDPGPDG,ENSG00000170037,CNTROB,10,4,0.4,1.0,21.0508,21.051,8.42
HQRTHTGEKP,ENSG00000125945,ZNF436,2,2,1.0,3.0,6.9509,20.853,20.853
GPPAAPAAAA,ENSG00000164576,SAP30L,3,3,1.0,1.0,20.7912,20.791,20.791
TFLSSATTAL,ENSG00000028310,BRD9,12,3,0.25,1.0,20.1904,20.19,5.048
SSATTALSM,ENSG00000028310,BRD9,12,3,0.25,1.0,20.1904,20.19,5.048
FLSSATTALS,ENSG00000028310,BRD9,12,3,0.25,1.0,20.1904,20.19,5.048
FLSSATTAL,ENSG00000028310,BRD9,12,3,0.25,1.0,20.1904,20.19,5.048
ALSMQNNSV,ENSG00000028310,BRD9,12,3,0.25,1.0,20.1904,20.19,5.048
LSPKPWIPVL,ENSG00000189046,ALKBH2,7,4,0.5710000000000001,1.0,19.9304,19.93,11.38
AAAAAAAAA,ENSG00000106829,TLE4,15,8,0.533,3.0,6.62077,19.862,10.586
HQRTHTGEKP,ENSG00000189180,ZNF33A,6,5,0.833,2.0,9.87103,19.742,16.445
NNMDFSIRI,ENSG00000198053,SIRPA,4,4,1.0,1.0,19.6915,19.692,19.692
KGLTIVGSV,ENSG00000124067,SLC12A4,10,7,0.7000000000000001,1.0,19.6806,19.681,13.777
AAGTAAGTAA,ENSG00000124067,SLC12A4,10,1,0.1,1.0,19.6806,19.681,1.968
KGLTIVGSV,ENSG00000113504,SLC12A7,4,3,0.75,1.0,19.641,19.641,14.731
AAAAAAAAA,ENSG00000113318,MSH3,5,3,0.6000000000000001,4.0,4.90108,19.604,11.762
HQRTHTGEKP,ENSG00000227124,ZNF717,5,2,0.4,4.0,4.81088,19.244,7.698
AAAAAAAAA,ENSG00000249992,TMEM158,1,1,1.0,6.0,3.20095,19.206,19.206
VAVALKQAMT,ENSG00000176974,SHMT1,6,3,0.5,1.0,19.1504,19.15,9.575
HQRTHTGEKP,ENSG00000164631,ZNF12,4,3,0.75,2.0,9.5712,19.142,14.357
AAAAAAAAA,ENSG00000085511,MAP3K4,8,3,0.375,2.0,9.44074,18.881,7.08
SVFEERPER,ENSG00000189376,C8orf76,1,1,1.0,1.0,18.8606,18.861,18.861
VFEERPERR,ENSG00000189376,C8orf76,1,1,1.0,1.0,18.8606,18.861,18.861
SVFEERPERR,ENSG00000189376,C8orf76,1,1,1.0,1.0,18.8606,18.861,18.861
APITSASPST,ENSG00000196313,POM121,3,3,1.0,1.0,18.8514,18.851,18.851
GTREASNTER,ENSG00000107862,GBF1,88,15,0.17,1.0,18.8109,18.811,3.198
AAAAAAAAA,ENSG00000178177,LCORL,13,11,0.846,6.0,3.13095,18.786,15.893
AKWTWSAVR,ENSG00000147526,TACC1,17,3,0.176,1.0,18.7004,18.7,3.291
LAAAAAAAA,ENSG00000160796,NBEAL2,6,4,0.667,1.0,18.3207,18.321,12.22
SPLAAAAAAAA,ENSG00000160796,NBEAL2,6,4,0.667,1.0,18.3207,18.321,12.22
AAAAAAAAA,ENSG00000160796,NBEAL2,6,4,0.667,1.0,18.3207,18.321,12.22
PAYVEPMTVV,ENSG00000165271,NOL6,4,2,0.5,1.0,18.101,18.101,9.051
AYVEPMTVV,ENSG00000165271,NOL6,4,2,0.5,1.0,18.101,18.101,9.051
HQRTHTGEKP,ENSG00000197619,ZNF615,12,6,0.5,6.0,3.01091,18.065,9.033
KYSDPGPVYD,ENSG00000134900,TPP2,10,4,0.4,1.0,18.0609,18.061,7.224
HLQSVTAYA,ENSG00000189339,SLC35E2B,3,2,0.667,1.0,17.7814,17.781,11.86
VLFHLQSVTA,ENSG00000189339,SLC35E2B,3,2,0.667,1.0,17.7814,17.781,11.86
HLQSVTAYAL,ENSG00000189339,SLC35E2B,3,2,0.667,1.0,17.7814,17.781,11.86
LQSVTAYAL,ENSG00000189339,SLC35E2B,3,2,0.667,1.0,17.7814,17.781,11.86
SPVPPSERHGV,ENSG00000189339,SLC35E2B,3,1,0.333,1.0,17.7814,17.781,5.921
QSVTAYALM,ENSG00000189339,SLC35E2B,3,2,0.667,1.0,17.7814,17.781,11.86
GVLFHLQSV,ENSG00000189339,SLC35E2B,3,2,0.667,1.0,17.7814,17.781,11.86
VPPSERHGV,ENSG00000189339,SLC35E2B,3,1,0.333,1.0,17.7814,17.781,5.921
FHLQSVTAYA,ENSG00000189339,SLC35E2B,3,2,0.667,1.0,17.7814,17.781,11.86
FHLQSVTAY,ENSG00000189339,SLC35E2B,3,2,0.667,1.0,17.7814,17.781,11.86
VLFHLQSVTAY,ENSG00000189339,SLC35E2B,3,2,0.667,1.0,17.7814,17.781,11.86
APASTIKIV,ENSG00000272391,POM121C,4,2,0.5,1.0,17.6709,17.671,8.836
APTPAPAST,ENSG00000272391,POM121C,4,2,0.5,1.0,17.6709,17.671,8.836
STIKIVPAH,ENSG00000272391,POM121C,4,2,0.5,1.0,17.6709,17.671,8.836
APITSASPST,ENSG00000272391,POM121C,4,2,0.5,1.0,17.6709,17.671,8.836
STIKIVPAHV,ENSG00000272391,POM121C,4,2,0.5,1.0,17.6709,17.671,8.836
APTPAPASTI,ENSG00000272391,POM121C,4,2,0.5,1.0,17.6709,17.671,8.836
ATAPTPAPAST,ENSG00000272391,POM121C,4,2,0.5,1.0,17.6709,17.671,8.836
TAPTPAPAST,ENSG00000272391,POM121C,4,2,0.5,1.0,17.6709,17.671,8.836
TPAPASTIK,ENSG00000272391,POM121C,4,2,0.5,1.0,17.6709,17.671,8.836
TPAPASTIKI,ENSG00000272391,POM121C,4,2,0.5,1.0,17.6709,17.671,8.836
TPAPASTIKIV,ENSG00000272391,POM121C,4,2,0.5,1.0,17.6709,17.671,8.836
AAAAAAAAA,ENSG00000186918,ZNF395,9,3,0.333,1.0,17.6305,17.631,5.871
SPRARQPRAL,ENSG00000141994,DUS3L,8,1,0.125,1.0,17.4905,17.491,2.186
SPRARQPRA,ENSG00000141994,DUS3L,8,1,0.125,1.0,17.4905,17.491,2.186
LAVASSSEI,ENSG00000112659,CUL9,4,2,0.5,1.0,17.4808,17.481,8.741
MLAVASSSEI,ENSG00000112659,CUL9,4,2,0.5,1.0,17.4808,17.481,8.741
TPASAAAAT,ENSG00000100429,HDAC10,7,3,0.429,1.0,17.290399999999998,17.29,7.417
AAAAAAAAA,ENSG00000135414,GDF11,2,2,1.0,5.0,3.45097,17.255,17.255
VVGAGGVGK,ENSG00000213281,NRAS,1,1,1.0,1.0,17.2115,17.212,17.212
VVVGAGGVGK,ENSG00000213281,NRAS,1,1,1.0,1.0,17.2115,17.212,17.212
HQRTHTGEKP,ENSG00000171161,ZNF672,4,1,0.25,1.0,16.9804,16.98,4.245
TWARPGKAGI,ENSG00000185800,DMWD,6,1,0.167,1.0,16.7513,16.751,2.797
TWARPGKAV,ENSG00000185800,DMWD,6,1,0.167,1.0,16.7513,16.751,2.797
TPTAALASA,ENSG00000103067,ESRP2,5,2,0.4,1.0,16.6506,16.651,6.66
FSWPQLFLLL,ENSG00000167700,MFSD3,1,1,1.0,1.0,16.6413,16.641,16.641
TFSWPQLFLLL,ENSG00000167700,MFSD3,1,1,1.0,1.0,16.6413,16.641,16.641
SWPQLFLLLA,ENSG00000167700,MFSD3,1,1,1.0,1.0,16.6413,16.641,16.641
TFSWPQLFLL,ENSG00000167700,MFSD3,1,1,1.0,1.0,16.6413,16.641,16.641
SWPQLFLLL,ENSG00000167700,MFSD3,1,1,1.0,1.0,16.6413,16.641,16.641
FSWPQLFLL,ENSG00000167700,MFSD3,1,1,1.0,1.0,16.6413,16.641,16.641
PTFSWPQLF,ENSG00000167700,MFSD3,1,1,1.0,1.0,16.6413,16.641,16.641
TFSWPQLFL,ENSG00000167700,MFSD3,1,1,1.0,1.0,16.6413,16.641,16.641
LFLLLAATYW,ENSG00000167700,MFSD3,1,1,1.0,1.0,16.6413,16.641,16.641
LFLLLAATY,ENSG00000167700,MFSD3,1,1,1.0,1.0,16.6413,16.641,16.641
LSSKVPVFL,ENSG00000219545,UMAD1,7,1,0.14300000000000002,1.0,16.5505,16.551,2.367
AAAAAAAAA,ENSG00000185630,PBX1,13,12,0.923,1.0,16.3611,16.361,15.101
IISKEKKEIK,ENSG00000114126,TFDP2,17,10,0.588,1.0,16.1605,16.161,9.503
AMNIISKEKK,ENSG00000114126,TFDP2,17,10,0.588,1.0,16.1605,16.161,9.503
WRSSSGLSSF,ENSG00000126391,FRMD8,7,1,0.14300000000000002,1.0,16.0812,16.081,2.3
QPWRSSSGL,ENSG00000126391,FRMD8,7,1,0.14300000000000002,1.0,16.0812,16.081,2.3
GTAPPPTAA,ENSG00000156603,MED19,3,3,1.0,1.0,16.0211,16.021,16.021
TAPPPTAAT,ENSG00000156603,MED19,3,3,1.0,1.0,16.0211,16.021,16.021
GPGTAPPPTAA,ENSG00000156603,MED19,3,3,1.0,1.0,16.0211,16.021,16.021
GQLTAVWRR,ENSG00000104936,DMPK,9,2,0.222,1.0,15.9911,15.991,3.55
HQRTHTGEKP,ENSG00000189042,ZNF567,7,5,0.714,4.8,3.31108,15.893,11.348
KQIMEETYKM,ENSG00000149262,INTS4,30,9,0.30000000000000004,1.0,15.8411,15.841,4.752
ASAAAKQIM,ENSG00000149262,INTS4,30,9,0.30000000000000004,1.0,15.8411,15.841,4.752
AAKQIMEETY,ENSG00000149262,INTS4,30,9,0.30000000000000004,1.0,15.8411,15.841,4.752
AKQIMEETY,ENSG00000149262,INTS4,30,9,0.30000000000000004,1.0,15.8411,15.841,4.752
LASAAAKQI,ENSG00000149262,INTS4,30,9,0.30000000000000004,1.0,15.8411,15.841,4.752
GVQNQLQSF,ENSG00000173898,SPTBN2,6,6,1.0,1.0,15.7513,15.751,15.751
QLQSFNSYR,ENSG00000173898,SPTBN2,6,6,1.0,1.0,15.7513,15.751,15.751
SLSGVQNQL,ENSG00000173898,SPTBN2,6,6,1.0,1.0,15.7513,15.751,15.751
NQLQSFNSY,ENSG00000173898,SPTBN2,6,6,1.0,1.0,15.7513,15.751,15.751
SPVAPLSPA,ENSG00000111145,ELK3,5,2,0.4,1.0,15.5011,15.501,6.2
QAPVWEFKY,ENSG00000102805,CLN5,12,12,1.0,1.0,15.4914,15.491,15.491
QLCGAQEAVHS,ENSG00000102921,N4BP1,2,1,0.5,1.0,15.311,15.311,7.656
FQKGPTPAIL,ENSG00000198793,MTOR,3,1,0.333,1.0,15.1506,15.151,5.045
AAAAAAAAA,ENSG00000172201,ID4,1,1,1.0,2.0,7.56112,15.122,15.122
AALFPRSAR,ENSG00000162972,MAIP1,3,3,1.0,1.0,15.1212,15.121,15.121
LGAALFPRSAR,ENSG00000162972,MAIP1,3,3,1.0,1.0,15.1212,15.121,15.121
GAALFPRSAR,ENSG00000162972,MAIP1,3,3,1.0,1.0,15.1212,15.121,15.121
ALMKQYQVQF,ENSG00000119392,GLE1,11,7,0.636,1.0,15.071,15.071,9.585
APAPAPTPT,ENSG00000182325,FBXL6,2,2,1.0,1.0,15.0511,15.051,15.051
ALQHRPVVL,ENSG00000013288,MAN2B2,3,3,1.0,1.0,15.0407,15.041,15.041
ALQHRPVVLF,ENSG00000013288,MAN2B2,3,3,1.0,1.0,15.0407,15.041,15.041
LRQRSALAL,ENSG00000013288,MAN2B2,3,3,1.0,1.0,15.0407,15.041,15.041
TAAAAAAAA,ENSG00000065883,CDK13,12,2,0.167,1.0,15.0011,15.001,2.505
QQQQQQAAPP,ENSG00000184634,MED12,26,10,0.385,1.0,14.971,14.971,5.764
QQQQQQQAAP,ENSG00000184634,MED12,26,10,0.385,1.0,14.971,14.971,5.764
QQQQQQAAP,ENSG00000184634,MED12,26,10,0.385,1.0,14.971,14.971,5.764
ASPAPATTPA,ENSG00000137073,UBAP2,17,5,0.294,1.0,14.8008,14.801,4.351
HQRTHTGEKP,ENSG00000165512,ZNF22,1,1,1.0,1.0,14.6314,14.631,14.631
AAAAAAAAA,ENSG00000183779,ZNF703,1,1,1.0,1.0,14.5012,14.501,14.501
TELRTVGNV,ENSG00000144451,SPAG16,9,4,0.444,1.0,14.4911,14.491,6.434
AARLQLWAF,ENSG00000135723,FHOD1,5,1,0.2,1.0,14.4811,14.481,2.896
GESAPTLST,ENSG00000106771,TMEM245,3,2,0.667,1.0,14.4811,14.481,9.659
SIGGLAARL,ENSG00000135723,FHOD1,5,1,0.2,1.0,14.4811,14.481,2.896
ASIGGLAAR,ENSG00000135723,FHOD1,5,1,0.2,1.0,14.4811,14.481,2.896
RLQLWAFKL,ENSG00000135723,FHOD1,5,1,0.2,1.0,14.4811,14.481,2.896
LRRCWSDEM,ENSG00000135775,COG2,4,3,0.75,1.0,14.2808,14.281,10.711
SKASSRRSS,ENSG00000112561,TFEB,16,14,0.875,1.0,14.2313,14.231,12.452
HQRTHTGEKP,ENSG00000147789,ZNF7,10,6,0.6000000000000001,1.0,14.1007,14.101,8.461
ALMSAFYTF,ENSG00000099953,MMP11,4,3,0.75,1.0,14.051,14.051,10.538
AALPGASGVAL,ENSG00000117480,FAAH,2,1,0.5,1.0,13.9907,13.991,6.996
AALPGASGV,ENSG00000117480,FAAH,2,1,0.5,1.0,13.9907,13.991,6.996
LPGASGVAL,ENSG00000117480,FAAH,2,1,0.5,1.0,13.9907,13.991,6.996
VQYELWAAL,ENSG00000117480,FAAH,2,1,0.5,1.0,13.9907,13.991,6.996
ALQAQITAL,ENSG00000119321,FKBP15,16,5,0.313,1.0,13.9211,13.921,4.357
HQRTHTGEKP,ENSG00000144026,ZNF514,4,3,0.75,2.0,6.93118,13.862,10.397
PWPSSKALL,ENSG00000163904,SENP2,7,1,0.14300000000000002,1.0,13.7409,13.741,1.9649999999999999
GPAAAILAA,ENSG00000164088,PPM1M,5,1,0.2,1.0,13.5011,13.501,2.7
RPPRPLPVAPG,ENSG00000145675,PIK3R1,11,2,0.182,1.0,13.431,13.431,2.444
RPPRPLPVAP,ENSG00000145675,PIK3R1,11,2,0.182,1.0,13.431,13.431,2.444
RPPRPLPVA,ENSG00000145675,PIK3R1,11,2,0.182,1.0,13.431,13.431,2.444
KLLLNVTPTVR,ENSG00000136021,SCYL2,6,3,0.5,1.0,13.341,13.341,6.671
KDLPPKPQL,ENSG00000153317,ASAP1,9,4,0.444,1.0,13.2912,13.291,5.901
AAAAAAAAA,ENSG00000117569,PTBP2,13,12,0.923,2.0,6.62077,13.242,12.222
HQRTHTGEKP,ENSG00000160908,ZNF394,3,2,0.667,1.0,13.1811,13.181,8.792
KICGKAFLY,ENSG00000171469,ZNF561,10,2,0.2,1.0,13.1711,13.171,2.634
HQRTHTGEKP,ENSG00000187607,ZNF286A,14,4,0.28600000000000003,2.0,6.57094,13.142,3.759
HQRTHTGEKP,ENSG00000166704,ZNF606,7,2,0.28600000000000003,3.0,4.37111,13.113,3.75
SAKLESSVF,ENSG00000160179,ABCG1,7,1,0.14300000000000002,1.0,12.9412,12.941,1.851
AAAAAAAAA,ENSG00000100596,SPTLC2,3,1,0.333,1.0,12.8911,12.891,4.293
KVDGKEYHL,ENSG00000143891,GALM,4,2,0.5,1.0,12.7807,12.781,6.391
TFKVDGKEY,ENSG00000143891,GALM,4,2,0.5,1.0,12.7807,12.781,6.391
NASSVGAQLM,ENSG00000196428,TSC22D2,5,2,0.4,1.0,12.6714,12.671,5.068
DLIDLMTLW,ENSG00000116663,FBXO6,2,2,1.0,1.0,12.5212,12.521,12.521
MTLWKRKCLR,ENSG00000116663,FBXO6,2,2,1.0,1.0,12.5212,12.521,12.521
RDLIDLMTL,ENSG00000116663,FBXO6,2,2,1.0,1.0,12.5212,12.521,12.521
LWRDLIDLM,ENSG00000116663,FBXO6,2,2,1.0,1.0,12.5212,12.521,12.521
YFEEIALKFL,ENSG00000104142,VPS18,3,1,0.333,1.0,12.5108,12.511,4.166
LPRELIFVG,ENSG00000099814,CEP170B,2,1,0.5,1.0,12.5012,12.501,6.251
RPTPASAPAA,ENSG00000080603,SRCAP,4,2,0.5,1.0,12.3608,12.361,6.181
LAAAAAAAA,ENSG00000106799,TGFBR1,10,4,0.4,1.0,12.3514,12.351,4.94
AAAAAAAAA,ENSG00000106799,TGFBR1,10,4,0.4,1.0,12.3514,12.351,4.94
VNKNAGETL,ENSG00000183337,BCOR,14,13,0.929,1.0,12.2406,12.241,11.372
APAPAPALASA,ENSG00000100092,SH3BP1,4,3,0.75,1.0,12.151,12.151,9.113
APAPALASAA,ENSG00000100092,SH3BP1,4,3,0.75,1.0,12.151,12.151,9.113
IRNRRAYHL,ENSG00000167202,TBC1D2B,4,1,0.25,1.0,12.1409,12.141,3.035
NRRAYHLEK,ENSG00000167202,TBC1D2B,4,1,0.25,1.0,12.1409,12.141,3.035
RRAYHLEKV,ENSG00000167202,TBC1D2B,4,1,0.25,1.0,12.1409,12.141,3.035
RQIRNRRAY,ENSG00000167202,TBC1D2B,4,1,0.25,1.0,12.1409,12.141,3.035
RNRRAYHLEK,ENSG00000167202,TBC1D2B,4,1,0.25,1.0,12.1409,12.141,3.035
ARVLQHSQW,ENSG00000166348,USP54,16,4,0.25,1.0,12.1014,12.101,3.025
HQRTHTGEKP,ENSG00000161551,ZNF577,10,4,0.4,2.0,5.99101,11.982,4.793
HQRTHTGEKP,ENSG00000147118,ZNF182,2,2,1.0,4.0,2.98101,11.924,11.924
ISDVEEQEAA,ENSG00000172071,EIF2AK3,9,3,0.333,1.0,11.6714,11.671,3.886
HQRTHTGEKP,ENSG00000162086,ZNF75A,5,3,0.6000000000000001,1.0,11.6407,11.641,6.985
EEKDPEEFL,ENSG00000083799,CYLD,11,7,0.636,1.0,11.6012,11.600999999999999,7.378
PPPPAAAPLAA,ENSG00000126464,PRR12,1,1,1.0,1.0,11.5506,11.551,11.551
SASKVGVHL,ENSG00000126464,PRR12,1,1,1.0,1.0,11.5506,11.551,11.551
RTFQGRTLRI,ENSG00000166938,DIS3L,8,1,0.125,1.0,11.331,11.331,1.416
LRTFQGRTLR,ENSG00000166938,DIS3L,8,1,0.125,1.0,11.331,11.331,1.416
LRTFQGRTL,ENSG00000166938,DIS3L,8,1,0.125,1.0,11.331,11.331,1.416
RTFQGRTLR,ENSG00000166938,DIS3L,8,1,0.125,1.0,11.331,11.331,1.416
TFQGRTLRI,ENSG00000166938,DIS3L,8,1,0.125,1.0,11.331,11.331,1.416
GASPARRRL,ENSG00000070476,ZXDC,3,2,0.667,1.0,11.2208,11.221,7.484
IAQEISEAF,ENSG00000164695,CHMP4C,1,1,1.0,1.0,11.1209,11.121,11.121
EQQDIAQEI,ENSG00000164695,CHMP4C,1,1,1.0,1.0,11.1209,11.121,11.121
TEQQDIAQEI,ENSG00000164695,CHMP4C,1,1,1.0,1.0,11.1209,11.121,11.121
IFLGMLEKAVF,ENSG00000153214,TMEM87B,5,2,0.4,1.0,11.0211,11.021,4.408
VIFLGMLEK,ENSG00000153214,TMEM87B,5,2,0.4,1.0,11.0211,11.021,4.408
AAAAAAAAA,ENSG00000177508,IRX3,2,1,0.5,1.0,10.9609,10.961,5.481
APAPAAAPL,ENSG00000106948,AKNA,6,4,0.667,1.0,10.9314,10.931000000000001,7.291
VVVGAGGVGK,ENSG00000133703,KRAS,13,11,0.846,1.0,10.6111,10.611,8.977
VVGAGGVGK,ENSG00000133703,KRAS,13,11,0.846,1.0,10.6111,10.611,8.977
HQRTHTGEKP,ENSG00000196456,ZNF775,3,3,1.0,1.0,10.6008,10.600999999999999,10.600999999999999
RPSGIPERF,ENSG00000211673,IGLV3-1,1,1,1.0,1.0,10.6008,10.600999999999999,10.600999999999999
RPSGIPERFS,ENSG00000211673,IGLV3-1,1,1,1.0,1.0,10.6008,10.600999999999999,10.600999999999999
RTHTGEKPFR,ENSG00000205903,ZNF316,2,1,0.5,1.0,10.5407,10.541,5.271
HQRTHTGEKP,ENSG00000205903,ZNF316,2,1,0.5,1.0,10.5407,10.541,5.271
ERPSFSLLM,ENSG00000141068,KSR1,10,8,0.8,1.0,10.4911,10.491,8.393
VRNGAAQPL,ENSG00000166788,SAAL1,8,6,0.75,1.0,10.4911,10.491,7.868
AAAAAAAAA,ENSG00000167081,PBX3,8,6,0.75,1.0,10.431,10.431,7.823
HQRTHTGEKP,ENSG00000180035,ZNF48,4,4,1.0,1.75,5.86081,10.256,10.256
RPPRAAGGAT,ENSG00000063601,MTMR1,12,5,0.417,1.0,10.1408,10.141,4.229
HQRTHTGEKP,ENSG00000176371,ZSCAN2,14,5,0.357,2.0,4.94099,9.882,3.528
APAPAPTPT,ENSG00000166484,MAPK7,9,4,0.444,1.0,9.87103,9.871,4.383
SERPSGIPERF,ENSG00000211659,IGLV3-25,1,1,1.0,1.0,9.8512,9.850999999999999,9.850999999999999
RPSGIPERF,ENSG00000211659,IGLV3-25,1,1,1.0,1.0,9.8512,9.850999999999999,9.850999999999999
RPSGIPERFS,ENSG00000211659,IGLV3-25,1,1,1.0,1.0,9.8512,9.850999999999999,9.850999999999999
ERPSGIPERF,ENSG00000211659,IGLV3-25,1,1,1.0,1.0,9.8512,9.850999999999999,9.850999999999999
LSPPGAAAL,ENSG00000132205,EMILIN2,1,1,1.0,1.0,9.69069,9.691,9.691
HQRTHTGEKP,ENSG00000196458,ZNF605,2,2,1.0,3.0,3.10093,9.303,9.303
AAPILDKVL,ENSG00000110031,LPXN,4,3,0.75,1.0,9.23108,9.231,6.923
DPASAPNGA,ENSG00000137814,HAUS2,10,9,0.9,1.0,9.21127,9.211,8.29
AAAAAAAAA,ENSG00000166432,ZMAT1,3,1,0.333,3.0,3.05104,9.153,3.048
AAAAAAAAA,ENSG00000135049,AGTPBP1,4,2,0.5,2.0,4.57097,9.142,4.571
HQRTHTGEKP,ENSG00000085644,ZNF213,8,5,0.625,1.0,9.131170000000001,9.131,5.707
KKTGNEQEW,ENSG00000117091,CD48,3,3,1.0,1.0,9.11094,9.111,9.111
LKKKVQFQF,ENSG00000054523,KIF1B,17,9,0.529,1.0,9.10084,9.101,4.814
AALLAAAAVRA,ENSG00000119711,ALDH6A1,3,2,0.667,1.0,9.09075,9.091,6.064
AMMMQQQQQ,ENSG00000124151,NCOA3,3,3,1.0,1.0,9.07124,9.071,9.071
HQRTHTGEKP,ENSG00000099326,MZF1,5,2,0.4,1.0,9.05114,9.051,3.62
HQRTHTGEKP,ENSG00000142556,ZNF614,4,1,0.25,3.0,2.98101,8.943,2.236
LLTISVKTS,ENSG00000120833,SOCS2,12,8,0.667,1.0,8.93087,8.931000000000001,5.957
YLLTISVKT,ENSG00000120833,SOCS2,12,8,0.667,1.0,8.93087,8.931000000000001,5.957
HQRTHTGEKP,ENSG00000170949,ZNF160,8,5,0.625,1.0,8.89072,8.891,5.557
KFISEIISS,ENSG00000134278,SPIRE1,9,4,0.444,1.0,8.81096,8.811,3.912
LPVIKRTDR,ENSG00000100697,DICER1,18,14,0.778,1.0,8.70111,8.701,6.769
KRTDREKAL,ENSG00000100697,DICER1,18,14,0.778,1.0,8.70111,8.701,6.769
VIKRTDREK,ENSG00000100697,DICER1,18,14,0.778,1.0,8.70111,8.701,6.769
ASPSSDSLR,ENSG00000243156,MICAL3,14,1,0.07100000000000001,1.0,8.68123,8.681000000000001,0.616
GEMSNQEVM,ENSG00000146904,EPHA1,1,1,1.0,1.0,8.67101,8.671,8.671
GEMSNQEVMK,ENSG00000146904,EPHA1,1,1,1.0,1.0,8.67101,8.671,8.671
YGEMSNQEVM,ENSG00000146904,EPHA1,1,1,1.0,1.0,8.67101,8.671,8.671
HQRTHTGEKP,ENSG00000166261,ZNF202,6,3,0.5,2.0,4.31093,8.622,4.311
HQRTHTGEKP,ENSG00000181894,ZNF329,5,4,0.8,2.0,4.30108,8.602,6.882
GLLWPLSPGG,ENSG00000142632,ARHGEF19,3,1,0.333,1.0,8.56112,8.561,2.851
HQRTHTGEKP,ENSG00000196152,ZNF79,4,4,1.0,3.0,2.85106,8.553,8.553
MAFAGNCGL,ENSG00000178921,PFAS,9,3,0.333,1.0,8.55104,8.551,2.847
LEMAFAGNCGL,ENSG00000178921,PFAS,9,3,0.333,1.0,8.55104,8.551,2.847
APAEKLAEE,ENSG00000124782,RREB1,8,3,0.375,1.0,8.53091,8.531,3.199
SEQDSIQKSPL,ENSG00000085274,MYNN,5,3,0.6000000000000001,1.0,8.39075,8.391,5.035
QKSPLSETM,ENSG00000085274,MYNN,5,3,0.6000000000000001,1.0,8.39075,8.391,5.035
AAAAAAAPA,ENSG00000180233,ZNRF2,1,1,1.0,1.0,8.30109,8.301,8.301
HQRTHTGEKP,ENSG00000136870,ZNF189,4,3,0.75,1.0,8.27122,8.271,6.203
HQRTHTGEKP,ENSG00000198093,ZNF649,5,2,0.4,2.0,4.12102,8.242,3.297
QSIPVLLEGR,ENSG00000125485,DDX31,3,3,1.0,1.0,8.14097,8.141,8.141
IPGLTDQKT,ENSG00000116127,ALMS1,16,9,0.5630000000000001,1.0,8.0111,8.011,4.51
FTLKPNLTIH,ENSG00000130684,ZNF337,2,2,1.0,1.0,8.00111,8.001,8.001
FLFLLKKKI,ENSG00000175054,ATR,6,3,0.5,1.0,7.99113,7.991,3.996
LFLLKKKIP,ENSG00000175054,ATR,6,3,0.5,1.0,7.99113,7.991,3.996
HQRTHTGEKP,ENSG00000196597,ZNF782,4,2,0.5,6.0,1.33099,7.986,3.993
LRSPYNSHM,ENSG00000180530,NRIP1,5,3,0.6000000000000001,1.0,7.89096,7.891,4.735
FSKNGLLSR,ENSG00000180530,NRIP1,5,3,0.6000000000000001,1.0,7.89096,7.891,4.735
SAPTPASAPA,ENSG00000121486,TRMT1L,2,1,0.5,1.0,7.85113,7.851,3.926
APTPASAPA,ENSG00000121486,TRMT1L,2,1,0.5,1.0,7.85113,7.851,3.926
TPASAPAPA,ENSG00000121486,TRMT1L,2,1,0.5,1.0,7.85113,7.851,3.926
SVLAVENLL,ENSG00000197892,KIF13B,5,1,0.2,1.0,7.80122,7.801,1.56
HQRTHTGEKP,ENSG00000197951,ZNF71,2,2,1.0,3.0,2.59098,7.773,7.773
SMREKRRSL,ENSG00000143850,PLEKHA6,5,3,0.6000000000000001,1.0,7.771,7.771,4.663
AAAAAAAAA,ENSG00000145743,FBXL17,2,1,0.5,1.0,7.75109,7.751,3.876
SPYGVSKLGV,ENSG00000159231,CBR3,1,1,1.0,1.0,7.67092,7.671,7.671
EPEKDPGPRA,ENSG00000189114,BLOC1S3,3,3,1.0,1.0,7.63115,7.631,7.631
SVEQMCNLL,ENSG00000095951,HIVEP1,9,2,0.222,1.0,7.61107,7.611,1.69
EAGRSSEGLL,ENSG00000157617,C2CD2,3,2,0.667,1.0,7.60106,7.601,5.07
AAAAAATTA,ENSG00000134508,CABLES1,6,1,0.167,1.0,7.57108,7.571,1.264
SQQVLQLCL,ENSG00000165714,BORCS5,3,3,1.0,1.0,7.57108,7.571,7.571
RTFASKHAVK,ENSG00000179981,TSHZ1,4,2,0.5,1.0,7.50109,7.501,3.751
FASKHAVKL,ENSG00000179981,TSHZ1,4,2,0.5,1.0,7.50109,7.501,3.751
TFASKHAVK,ENSG00000179981,TSHZ1,4,2,0.5,1.0,7.50109,7.501,3.751
RTFASKHAV,ENSG00000179981,TSHZ1,4,2,0.5,1.0,7.50109,7.501,3.751
RVEEIPPEVP,ENSG00000100918,REC8,5,3,0.6000000000000001,1.0,7.41116,7.411,4.447
IPERVEEIPP,ENSG00000100918,REC8,5,3,0.6000000000000001,1.0,7.41116,7.411,4.447
VEEIPPEVPT,ENSG00000100918,REC8,5,3,0.6000000000000001,1.0,7.41116,7.411,4.447
HQRTHTGEKP,ENSG00000140987,ZSCAN32,11,4,0.364,1.0,7.41116,7.411,2.698
PERVEEIPP,ENSG00000100918,REC8,5,3,0.6000000000000001,1.0,7.41116,7.411,4.447
AAAAAAAAA,ENSG00000122877,EGR2,6,4,0.667,2.0,3.68101,7.362,4.91
HQRTHTGEKP,ENSG00000256223,ZNF10,6,3,0.5,2.0,3.53106,7.062,3.531
RPTPASAPAA,ENSG00000282034,,1,1,1.0,1.0,7.00119,7.001,7.001
GPSSSTTTT,ENSG00000095015,MAP3K1,1,1,1.0,1.0,6.96103,6.961,6.961
RAPASPAPAQA,ENSG00000167595,PROSER3,15,6,0.4,1.0,6.91103,6.911,2.7640000000000002
SPVAPLSPA,ENSG00000158711,ELK4,4,2,0.5,1.0,6.8909400000000005,6.891,3.446
YDCKCGKAF,ENSG00000166529,ZSCAN21,3,1,0.333,1.0,6.85093,6.851,2.281
KFPIEDVKI,ENSG00000139718,SETD1B,3,3,1.0,1.0,6.75099,6.751,6.751
FPIEDVKIPCL,ENSG00000139718,SETD1B,3,3,1.0,1.0,6.75099,6.751,6.751
YKFPIEDVKI,ENSG00000139718,SETD1B,3,3,1.0,1.0,6.75099,6.751,6.751
AAAAAAAAA,ENSG00000163013,FBXO41,3,3,1.0,3.0,2.24093,6.723,6.723
RAAGTALGQAL,ENSG00000100842,EFS,3,3,1.0,1.0,6.72111,6.721,6.721
VEEIEKLRM,ENSG00000114473,IQCG,5,2,0.4,1.0,6.61114,6.611,2.644
LVEEIEKLR,ENSG00000114473,IQCG,5,2,0.4,1.0,6.61114,6.611,2.644
EELLVEEIEKL,ENSG00000114473,IQCG,5,2,0.4,1.0,6.61114,6.611,2.644
VEEIEVIPGTL,ENSG00000114473,IQCG,5,1,0.2,1.0,6.61114,6.611,1.322
LLVEEIEKL,ENSG00000114473,IQCG,5,2,0.4,1.0,6.61114,6.611,2.644
EVIPGTLAK,ENSG00000114473,IQCG,5,1,0.2,1.0,6.61114,6.611,1.322
EEIEVIPGTL,ENSG00000114473,IQCG,5,1,0.2,1.0,6.61114,6.611,1.322
EEIEVIPGT,ENSG00000114473,IQCG,5,1,0.2,1.0,6.61114,6.611,1.322
LLVEEIEVI,ENSG00000114473,IQCG,5,1,0.2,1.0,6.61114,6.611,1.322
AAAAAAAAA,ENSG00000005889,ZFX,7,5,0.714,1.0,6.60107,6.601,4.713
RTHTGEKPFR,ENSG00000187607,ZNF286A,14,4,0.28600000000000003,1.0,6.57094,6.571,1.879
LPVKRITSF,ENSG00000170185,USP38,6,3,0.5,1.0,6.57094,6.571,3.286
HTHLQKQLV,ENSG00000146909,NOM1,1,1,1.0,1.0,6.53098,6.531,6.531
HLQKQLVGTV,ENSG00000146909,NOM1,1,1,1.0,1.0,6.53098,6.531,6.531
HLQKQLVGT,ENSG00000146909,NOM1,1,1,1.0,1.0,6.53098,6.531,6.531
KLERLAAKF,ENSG00000183054,RGPD6,10,4,0.4,1.0,6.50117,6.501,2.6
KLERLAAKFK,ENSG00000183054,RGPD6,10,4,0.4,1.0,6.50117,6.501,2.6
HQRTHTGEKP,ENSG00000175395,ZNF25,1,1,1.0,2.0,3.24091,6.482,6.482
GMWGYRTPV,ENSG00000213462,ERV3-1,1,1,1.0,1.0,6.47105,6.471,6.471
SFNIPTGCLE,ENSG00000172716,SLFN11,11,3,0.273,1.0,6.46119,6.461,1.764
IPTGCLEVF,ENSG00000172716,SLFN11,11,3,0.273,1.0,6.46119,6.461,1.764
AKEQDRVHS,ENSG00000185946,RNPC3,7,4,0.5710000000000001,1.0,6.35107,6.351,3.626
KAFSRGYHL,ENSG00000167637,ZNF283,6,3,0.5,3.0,2.11096,6.333,3.167
TGAPTPSPA,ENSG00000132005,RFX1,2,2,1.0,1.0,6.32121,6.321,6.321
SPRAAPGEA,ENSG00000169641,LUZP1,4,2,0.5,1.0,6.26103,6.261,3.1310000000000002
RPSGIPERFS,ENSG00000211662,IGLV3-21,1,1,1.0,1.0,6.25106,6.251,6.251
RPSGIPERF,ENSG00000211662,IGLV3-21,1,1,1.0,1.0,6.25106,6.251,6.251
AAAAAAAAA,ENSG00000112242,E2F3,2,1,0.5,1.0,6.21089,6.211,3.106
HQRTHTGEKP,ENSG00000140265,ZSCAN29,6,3,0.5,1.0,6.04105,6.041,3.021
AAAAAAAAA,ENSG00000141448,GATA6,2,2,1.0,3.0,2.01098,6.033,6.033
NPYAGGDGLQ,ENSG00000161381,PLXDC1,8,2,0.25,1.0,5.98106,5.981,1.495
TLSQTPQPQ,ENSG00000213588,ZBTB9,4,1,0.25,1.0,5.9311,5.931,1.483
APAPASASA,ENSG00000021574,SPAST,16,11,0.6880000000000001,1.0,5.9208300000000005,5.921,4.074
TLLWMGVKA,ENSG00000020181,ADGRA2,3,2,0.667,1.0,5.9011700000000005,5.901,3.936
QQTHTGERPY,ENSG00000167528,ZNF641,9,4,0.444,1.0,5.87097,5.871,2.607
RRNSINRNF,ENSG00000142347,MYO1F,5,2,0.4,1.0,5.86081,5.861,2.344
RRRNSINRNF,ENSG00000142347,MYO1F,5,2,0.4,1.0,5.86081,5.861,2.344
AAAAAAAAA,ENSG00000184304,PRKD1,7,2,0.28600000000000003,2.0,2.9011,5.802,1.659
HQRVHTEKKT,ENSG00000186448,ZNF197,6,2,0.333,1.0,5.8009900000000005,5.801,1.932
GSSSVTVVL,ENSG00000213402,PTPRCAP,1,1,1.0,1.0,5.75095,5.751,5.751
WRHSQVPSA,ENSG00000184719,RNLS,3,1,0.333,1.0,5.68082,5.681,1.892
SLISHQLVHT,ENSG00000198466,ZNF587,2,2,1.0,1.0,5.67099,5.671,5.671
SLISHQLVH,ENSG00000198466,ZNF587,2,2,1.0,1.0,5.67099,5.671,5.671
YGLMKISHSV,ENSG00000198814,GK,12,2,0.167,1.0,5.6209,5.621,0.9390000000000001
SVKAGALEGV,ENSG00000198814,GK,12,2,0.167,1.0,5.6209,5.621,0.9390000000000001
GLMKISHSV,ENSG00000198814,GK,12,2,0.167,1.0,5.6209,5.621,0.9390000000000001
GLMKISHSVK,ENSG00000198814,GK,12,2,0.167,1.0,5.6209,5.621,0.9390000000000001
LMKISHSVK,ENSG00000198814,GK,12,2,0.167,1.0,5.6209,5.621,0.9390000000000001
YEAGARDRMA,ENSG00000204149,AGAP6,4,4,1.0,1.0,5.58091,5.5809999999999995,5.5809999999999995
YEAGARDRM,ENSG00000204149,AGAP6,4,4,1.0,1.0,5.58091,5.5809999999999995,5.5809999999999995
TYEAGARDRM,ENSG00000204149,AGAP6,4,4,1.0,1.0,5.58091,5.5809999999999995,5.5809999999999995
HQRTHTGEKP,ENSG00000256683,ZNF350,5,1,0.2,1.0,5.54082,5.541,1.108
KGLTIVGSV,ENSG00000140199,SLC12A6,16,13,0.8130000000000001,1.0,5.4911200000000004,5.491,4.464
QLKAPASPGA,ENSG00000168916,ZNF608,6,4,0.667,1.0,5.46113,5.461,3.642
HQRTHTGEKP,ENSG00000175787,ZNF169,4,1,0.25,4.0,1.35097,5.404,1.351
TAAAAAAAA,ENSG00000170113,NIPA1,5,1,0.2,1.0,5.37103,5.371,1.074
SVSTSSNSSK,ENSG00000104497,SNX16,10,9,0.9,1.0,5.33098,5.331,4.798
LLQVVVLALA,ENSG00000049089,COL9A2,4,2,0.5,1.0,5.32101,5.321,2.661
KRSAFPQTSK,ENSG00000168944,CEP120,14,1,0.07100000000000001,1.0,5.30113,5.301,0.376
HQRTHTGEKP,ENSG00000118263,KLF7,9,3,0.333,1.0,5.27109,5.271,1.755
ATLAAAAAAA,ENSG00000048740,CELF2,17,15,0.882,1.0,5.22091,5.221,4.605
RGSHSLELR,ENSG00000154133,ROBO4,2,2,1.0,1.0,5.09083,5.091,5.091
ARSYGRRRGR,ENSG00000137449,CPEB2,7,3,0.429,1.0,5.08096,5.081,2.18
GRRRGRSSL,ENSG00000137449,CPEB2,7,3,0.429,1.0,5.08096,5.081,2.18
LNARSYGRR,ENSG00000137449,CPEB2,7,3,0.429,1.0,5.08096,5.081,2.18
MLNARSYGR,ENSG00000137449,CPEB2,7,3,0.429,1.0,5.08096,5.081,2.18
NARSYGRRR,ENSG00000137449,CPEB2,7,3,0.429,1.0,5.08096,5.081,2.18
LMLNARSYGR,ENSG00000137449,CPEB2,7,3,0.429,1.0,5.08096,5.081,2.18
MLNARSYGRR,ENSG00000137449,CPEB2,7,3,0.429,1.0,5.08096,5.081,2.18
LMLNARSYGRR,ENSG00000137449,CPEB2,7,3,0.429,1.0,5.08096,5.081,2.18
RSYGRRRGR,ENSG00000137449,CPEB2,7,3,0.429,1.0,5.08096,5.081,2.18
AFISWVEGE,ENSG00000197162,ZNF785,4,2,0.5,1.0,5.06092,5.061,2.531
HQRTHTGEKP,ENSG00000164048,ZNF589,6,2,0.333,1.0,5.02109,5.021,1.6720000000000002
HQRTHTGEKP,ENSG00000185252,ZNF74,7,3,0.429,1.0,5.00094,5.001,2.145
AAAAAAAAA,ENSG00000184058,TBX1,5,2,0.4,7.0,0.710989,4.977,1.991
HQRTHTGEKP,ENSG00000181638,ZFP41,2,2,1.0,1.0,4.91094,4.911,4.911
GLFPRLHTG,ENSG00000132359,RAP1GAP2,5,5,1.0,1.0,4.8909,4.891,4.891
GLFPRLHTGS,ENSG00000132359,RAP1GAP2,5,5,1.0,1.0,4.8909,4.891,4.891
SSSPERRSP,ENSG00000106415,GLCCI1,4,3,0.75,1.0,4.82089,4.821,3.616
SPERRSPGSPV,ENSG00000106415,GLCCI1,4,3,0.75,1.0,4.82089,4.821,3.616
SPGSPVCRA,ENSG00000106415,GLCCI1,4,3,0.75,1.0,4.82089,4.821,3.616
RSPGSPVCR,ENSG00000106415,GLCCI1,4,3,0.75,1.0,4.82089,4.821,3.616
RTHTGEKPFR,ENSG00000227124,ZNF717,5,2,0.4,1.0,4.81088,4.811,1.924
RLSGGSKKQVF,ENSG00000227124,ZNF717,5,1,0.2,1.0,4.81088,4.811,0.962
SKKQVFSGI,ENSG00000227124,ZNF717,5,1,0.2,1.0,4.81088,4.811,0.962
RSLVELQEV,ENSG00000227124,ZNF717,5,1,0.2,1.0,4.81088,4.811,0.962
HQRTHTGEKP,ENSG00000154957,ZNF18,7,4,0.5710000000000001,1.0,4.77103,4.771,2.724
KKKVTNIISF,ENSG00000048471,SNX29,5,1,0.2,1.0,4.7509,4.751,0.9500000000000001
HCRAGAGVAV,ENSG00000145332,KLHL8,5,4,0.8,1.0,4.73085,4.731,3.785
DEIAAQAETM,ENSG00000123104,ITPR2,4,1,0.25,1.0,4.72102,4.721,1.18
IAAQAETMF,ENSG00000123104,ITPR2,4,1,0.25,1.0,4.72102,4.721,1.18
RLRGARVPR,ENSG00000172345,STARD5,3,1,0.333,1.0,4.70111,4.7010000000000005,1.565
HQRTHTGEKP,ENSG00000197928,ZNF677,8,2,0.25,1.0,4.66087,4.661,1.165
RFFRENSTL,ENSG00000105136,ZNF419,14,6,0.429,1.0,4.65087,4.651,1.995
APSAAAAAA,ENSG00000126016,AMOT,4,3,0.75,1.0,4.65087,4.651,3.488
AAPAPVPAPA,ENSG00000126016,AMOT,4,3,0.75,1.0,4.65087,4.651,3.488
MRPAKSLMSI,ENSG00000126016,AMOT,4,4,1.0,1.0,4.65087,4.651,4.651
RPAKSLMSI,ENSG00000126016,AMOT,4,4,1.0,1.0,4.65087,4.651,4.651
SCMRPAKSL,ENSG00000126016,AMOT,4,4,1.0,1.0,4.65087,4.651,4.651
GRFFRENSTL,ENSG00000105136,ZNF419,14,6,0.429,1.0,4.65087,4.651,1.995
FFRENSTLV,ENSG00000105136,ZNF419,14,6,0.429,1.0,4.65087,4.651,1.995
SQNSDLIKH,ENSG00000088876,ZNF343,8,3,0.375,1.0,4.60085,4.601,1.725
RASAPAAAA,ENSG00000081913,PHLPP1,2,1,0.5,1.0,4.57097,4.571,2.286
AAAALAAAA,ENSG00000081913,PHLPP1,2,1,0.5,1.0,4.57097,4.571,2.286
SAPAAAAAA,ENSG00000081913,PHLPP1,2,1,0.5,1.0,4.57097,4.571,2.286
REDRASAPA,ENSG00000081913,PHLPP1,2,1,0.5,1.0,4.57097,4.571,2.286
ASAPAAAAA,ENSG00000081913,PHLPP1,2,1,0.5,1.0,4.57097,4.571,2.286
GRPSRPHPA,ENSG00000141034,GID4,4,2,0.5,1.0,4.49089,4.491,2.246
TPAPIFTPA,ENSG00000085185,BCORL1,5,2,0.4,1.0,4.45091,4.451,1.78
TPAPIFTPAPT,ENSG00000085185,BCORL1,5,2,0.4,1.0,4.45091,4.451,1.78
RAKAGQARVKQ,ENSG00000085185,BCORL1,5,3,0.6000000000000001,1.0,4.45091,4.451,2.6710000000000003
HQRTHTGEKP,ENSG00000010539,ZNF200,7,6,0.857,1.0,4.45091,4.451,3.815
TPSKSRSAS,ENSG00000085185,BCORL1,5,1,0.2,1.0,4.45091,4.451,0.89
RAKAGQARV,ENSG00000085185,BCORL1,5,3,0.6000000000000001,1.0,4.45091,4.451,2.6710000000000003
APTPAPIFTPA,ENSG00000085185,BCORL1,5,2,0.4,1.0,4.45091,4.451,1.78
VNKNAGETL,ENSG00000085185,BCORL1,5,1,0.2,1.0,4.45091,4.451,0.89
FTLEKGLMSV,ENSG00000083828,ZNF586,7,1,0.14300000000000002,1.0,4.39085,4.391,0.628
GLMSVGNIGNY,ENSG00000083828,ZNF586,7,1,0.14300000000000002,1.0,4.39085,4.391,0.628
RHFTLEKGLM,ENSG00000083828,ZNF586,7,1,0.14300000000000002,1.0,4.39085,4.391,0.628
MSAVNVGDPL,ENSG00000083828,ZNF586,7,1,0.14300000000000002,1.0,4.39085,4.391,0.628
SVGNIGNYL,ENSG00000083828,ZNF586,7,1,0.14300000000000002,1.0,4.39085,4.391,0.628
GLMSAVNVG,ENSG00000083828,ZNF586,7,1,0.14300000000000002,1.0,4.39085,4.391,0.628
ALEKGLMSA,ENSG00000083828,ZNF586,7,1,0.14300000000000002,1.0,4.39085,4.391,0.628
TLEKGLMSV,ENSG00000083828,ZNF586,7,1,0.14300000000000002,1.0,4.39085,4.391,0.628
SSHLIAHRR,ENSG00000166704,ZNF606,7,2,0.28600000000000003,1.0,4.37111,4.371,1.25
HQRTHTGEKP,ENSG00000156853,ZNF689,1,1,1.0,1.0,4.34092,4.341,4.341
HQRTHTGEKP,ENSG00000178338,ZNF354B,2,1,0.5,1.0,4.3211,4.321,2.161
HQRTHTGEKP,ENSG00000075407,ZNF37A,4,3,0.75,1.0,4.30108,4.301,3.226
GYHLTQHQKI,ENSG00000167637,ZNF283,6,3,0.5,2.0,2.11096,4.222,2.111
YHLTQHQKI,ENSG00000167637,ZNF283,6,3,0.5,2.0,2.11096,4.222,2.111
RGYHLTQHQK,ENSG00000167637,ZNF283,6,3,0.5,2.0,2.11096,4.222,2.111
GYHLTQHQK,ENSG00000167637,ZNF283,6,3,0.5,2.0,2.11096,4.222,2.111
QFTLHGRRL,ENSG00000138111,MFSD13A,3,1,0.333,1.0,4.19102,4.191,1.396
TLHGRRLHMVK,ENSG00000138111,MFSD13A,3,1,0.333,1.0,4.19102,4.191,1.396
TLHGRRLHMV,ENSG00000138111,MFSD13A,3,1,0.333,1.0,4.19102,4.191,1.396
TLHGRRLHM,ENSG00000138111,MFSD13A,3,1,0.333,1.0,4.19102,4.191,1.396
RLHMVKAQR,ENSG00000138111,MFSD13A,3,1,0.333,1.0,4.19102,4.191,1.396
HQKIHNGEKPY,ENSG00000197050,ZNF420,8,2,0.25,1.0,4.14106,4.141,1.035
KIHNGEKPY,ENSG00000197050,ZNF420,8,2,0.25,1.0,4.14106,4.141,1.035
FLCDLDIVGF,ENSG00000175066,GK5,6,1,0.167,1.0,4.10107,4.101,0.685
AAAAAAAAA,ENSG00000248643,RBM14-RBM4,3,1,0.333,2.0,2.03101,4.062,1.353
HQRTHTGEKP,ENSG00000096654,ZNF184,3,3,1.0,1.0,4.05106,4.051,4.051
GEERTSASL,ENSG00000154358,OBSCN,19,7,0.368,1.0,4.04097,4.041,1.487
ASGRALAAK,ENSG00000154358,OBSCN,19,5,0.263,1.0,4.04097,4.041,1.063
KASGRALAAK,ENSG00000154358,OBSCN,19,5,0.263,1.0,4.04097,4.041,1.063
RALAAKIIPY,ENSG00000154358,OBSCN,19,5,0.263,1.0,4.04097,4.041,1.063
MHVRNVGNP,ENSG00000171295,ZNF440,5,1,0.2,1.0,3.99114,3.991,0.798
GPGEAALQEL,ENSG00000156232,WHAMM,1,1,1.0,1.0,3.99114,3.991,3.991
HQRTHTGEKP,ENSG00000251192,ZNF674,4,3,0.75,3.0,1.3110300000000001,3.933,2.95
KTFTLEKGL,ENSG00000183826,BTBD9,9,4,0.444,1.0,3.9109,3.911,1.736
GQHQATALL,ENSG00000173546,CSPG4,1,1,1.0,1.0,3.90088,3.901,3.901
HQRTHTGEKP,ENSG00000146587,RBAK,2,2,1.0,1.0,3.89089,3.891,3.891
AQGSVPVLH,ENSG00000159239,,1,1,1.0,1.0,3.83094,3.831,3.831
HQRTHTGEKP,ENSG00000145908,ZNF300,5,4,0.8,2.0,1.89094,3.782,3.026
AAAAAAAAA,ENSG00000112183,RBM24,5,4,0.8,8.0,0.47100000000000003,3.768,3.014
SLKNETVAI,ENSG00000148143,ZNF462,5,3,0.6000000000000001,1.0,3.74094,3.741,2.245
KYKRNMIDH,ENSG00000148143,ZNF462,5,4,0.8,1.0,3.74094,3.741,2.993
RNMIDHIVLHR,ENSG00000148143,ZNF462,5,4,0.8,1.0,3.74094,3.741,2.993
MIDHIVLHR,ENSG00000148143,ZNF462,5,4,0.8,1.0,3.74094,3.741,2.993
KRNMIDHIVL,ENSG00000148143,ZNF462,5,4,0.8,1.0,3.74094,3.741,2.993
KRNMIDHIV,ENSG00000148143,ZNF462,5,4,0.8,1.0,3.74094,3.741,2.993
RNMIDHIVLH,ENSG00000148143,ZNF462,5,4,0.8,1.0,3.74094,3.741,2.993
RNMIDHIVL,ENSG00000148143,ZNF462,5,4,0.8,1.0,3.74094,3.741,2.993
NMIDHIVLHR,ENSG00000148143,ZNF462,5,4,0.8,1.0,3.74094,3.741,2.993
SRSSHSLPS,ENSG00000159082,SYNJ1,12,10,0.833,1.0,3.65102,3.651,3.041
AAAAAAAAA,ENSG00000180592,SKIDA1,2,2,1.0,14.5,0.251007,3.64,3.64
RVVFVGNFLRI,ENSG00000152782,PANK1,3,3,1.0,1.0,3.63108,3.6310000000000002,3.6310000000000002
LALKQKQQI,ENSG00000068024,HDAC4,6,4,0.667,1.0,3.6109999999999998,3.6109999999999998,2.409
HQRTHTGEKP,ENSG00000180938,ZNF572,1,1,1.0,4.0,0.9010009999999999,3.604,3.604
VENLLVLIA,ENSG00000267534,S1PR2,1,1,1.0,1.0,3.56104,3.561,3.561
HQRTHTGEKP,ENSG00000176293,ZNF135,6,5,0.833,1.8,1.97096,3.548,2.955
VGQSPRHHL,ENSG00000146950,SHROOM2,3,1,0.333,1.0,3.53106,3.531,1.176
AAAAAAAAA,ENSG00000261150,EPPK1,2,2,1.0,2.0,1.73099,3.462,3.462
AAAAAAAAA,ENSG00000175879,HOXD8,4,3,0.75,1.0,3.43093,3.431,2.573
HQRTHTGEKP,ENSG00000124613,ZNF391,2,1,0.5,2.0,1.69103,3.382,1.691
KGLTIVGSV,ENSG00000124140,SLC12A5,12,2,0.167,1.0,3.38112,3.3810000000000002,0.5650000000000001
AAPAAPPVPA,ENSG00000067445,TRO,19,13,0.684,1.0,3.35102,3.351,2.292
APAAPPVPA,ENSG00000067445,TRO,19,13,0.684,1.0,3.35102,3.351,2.292
RPSGIPERFS,ENSG00000211669,IGLV3-10,1,1,1.0,1.0,3.31108,3.311,3.311
RPSGIPERF,ENSG00000211669,IGLV3-10,1,1,1.0,1.0,3.31108,3.311,3.311
PMYGPGYTGL,ENSG00000058056,USP13,54,5,0.093,1.0,3.30099,3.301,0.307
KPMYGPGYTGL,ENSG00000058056,USP13,54,5,0.093,1.0,3.30099,3.301,0.307
MYGPGYTGL,ENSG00000058056,USP13,54,5,0.093,1.0,3.30099,3.301,0.307
GPGYTGLKNL,ENSG00000058056,USP13,54,5,0.093,1.0,3.30099,3.301,0.307
LLSSVSFFF,ENSG00000168679,SLC16A4,9,4,0.444,1.0,3.29094,3.291,1.461
YLLSSVSFFF,ENSG00000168679,SLC16A4,9,4,0.444,1.0,3.29094,3.291,1.461
QTIGALLTK,ENSG00000136982,DSCC1,1,1,1.0,1.0,3.28092,3.281,3.281
CGEKQTIGAL,ENSG00000136982,DSCC1,1,1,1.0,1.0,3.28092,3.281,3.281
GEKQTIGAL,ENSG00000136982,DSCC1,1,1,1.0,1.0,3.28092,3.281,3.281
GEKQTIGALL,ENSG00000136982,DSCC1,1,1,1.0,1.0,3.28092,3.281,3.281
RTHTGEKPFR,ENSG00000188786,MTF1,1,1,1.0,1.0,3.24091,3.241,3.241
HQRTHTGEKP,ENSG00000081386,ZNF510,2,2,1.0,1.0,3.22098,3.221,3.221
HQRTHTGEKP,ENSG00000176024,ZNF613,5,2,0.4,1.0,3.21095,3.211,1.284
TAAAAAAAA,ENSG00000249992,TMEM158,1,1,1.0,1.0,3.20095,3.201,3.201
HQRTHTGEKP,ENSG00000169981,ZNF35,6,1,0.167,1.0,3.19098,3.191,0.533
TSQVQAVLL,ENSG00000156011,PSD3,11,1,0.091,1.0,3.17092,3.171,0.289
SPGSPEGPRSL,ENSG00000102287,GABRE,3,1,0.333,1.0,3.17092,3.171,1.056
HQRTHTGEKP,ENSG00000141040,ZNF287,3,2,0.667,1.0,3.16104,3.161,2.108
HQRTHTGEKP,ENSG00000188295,ZNF669,5,2,0.4,1.0,3.10093,3.101,1.24
QEESPLKFL,ENSG00000213186,TRIM59,8,2,0.25,1.0,3.09106,3.091,0.773
DPDAPAAQL,ENSG00000102109,PCSK1N,1,1,1.0,1.0,3.03101,3.031,3.031
AAQLARALL,ENSG00000102109,PCSK1N,1,1,1.0,1.0,3.03101,3.031,3.031
APAAQLARAL,ENSG00000102109,PCSK1N,1,1,1.0,1.0,3.03101,3.031,3.031
APAAQLARA,ENSG00000102109,PCSK1N,1,1,1.0,1.0,3.03101,3.031,3.031
APAAQLARALL,ENSG00000102109,PCSK1N,1,1,1.0,1.0,3.03101,3.031,3.031
AAQLARALLR,ENSG00000102109,PCSK1N,1,1,1.0,1.0,3.03101,3.031,3.031
AQLARALLR,ENSG00000102109,PCSK1N,1,1,1.0,1.0,3.03101,3.031,3.031
GLDDDPDAPAA,ENSG00000102109,PCSK1N,1,1,1.0,1.0,3.03101,3.031,3.031
TIALTGSAL,ENSG00000119686,FLVCR2,8,1,0.125,1.0,3.02095,3.021,0.378
IKNGSVVSL,ENSG00000181827,RFX7,6,5,0.833,1.0,2.92108,2.9210000000000003,2.433
RPTTTAALA,ENSG00000101333,PLCB4,47,40,0.851,1.0,2.87109,2.871,2.443
VRSVGNTLV,ENSG00000196659,TTC30B,1,1,1.0,1.0,2.86096,2.8609999999999998,2.8609999999999998
KPRPPLHLLR,ENSG00000137135,ARHGEF39,3,2,0.667,1.0,2.7709900000000003,2.771,1.8479999999999999
KPRPPLHLL,ENSG00000137135,ARHGEF39,3,2,0.667,1.0,2.7709900000000003,2.771,1.8479999999999999
AAAAAAAAA,ENSG00000152784,PRDM8,4,3,0.75,4.0,0.680987,2.724,2.043
HQRTHTGEKP,ENSG00000187626,ZKSCAN4,1,1,1.0,1.0,2.72093,2.721,2.721
KPSHLPHTFK,ENSG00000223547,ZNF844,3,1,0.333,1.0,2.69092,2.691,0.896
GKPSHLPHTF,ENSG00000223547,ZNF844,3,1,0.333,1.0,2.69092,2.691,0.896
KPSHLPHTF,ENSG00000223547,ZNF844,3,1,0.333,1.0,2.69092,2.691,0.896
VGKPSHLPHTF,ENSG00000223547,ZNF844,3,1,0.333,1.0,2.69092,2.691,0.896
GQAPGQDCV,ENSG00000166428,PLD4,5,3,0.6000000000000001,1.0,2.65093,2.651,1.591
RGPRFPRAS,ENSG00000166341,DCHS1,1,1,1.0,1.0,2.64103,2.641,2.641
GEAERGPRFPR,ENSG00000166341,DCHS1,1,1,1.0,1.0,2.64103,2.641,2.641
HQRTHTGEKP,ENSG00000196391,ZNF774,4,1,0.25,2.0,1.3110300000000001,2.622,0.656
AAAAAAAAA,ENSG00000106031,HOXA13,1,1,1.0,20.0,0.130996,2.62,2.62
HQRTHTGEKP,ENSG00000083817,ZNF416,1,1,1.0,1.0,2.60106,2.601,2.601
KLERLAAKFK,ENSG00000015568,RGPD5,7,1,0.14300000000000002,1.0,2.59098,2.591,0.371
KLERLAAKF,ENSG00000015568,RGPD5,7,1,0.14300000000000002,1.0,2.59098,2.591,0.371
HQRTHTGEKP,ENSG00000197566,ZNF624,3,1,0.333,2.0,1.27103,2.542,0.846
STSTLSSSP,ENSG00000185133,INPP5J,11,4,0.364,1.0,2.50099,2.501,0.91
NKYYIPGALY,ENSG00000156966,B3GNT7,1,1,1.0,1.0,2.4909600000000003,2.491,2.491
FLLKKKANV,ENSG00000196912,ANKRD36B,5,3,0.6000000000000001,1.0,2.42099,2.421,1.453
LHQKVREKL,ENSG00000196912,ANKRD36B,5,2,0.4,1.0,2.42099,2.421,0.968
AAAAAAAAA,ENSG00000163508,EOMES,3,2,0.667,6.0,0.390989,2.346,1.565
HQRTHTGEKP,ENSG00000198939,ZFP2,5,3,0.6000000000000001,3.0,0.781003,2.343,1.4060000000000001
VRSVGNTLV,ENSG00000197557,TTC30A,1,1,1.0,1.0,2.34096,2.341,2.341
FLLKKKANV,ENSG00000135976,ANKRD36,3,3,1.0,1.0,2.30106,2.301,2.301
RTFASKHAV,ENSG00000121297,TSHZ3,2,1,0.5,1.0,2.27096,2.271,1.1360000000000001
FASKHAVKL,ENSG00000121297,TSHZ3,2,1,0.5,1.0,2.27096,2.271,1.1360000000000001
RTFASKHAVK,ENSG00000121297,TSHZ3,2,1,0.5,1.0,2.27096,2.271,1.1360000000000001
TFASKHAVK,ENSG00000121297,TSHZ3,2,1,0.5,1.0,2.27096,2.271,1.1360000000000001
APAPTPAPA,ENSG00000108797,CNTNAP1,2,1,0.5,1.0,2.26106,2.261,1.131
AGAPAAPPT,ENSG00000135482,ZC3H10,4,1,0.25,1.0,2.25105,2.251,0.5630000000000001
IVGPTKRDSK,ENSG00000126882,FAM78A,3,3,1.0,1.0,2.22099,2.221,2.221
GPTKRDSKF,ENSG00000126882,FAM78A,3,3,1.0,1.0,2.22099,2.221,2.221
RDSKFIISM,ENSG00000126882,FAM78A,3,3,1.0,1.0,2.22099,2.221,2.221
TIVGPTKRDSK,ENSG00000126882,FAM78A,3,3,1.0,1.0,2.22099,2.221,2.221
KRDSKFIISM,ENSG00000126882,FAM78A,3,3,1.0,1.0,2.22099,2.221,2.221
HQRTHTGEKP,ENSG00000275111,ZNF2,5,5,1.0,1.0,2.161,2.161,2.161
HQRTHTGEKP,ENSG00000178917,ZNF852,2,2,1.0,2.0,1.06098,2.122,2.122
RVREPRVSRRR,ENSG00000185522,LMNTD2,3,1,0.333,1.0,2.12093,2.121,0.706
HQRTHTGEKP,ENSG00000196357,ZNF565,5,4,0.8,1.0,2.11096,2.111,1.689
HQRTHTGEKP,ENSG00000161298,ZNF382,6,4,0.667,2.0,1.05103,2.102,1.4020000000000001
APLAADTPTA,ENSG00000276085,CCL3L1,1,1,1.0,1.0,2.06094,2.061,2.061
HQRTHTGEKP,ENSG00000143067,ZNF697,1,1,1.0,1.0,2.05096,2.051,2.051
NGNSSNSSE,ENSG00000133401,PDZD2,2,1,0.5,1.0,2.03101,2.031,1.016
TAAAAAAAA,ENSG00000248643,RBM14-RBM4,3,1,0.333,1.0,2.03101,2.031,0.676
HQRTHTGEKP,ENSG00000136866,ZFP37,3,3,1.0,2.0,1.01101,2.022,2.022
AAAAAAAAA,ENSG00000178502,KLHL11,1,1,1.0,2.0,1.01101,2.022,2.022
HQRTHTGEKP,ENSG00000018869,ZNF582,6,2,0.333,1.0,2.00097,2.001,0.666
AAAAAAAAA,ENSG00000043355,ZIC2,1,1,1.0,9.0,0.220997,1.9889999999999999,1.9889999999999999
ALGLEESLV,ENSG00000166963,MAP1A,2,2,1.0,1.0,1.95098,1.951,1.951
ALLEKTKALGL,ENSG00000166963,MAP1A,2,2,1.0,1.0,1.95098,1.951,1.951
KALGLEESL,ENSG00000166963,MAP1A,2,2,1.0,1.0,1.95098,1.951,1.951
RPLPPAPLSPA,ENSG00000166963,MAP1A,2,2,1.0,1.0,1.95098,1.951,1.951
ALLEKTKAL,ENSG00000166963,MAP1A,2,2,1.0,1.0,1.95098,1.951,1.951
LEKTKALGL,ENSG00000166963,MAP1A,2,2,1.0,1.0,1.95098,1.951,1.951
AELVTAEAVR,ENSG00000144908,ALDH1L1,13,6,0.462,1.0,1.941,1.941,0.897
HQRTHTGEKP,ENSG00000189298,ZKSCAN3,3,3,1.0,1.0,1.9109600000000002,1.911,1.911
RFLGNSKSD,ENSG00000085840,ORC1,2,2,1.0,1.0,1.881,1.881,1.881
KSDQEEKEIL,ENSG00000085840,ORC1,2,2,1.0,1.0,1.881,1.881,1.881
LRFLGNSKSD,ENSG00000085840,ORC1,2,2,1.0,1.0,1.881,1.881,1.881
SDQEEKEIL,ENSG00000085840,ORC1,2,2,1.0,1.0,1.881,1.881,1.881
HQRTHTGEKP,ENSG00000196345,ZKSCAN7,7,3,0.429,1.667,1.12101,1.869,0.802
HFTPNSRNP,ENSG00000113924,HGD,5,1,0.2,1.0,1.85099,1.851,0.37
WLLLGSIIF,ENSG00000166762,CATSPER2,8,4,0.5,1.0,1.84101,1.841,0.921
GMKWNGMEW,ENSG00000099139,PCSK5,7,1,0.14300000000000002,1.0,1.8309600000000001,1.831,0.262
AAAAAAAAA,ENSG00000251493,FOXD1,1,1,1.0,3.0,0.600985,1.803,1.803
VETVLNLLV,ENSG00000172915,NBEA,31,7,0.226,1.0,1.8010000000000002,1.8010000000000002,0.40700000000000003
RAKGQVLTK,ENSG00000065328,MCM10,4,3,0.75,1.0,1.75103,1.751,1.313
KLRAKGQVL,ENSG00000065328,MCM10,4,3,0.75,1.0,1.75103,1.751,1.313
QPREAGQLQ,ENSG00000028277,POU2F2,18,1,0.056,1.0,1.73099,1.7309999999999999,0.097
HQRTHTGEKP,ENSG00000198185,ZNF334,7,6,0.857,1.0,1.71095,1.7109999999999999,1.466
HRSHTGEKPF,ENSG00000178229,ZNF543,1,1,1.0,1.0,1.7010200000000002,1.701,1.701
HQRTHTGEKP,ENSG00000221994,ZNF630,8,3,0.375,1.0,1.63105,1.631,0.612
RAPASSQHP,ENSG00000164694,FNDC1,2,2,1.0,1.0,1.6243500000000002,1.624,1.624
SPGSGLSSPG,ENSG00000142235,LMTK3,7,4,0.5710000000000001,1.0,1.6210200000000001,1.621,0.926
EAAAPGAAA,ENSG00000142235,LMTK3,7,4,0.5710000000000001,1.0,1.6210200000000001,1.621,0.926
PGSGLSSPG,ENSG00000142235,LMTK3,7,4,0.5710000000000001,1.0,1.6210200000000001,1.621,0.926
FIPSFQVYKL,ENSG00000120341,SEC16B,4,1,0.25,1.0,1.5510000000000002,1.5510000000000002,0.388
KSFIPSFQVYK,ENSG00000120341,SEC16B,4,1,0.25,1.0,1.5510000000000002,1.5510000000000002,0.388
FIPSFQVYK,ENSG00000120341,SEC16B,4,1,0.25,1.0,1.5510000000000002,1.5510000000000002,0.388
AAAAAAAAA,ENSG00000137273,FOXF2,1,1,1.0,1.0,1.5510000000000002,1.5510000000000002,1.5510000000000002
VPKTEIKRIL,ENSG00000106804,C5,4,3,0.75,1.0,1.5410400000000002,1.541,1.156
VPKTEIKRI,ENSG00000106804,C5,4,3,0.75,1.0,1.5410400000000002,1.541,1.156
KTEIKRILSVK,ENSG00000106804,C5,4,3,0.75,1.0,1.5410400000000002,1.541,1.156
TEIKRILSVK,ENSG00000106804,C5,4,3,0.75,1.0,1.5410400000000002,1.541,1.156
EIKRILSVK,ENSG00000106804,C5,4,3,0.75,1.0,1.5410400000000002,1.541,1.156
CIILNPHCK,ENSG00000162415,ZSWIM5,1,1,1.0,1.0,1.4610400000000001,1.461,1.461
VCIILNPHCK,ENSG00000162415,ZSWIM5,1,1,1.0,1.0,1.4610400000000001,1.461,1.461
IILNPHCKL,ENSG00000162415,ZSWIM5,1,1,1.0,1.0,1.4610400000000001,1.461,1.461
AHTGPPAPPR,ENSG00000161328,LRRC56,1,1,1.0,1.0,1.4610400000000001,1.461,1.461
AAAAAAAAA,ENSG00000164107,HAND2,2,1,0.5,4.0,0.36100699999999997,1.444,0.722
AAAAAAAAA,ENSG00000107864,CPEB3,3,3,1.0,1.0,1.39098,1.391,1.391
QPAPPQPLQLQ,ENSG00000187391,MAGI2,21,10,0.47600000000000003,1.0,1.39098,1.391,0.662
SQKVTLIGHQ,ENSG00000175787,ZNF169,4,1,0.25,1.0,1.35097,1.351,0.338
HQRTHTGEKP,ENSG00000155592,ZKSCAN2,2,1,0.5,1.0,1.30098,1.301,0.651
IRISNITPA,ENSG00000101307,SIRPB1,13,2,0.154,1.0,1.30098,1.301,0.2
NNMDFSIRI,ENSG00000101307,SIRPB1,13,2,0.154,1.0,1.30098,1.301,0.2
RHTGEKPYK,ENSG00000197566,ZNF624,3,1,0.333,1.0,1.27103,1.271,0.423
APLPPSDKLP,ENSG00000182010,RTKN2,3,1,0.333,1.0,1.241,1.241,0.41300000000000003
QAPLPPSDKL,ENSG00000182010,RTKN2,3,1,0.333,1.0,1.241,1.241,0.41300000000000003
APLPPSDKL,ENSG00000182010,RTKN2,3,1,0.333,1.0,1.241,1.241,0.41300000000000003
APLPPSDKLPF,ENSG00000182010,RTKN2,3,1,0.333,1.0,1.241,1.241,0.41300000000000003
RQAPLPPSD,ENSG00000182010,RTKN2,3,1,0.333,1.0,1.241,1.241,0.41300000000000003
RQAPLPPSDK,ENSG00000182010,RTKN2,3,1,0.333,1.0,1.241,1.241,0.41300000000000003
RQAPLPPSDKL,ENSG00000182010,RTKN2,3,1,0.333,1.0,1.241,1.241,0.41300000000000003
LPPSDKLPFSL,ENSG00000182010,RTKN2,3,1,0.333,1.0,1.241,1.241,0.41300000000000003
LPPSDKLPF,ENSG00000182010,RTKN2,3,1,0.333,1.0,1.241,1.241,0.41300000000000003
AAAAAAAAA,ENSG00000130675,MNX1,7,1,0.14300000000000002,6.0,0.201005,1.206,0.17200000000000001
TSLHSFQVI,ENSG00000167550,RHEBL1,4,2,0.5,1.0,1.20097,1.201,0.601
TLGGDHTIT,ENSG00000116771,AGMAT,1,1,1.0,1.0,1.19102,1.191,1.191
VTLTREMITL,ENSG00000154529,CNTNAP3B,9,4,0.444,1.0,1.19102,1.191,0.529
LCKSNGWIL,ENSG00000162482,AKR7A3,1,1,1.0,1.0,1.15101,1.151,1.151
TLCKSNGWIL,ENSG00000162482,AKR7A3,1,1,1.0,1.0,1.15101,1.151,1.151
AAAAAAAAA,ENSG00000176399,DMRTA1,1,1,1.0,3.0,0.38101,1.143,1.143
LHQKVREKL,ENSG00000174501,ANKRD36C,6,2,0.333,1.0,1.131,1.131,0.377
NNMDFSIRI,ENSG00000089012,SIRPG,5,5,1.0,1.0,1.12101,1.121,1.121
APTPTPAPAAA,ENSG00000176909,MAMSTR,5,3,0.6000000000000001,1.0,1.10099,1.101,0.661
GISGSLPMM,ENSG00000169894,MUC3A,3,2,0.667,2.0,0.541,1.082,0.722
TPSSVGISGSL,ENSG00000169894,MUC3A,3,2,0.667,2.0,0.541,1.082,0.722
SSVGISGSL,ENSG00000169894,MUC3A,3,2,0.667,2.0,0.541,1.082,0.722
TPSSVGISG,ENSG00000169894,MUC3A,3,2,0.667,2.0,0.541,1.082,0.722
VENVGMLLV,ENSG00000198870,STKLD1,1,1,1.0,1.0,1.07103,1.071,1.071
SPAPASAPKVA,ENSG00000149294,NCAM1,20,1,0.05,1.0,1.05103,1.051,0.053
SPAPASAPKV,ENSG00000149294,NCAM1,20,1,0.05,1.0,1.05103,1.051,0.053
APSPAPASA,ENSG00000149294,NCAM1,20,1,0.05,1.0,1.05103,1.051,0.053
RGRALPGGR,ENSG00000138685,FGF2,3,1,0.333,1.0,1.05103,1.051,0.35000000000000003
WRSSALLLL,ENSG00000167850,CD300C,1,1,1.0,1.0,1.03097,1.031,1.031
AAAAAAAAA,ENSG00000169918,OTUD7A,4,3,0.75,3.0,0.330999,0.993,0.745
AAAATPAPA,ENSG00000130487,KLHDC7B,2,1,0.5,1.0,0.9609939999999999,0.961,0.481
DRPELRRSL,ENSG00000135426,TESPA1,13,6,0.462,1.0,0.910986,0.911,0.421
AGRAALGNR,ENSG00000187730,GABRD,10,1,0.1,1.0,0.910986,0.911,0.091
ASGSALLQH,ENSG00000267041,ZNF850,3,2,0.667,2.0,0.451,0.902,0.602
VGNYLIGSRKL,ENSG00000142149,HUNK,3,1,0.333,1.0,0.870973,0.871,0.29
AAAAAAAAA,ENSG00000204335,SP5,1,1,1.0,2.0,0.431012,0.862,0.862
TLLEGSGLESI,ENSG00000122224,LY9,7,1,0.14300000000000002,1.0,0.850982,0.851,0.122
AAAAAAAAA,ENSG00000206432,TMEM200C,2,2,1.0,4.0,0.210998,0.844,0.844
HQRTHTGEKP,ENSG00000121903,ZSCAN20,3,2,0.667,1.0,0.830988,0.8310000000000001,0.554
KLERLAAKFK,ENSG00000169629,RGPD8,5,2,0.4,1.0,0.801014,0.801,0.32
KLERLAAKF,ENSG00000169629,RGPD8,5,2,0.4,1.0,0.801014,0.801,0.32
LLQHTPCYR,ENSG00000115598,IL1RL2,3,2,0.667,1.0,0.770999,0.771,0.514
AAAAAAAAA,ENSG00000128713,HOXD11,1,1,1.0,5.0,0.150998,0.755,0.755
TAAAAAAAA,ENSG00000276644,DACH1,4,3,0.75,1.0,0.740977,0.741,0.556
AAAAAAAAA,ENSG00000276644,DACH1,4,3,0.75,1.0,0.740977,0.741,0.556
LAAAAAAAA,ENSG00000151789,ZNF385D,5,1,0.2,1.0,0.710989,0.711,0.14200000000000002
LFRRSFALL,ENSG00000189420,ZFP92,1,1,1.0,2.0,0.35099,0.7020000000000001,0.7020000000000001
HQRTHTGEKP,ENSG00000233757,,2,1,0.5,2.0,0.34099,0.682,0.341
ETGEAKRSAF,ENSG00000152784,PRDM8,4,4,1.0,1.0,0.680987,0.681,0.681
AAAAAAAAA,ENSG00000004848,ARX,2,1,0.5,13.0,0.050998499999999995,0.663,0.332
AAAAAAAAA,ENSG00000167971,CASKIN1,1,1,1.0,3.0,0.220997,0.663,0.663
VTLTREMITL,ENSG00000106714,CNTNAP3,5,3,0.6000000000000001,1.0,0.641002,0.641,0.385
RPSGIPERFS,ENSG00000211670,IGLV3-9,1,1,1.0,1.0,0.641002,0.641,0.641
RPSGIPERF,ENSG00000211670,IGLV3-9,1,1,1.0,1.0,0.641002,0.641,0.641
GDGVKTFNF,ENSG00000092607,TBX15,3,2,0.667,1.0,0.610981,0.611,0.40800000000000003
AAPGPAAAPP,ENSG00000185818,NAT8L,1,1,1.0,1.0,0.590988,0.591,0.591
APGPAAAPPA,ENSG00000185818,NAT8L,1,1,1.0,1.0,0.590988,0.591,0.591
AAAAAAAAA,ENSG00000198300,PEG3,17,13,0.765,1.0,0.590988,0.591,0.452
KIRYVWNYL,ENSG00000127249,ATP13A4,7,3,0.429,1.0,0.580996,0.581,0.249
LAAAAAAAA,ENSG00000198944,SOWAHA,1,1,1.0,1.0,0.5710149999999999,0.5710000000000001,0.5710000000000001
AAAAAAAAA,ENSG00000198944,SOWAHA,1,1,1.0,1.0,0.5710149999999999,0.5710000000000001,0.5710000000000001
ERPSGIPERF,ENSG00000211658,IGLV3-27,1,1,1.0,1.0,0.541,0.541,0.541
TATHPTRSS,ENSG00000184343,SRPK3,8,1,0.125,1.0,0.541,0.541,0.068
HPTRSSQASC,ENSG00000184343,SRPK3,8,1,0.125,1.0,0.541,0.541,0.068
RPSGIPERFS,ENSG00000211658,IGLV3-27,1,1,1.0,1.0,0.541,0.541,0.541
RPSGIPERF,ENSG00000211658,IGLV3-27,1,1,1.0,1.0,0.541,0.541,0.541
MPTATHPTRSS,ENSG00000184343,SRPK3,8,1,0.125,1.0,0.541,0.541,0.068
SERPSGIPERF,ENSG00000211658,IGLV3-27,1,1,1.0,1.0,0.541,0.541,0.541
TLCKSNGWIL,ENSG00000211454,AKR7L,2,2,1.0,1.0,0.5210159999999999,0.521,0.521
LCKSNGWIL,ENSG00000211454,AKR7L,2,2,1.0,1.0,0.5210159999999999,0.521,0.521
AAAAAAAPA,ENSG00000152402,GUCY1A2,3,3,1.0,1.0,0.511002,0.511,0.511
AAAPAPTPA,ENSG00000152402,GUCY1A2,3,3,1.0,1.0,0.511002,0.511,0.511
TAAAAAAAA,ENSG00000112183,RBM24,5,4,0.8,1.0,0.47100000000000003,0.47100000000000003,0.377
RHTGEKPYK,ENSG00000269825,,1,1,1.0,1.0,0.46098799999999995,0.461,0.461
AAAAAAAAA,ENSG00000163623,NKX6-1,2,1,0.5,5.0,0.09099929999999999,0.455,0.228
AAAAAAAAA,ENSG00000170396,ZNF804A,1,1,1.0,5.0,0.09099929999999999,0.455,0.455
HQRTHTGEKP,ENSG00000267041,ZNF850,3,2,0.667,1.0,0.451,0.451,0.301
AAAAAAAAA,ENSG00000106689,LHX2,4,2,0.5,2.0,0.220997,0.442,0.221
IRNVCISLL,ENSG00000164037,SLC9B1,9,4,0.444,1.0,0.441015,0.441,0.196
ALLGISFFAL,ENSG00000117013,KCNQ4,3,3,1.0,1.0,0.441015,0.441,0.441
NAIASIRNV,ENSG00000164037,SLC9B1,9,4,0.444,1.0,0.441015,0.441,0.196
ILNNAIASI,ENSG00000164037,SLC9B1,9,4,0.444,1.0,0.441015,0.441,0.196
GILNNAIASI,ENSG00000164037,SLC9B1,9,4,0.444,1.0,0.441015,0.441,0.196
ILNNAIASIR,ENSG00000164037,SLC9B1,9,4,0.444,1.0,0.441015,0.441,0.196
GGILNNAIASI,ENSG00000164037,SLC9B1,9,4,0.444,1.0,0.441015,0.441,0.196
SIRNVCISL,ENSG00000164037,SLC9B1,9,4,0.444,1.0,0.441015,0.441,0.196
AAAAAAAAA,ENSG00000185668,POU3F1,1,1,1.0,3.0,0.141003,0.423,0.423
RHTGEKPYK,ENSG00000213793,ZNF888,1,1,1.0,1.0,0.421002,0.421,0.421
HQRTHTGEKP,ENSG00000127903,ZNF835,2,1,0.5,1.0,0.421002,0.421,0.211
QGLPGSSVI,ENSG00000081052,COL4A4,5,1,0.2,1.0,0.421002,0.421,0.084
EAAHGPRGL,ENSG00000204248,COL11A2,4,1,0.25,1.0,0.401007,0.401,0.1
GAAAHGPRGL,ENSG00000204248,COL11A2,4,1,0.25,1.0,0.401007,0.401,0.1
AAAAAAAAA,ENSG00000188779,SKOR1,4,3,0.75,3.0,0.130996,0.393,0.295
LSNPARPGM,ENSG00000151006,PRSS53,1,1,1.0,1.0,0.390989,0.391,0.391
SENRYVGNPL,ENSG00000107518,ATRNL1,7,3,0.429,1.0,0.390989,0.391,0.168
VAGSIAAVAV,ENSG00000182902,SLC25A18,2,2,1.0,1.0,0.38101,0.381,0.381
TFFSLNMTTR,ENSG00000184454,NCMAP,1,1,1.0,1.0,0.371002,0.371,0.371
FFSLNMTTR,ENSG00000184454,NCMAP,1,1,1.0,1.0,0.371002,0.371,0.371
AYTPSPAPA,ENSG00000122367,LDB3,17,7,0.41200000000000003,1.0,0.371002,0.371,0.153
WFVGGIVSW,ENSG00000009724,MASP2,2,1,0.5,1.0,0.35099,0.35100000000000003,0.176
ERWFVGGIVSW,ENSG00000009724,MASP2,2,1,0.5,1.0,0.35099,0.35100000000000003,0.176
RWFVGGIVSW,ENSG00000009724,MASP2,2,1,0.5,1.0,0.35099,0.35100000000000003,0.176
SSALLTIDD,ENSG00000221866,PLXNA4,4,4,1.0,1.0,0.35099,0.35100000000000003,0.35100000000000003
TERWFVGGI,ENSG00000009724,MASP2,2,1,0.5,1.0,0.35099,0.35100000000000003,0.176
AAAAAAAAA,ENSG00000125285,SOX21,1,1,1.0,11.0,0.030999699999999998,0.341,0.341
YMNGNYLVI,ENSG00000188338,SLC38A3,5,2,0.4,1.0,0.34099,0.341,0.136
TAAAAAAAA,ENSG00000169918,OTUD7A,4,3,0.75,1.0,0.330999,0.331,0.248
SPTPASAPN,ENSG00000103154,NECAB2,4,3,0.75,1.0,0.32099000000000005,0.321,0.241
ALLGISFFAL,ENSG00000185760,KCNQ5,9,6,0.667,1.0,0.311003,0.311,0.20700000000000002
SLKSLEGER,ENSG00000271079,CTAGE15,1,1,1.0,1.0,0.311003,0.311,0.311
AAAAAAAAA,ENSG00000119946,CNNM1,2,2,1.0,1.0,0.291002,0.291,0.291
LKKKVQFQF,ENSG00000130294,KIF1A,29,13,0.448,1.0,0.291002,0.291,0.13
TDVEGVENC,ENSG00000133640,LRRIQ1,5,1,0.2,1.0,0.291002,0.291,0.058
HQRTHTGEKP,ENSG00000187987,ZSCAN23,2,1,0.5,1.0,0.291002,0.291,0.146
AAAAAAAAA,ENSG00000128714,HOXD13,1,1,1.0,7.0,0.0410009,0.28700000000000003,0.28700000000000003
IPAPQGAVL,ENSG00000170498,KISS1,1,1,1.0,1.0,0.251007,0.251,0.251
AAAAAAAAA,ENSG00000178919,FOXE1,1,1,1.0,8.0,0.030999699999999998,0.248,0.248
AAAAAAAAA,ENSG00000163064,EN1,1,1,1.0,3.0,0.0810019,0.243,0.243
AAAAAAAAA,ENSG00000180828,BHLHE22,1,1,1.0,1.0,0.231006,0.231,0.231
AGPRERAGQAR,ENSG00000183114,FAM43B,1,1,1.0,1.0,0.231006,0.231,0.231
MTVEMAGTL,ENSG00000205639,MFSD2B,4,3,0.75,1.0,0.220997,0.221,0.166
CVLAGMKAL,ENSG00000203710,CR1,7,5,0.714,1.0,0.220997,0.221,0.158
VLAGMKALW,ENSG00000203710,CR1,7,5,0.714,1.0,0.220997,0.221,0.158
LAAAAAAAA,ENSG00000206432,TMEM200C,2,2,1.0,1.0,0.210998,0.211,0.211
AGAPAAPPAPA,ENSG00000166924,NYAP1,2,2,1.0,1.0,0.210998,0.211,0.211
AAAAAAAAA,ENSG00000187140,FOXD3,1,1,1.0,4.0,0.050998499999999995,0.20400000000000001,0.20400000000000001
LSLTGLIAFSF,ENSG00000157890,MEGF11,8,3,0.375,1.0,0.190994,0.191,0.07200000000000001
LTGLIAFSF,ENSG00000157890,MEGF11,8,3,0.375,1.0,0.190994,0.191,0.07200000000000001
AAAAAAAAA,ENSG00000183770,FOXL2,1,1,1.0,6.0,0.030999699999999998,0.186,0.186
ALKLAERPER,ENSG00000148680,HTR7,3,3,1.0,1.0,0.181005,0.181,0.181
GALWLGVLRL,ENSG00000171611,PTCRA,4,4,1.0,1.0,0.181005,0.181,0.181
SFNISEGIL,ENSG00000127364,TAS2R4,1,1,1.0,1.0,0.171004,0.171,0.171
NTSFNISEG,ENSG00000127364,TAS2R4,1,1,1.0,1.0,0.171004,0.171,0.171
TSFNISEGI,ENSG00000127364,TAS2R4,1,1,1.0,1.0,0.171004,0.171,0.171
AAAAAAAAA,ENSG00000119919,NKX2-3,1,1,1.0,8.0,0.020999499999999997,0.168,0.168
AAAAAAAAA,ENSG00000130711,PRDM12,2,1,0.5,4.0,0.0410009,0.164,0.082
AAAAAAAAA,ENSG00000170549,IRX1,1,1,1.0,2.0,0.0810019,0.162,0.162
LLALPVLASP,ENSG00000095917,TPSD1,2,2,1.0,1.0,0.160996,0.161,0.161
LALPVLASP,ENSG00000095917,TPSD1,2,2,1.0,1.0,0.160996,0.161,0.161
CAAPQKSPWL,ENSG00000170965,PLAC1,1,1,1.0,1.0,0.160996,0.161,0.161
AAAAAAAAA,ENSG00000139352,ASCL1,1,1,1.0,5.0,0.030999699999999998,0.155,0.155
PWLCAAAQVA,ENSG00000135116,HRK,2,1,0.5,1.0,0.150998,0.151,0.076
AAPAAAAAAA,ENSG00000131668,BARX1,2,1,0.5,1.0,0.150998,0.151,0.076
SAETSTSTL,ENSG00000181143,MUC16,4,1,0.25,1.0,0.141003,0.14100000000000001,0.035
SSAETSTSTL,ENSG00000181143,MUC16,4,1,0.25,1.0,0.141003,0.14100000000000001,0.035
AAAAAAAAA,ENSG00000198914,POU3F3,2,2,1.0,12.0,0.0109996,0.132,0.132
AAAAAAAAA,ENSG00000187416,LHFPL3,3,2,0.667,3.0,0.0410009,0.123,0.082
HQRTHTGEKP,ENSG00000147117,ZNF157,1,1,1.0,2.0,0.061002,0.122,0.122
FFLSLIRAPR,ENSG00000124302,CHST8,5,4,0.8,1.0,0.121002,0.121,0.097
FLSLIRAPR,ENSG00000124302,CHST8,5,4,0.8,1.0,0.121002,0.121,0.097
RAPRNLTFPR,ENSG00000124302,CHST8,5,4,0.8,1.0,0.121002,0.121,0.097
SLIRAPRNL,ENSG00000124302,CHST8,5,4,0.8,1.0,0.121002,0.121,0.097
LIRAPRNLTF,ENSG00000124302,CHST8,5,4,0.8,1.0,0.121002,0.121,0.097
SLIRAPRNLTF,ENSG00000124302,CHST8,5,4,0.8,1.0,0.121002,0.121,0.097
HQRTHTGEKP,ENSG00000264668,,1,1,1.0,1.0,0.121002,0.121,0.121
IRAPRNLTF,ENSG00000124302,CHST8,5,4,0.8,1.0,0.121002,0.121,0.097
VTVALASAH,ENSG00000153002,CPB1,5,5,1.0,1.0,0.110998,0.111,0.111
TAAAAAAAA,ENSG00000178233,TMEM151B,2,2,1.0,1.0,0.110998,0.111,0.111
ATLEERHARG,ENSG00000163673,DCLK3,2,2,1.0,1.0,0.10099799999999999,0.101,0.101
TAAAAAAAA,ENSG00000185737,NRG3,9,2,0.222,1.0,0.10099799999999999,0.101,0.022
TAAAAAAAA,ENSG00000119547,ONECUT2,1,1,1.0,1.0,0.10099799999999999,0.101,0.101
AAAAAAAAA,ENSG00000185737,NRG3,9,2,0.222,1.0,0.10099799999999999,0.101,0.022
DTVGNLGLLF,ENSG00000006283,CACNA1G,34,2,0.059000000000000004,1.0,0.09099929999999999,0.091,0.005
ARAQQARAQR,ENSG00000141431,ASXL3,6,3,0.5,1.0,0.09099929999999999,0.091,0.046
AAAAAATTA,ENSG00000065609,SNAP91,20,6,0.30000000000000004,1.0,0.09099929999999999,0.091,0.027
TVGNLGLLF,ENSG00000006283,CACNA1G,34,2,0.059000000000000004,1.0,0.09099929999999999,0.091,0.005
HQRTHTGEKP,ENSG00000255104,ZNF286A-TBC1D26,7,4,0.5710000000000001,2.0,0.0410009,0.082,0.047
EEEIPPEEE,ENSG00000155657,TTN,15,3,0.2,1.0,0.0810019,0.081,0.016
VTRFEISKL,ENSG00000155657,TTN,15,6,0.4,1.0,0.0810019,0.081,0.032
LAAAAAAAA,ENSG00000170549,IRX1,1,1,1.0,1.0,0.0810019,0.081,0.081
AAAAAAAAA,ENSG00000273274,ZBTB8B,1,1,1.0,7.0,0.0109996,0.077,0.077
ECGGQIHAA,ENSG00000183117,CSMD1,6,6,1.0,1.0,0.07100179999999999,0.07100000000000001,0.07100000000000001
SVVLTNLTGK,ENSG00000173662,TAS1R1,4,2,0.5,1.0,0.07100179999999999,0.07100000000000001,0.036000000000000004
NYLTRIRIFS,ENSG00000148483,TMEM236,1,1,1.0,1.0,0.061002,0.061,0.061
AAPAAAAAAA,ENSG00000169181,GSG1L,5,2,0.4,1.0,0.061002,0.061,0.024
RSARYSRSL,ENSG00000171126,KCNG3,2,2,1.0,1.0,0.061002,0.061,0.061
KLERLAAKF,ENSG00000153165,RGPD3,2,2,1.0,1.0,0.061002,0.061,0.061
KLERLAAKFK,ENSG00000153165,RGPD3,2,2,1.0,1.0,0.061002,0.061,0.061
ILTSVEHPRNL,ENSG00000165164,CFAP47,5,1,0.2,1.0,0.061002,0.061,0.012
AAAAAAAAA,ENSG00000205927,OLIG2,3,2,0.667,5.0,0.0109996,0.055,0.037
LSRTHNSRL,ENSG00000143469,SYT14,8,7,0.875,1.0,0.050998499999999995,0.051000000000000004,0.045
TAAAAAAAA,ENSG00000004848,ARX,2,1,0.5,1.0,0.050998499999999995,0.051000000000000004,0.026000000000000002
AAAAAAAAA,ENSG00000163497,FEV,1,1,1.0,4.0,0.0109996,0.044,0.044
AAAAAAAAA,ENSG00000136574,GATA4,7,3,0.429,1.0,0.0410009,0.041,0.018000000000000002
TMPMPLMSAM,ENSG00000243978,RTL9,3,3,1.0,1.0,0.0410009,0.041,0.041
LAAAAAAAA,ENSG00000136574,GATA4,7,3,0.429,1.0,0.0410009,0.041,0.018000000000000002
LAAAAAAAA,ENSG00000130711,PRDM12,2,1,0.5,1.0,0.0410009,0.041,0.021
VPWRSSNAS,ENSG00000141096,DPEP3,2,2,1.0,1.0,0.0410009,0.041,0.041
IYVGPVANL,ENSG00000163357,DCST1,4,4,1.0,1.0,0.0410009,0.041,0.041
PWRSSNASPY,ENSG00000141096,DPEP3,2,2,1.0,1.0,0.0410009,0.041,0.041
KLYDPGPER,ENSG00000167080,B4GALNT2,3,3,1.0,1.0,0.0410009,0.041,0.041
AAAPQPAAA,ENSG00000089169,RPH3A,20,5,0.25,1.0,0.0410009,0.041,0.01
RTHTGEKPFR,ENSG00000255104,ZNF286A-TBC1D26,7,4,0.5710000000000001,1.0,0.0410009,0.041,0.023
APTPAAAAAA,ENSG00000128714,HOXD13,1,1,1.0,1.0,0.0410009,0.041,0.041
AAAAAAAAA,ENSG00000267909,CCDC177,1,1,1.0,3.0,0.0109996,0.033,0.033
TAAAAAAAA,ENSG00000139352,ASCL1,1,1,1.0,1.0,0.030999699999999998,0.031,0.031
SAPAAAAAA,ENSG00000075891,PAX2,7,4,0.5710000000000001,1.0,0.030999699999999998,0.031,0.018000000000000002
SSNISSVAL,ENSG00000144406,UNC80,5,4,0.8,1.0,0.030999699999999998,0.031,0.025
ALICNTTNL,ENSG00000142408,CACNG8,1,1,1.0,1.0,0.030999699999999998,0.031,0.031
AAAAAAAAA,ENSG00000107859,PITX3,2,2,1.0,1.0,0.030999699999999998,0.031,0.031
AAAAAAAAA,ENSG00000152192,POU4F1,1,1,1.0,2.0,0.0109996,0.022,0.022
AAAAAAAAA,ENSG00000139800,ZIC5,1,1,1.0,2.0,0.0109996,0.022,0.022
LAAAAAAAA,ENSG00000139800,ZIC5,1,1,1.0,2.0,0.0109996,0.022,0.022
RLSAEVPVA,ENSG00000164287,CDC20B,5,5,1.0,1.0,0.020999499999999997,0.021,0.021
RLSAEVPVAS,ENSG00000164287,CDC20B,5,5,1.0,1.0,0.020999499999999997,0.021,0.021
TIVGNVGSM,ENSG00000144191,CNGA3,2,2,1.0,1.0,0.020999499999999997,0.021,0.021
AAAAAAAAA,ENSG00000142700,DMRTA2,2,2,1.0,1.0,0.020999499999999997,0.021,0.021
AAAAAAAAA,ENSG00000109132,PHOX2B,1,1,1.0,13.0,0.000999989,0.013000000000000001,0.013000000000000001
FLVQNTTEK,ENSG00000242550,SERPINB10,4,2,0.5,1.0,0.0109996,0.011,0.006
RTHTGEKPFR,ENSG00000174963,ZIC4,9,5,0.556,1.0,0.0109996,0.011,0.006
ALLAAGTALL,ENSG00000137204,SLC22A7,6,4,0.667,1.0,0.0109996,0.011,0.007
KVDIEAIFSK,ENSG00000184672,RALYL,10,8,0.8,1.0,0.0109996,0.011,0.009000000000000001
KRTLENAGQ,ENSG00000167910,CYP7A1,1,1,1.0,1.0,0.0109996,0.011,0.011
GGGVRGPRV,ENSG00000171560,FGA,2,2,1.0,1.0,0.0109996,0.011,0.011
AAAAAAAAA,ENSG00000164651,SP8,2,2,1.0,10.0,0.000999989,0.01,0.01
AAAAAAAAA,ENSG00000223731,SUPT20HL1,2,2,1.0,10.0,0.000999989,0.01,0.01
AAAAAAAAA,ENSG00000134595,SOX3,1,1,1.0,9.0,0.000999989,0.009000000000000001,0.009000000000000001
HQRTHTGEKP,ENSG00000164256,PRDM9,3,2,0.667,9.0,0.000999989,0.009000000000000001,0.006
AAAAAAAAA,ENSG00000180613,GSX2,2,1,0.5,8.0,0.000999989,0.008,0.004
AAAAAAAAA,ENSG00000125816,NKX2-4,1,1,1.0,8.0,0.000999989,0.008,0.008
AAAAAAAAA,ENSG00000217236,SP9,1,1,1.0,8.0,0.000999989,0.008,0.008
AAAAAAAAA,ENSG00000204612,FOXB2,1,1,1.0,7.0,0.000999989,0.007,0.007
AAAAAAAAA,ENSG00000174279,EVX2,1,1,1.0,7.0,0.000999989,0.007,0.007
AAAAAAAAA,ENSG00000254553,,1,1,1.0,7.0,0.000999989,0.007,0.007
AAAAAAAAA,ENSG00000188620,HMX3,1,1,1.0,5.0,0.000999989,0.005,0.005
AAAAAAAAA,ENSG00000156925,ZIC3,2,2,1.0,2.0,0.000999989,0.002,0.002
AAAAAAAAA,ENSG00000182968,SOX1,1,1,1.0,2.0,0.000999989,0.002,0.002
AAAAAAAAA,ENSG00000133124,IRS4,2,2,1.0,2.0,0.000999989,0.002,0.002
AELPAATAD,ENSG00000176020,AMIGO3,1,1,1.0,1.0,0.000999989,0.001,0.001
TAAAAAAAA,ENSG00000134595,SOX3,1,1,1.0,1.0,0.000999989,0.001,0.001
APAPTPAPA,ENSG00000169509,CRCT1,1,1,1.0,1.0,0.000999989,0.001,0.001
KLERLAAKFK,ENSG00000196862,RGPD4,1,1,1.0,1.0,0.000999989,0.001,0.001
RPSGIPERFS,ENSG00000211665,IGLV3-16,1,1,1.0,1.0,0.000999989,0.001,0.001
LSLELRIPG,ENSG00000257987,TEX49,2,1,0.5,1.0,0.000999989,0.001,0.001
AAAAAAAAA,ENSG00000255073,ZFP91-CNTF,2,1,0.5,1.0,0.000999989,0.001,0.001
KLLGKKLTI,ENSG00000221840,OR4A5,1,1,1.0,1.0,0.000999989,0.001,0.001
LWDNPPLLL,ENSG00000236446,CT47B1,1,1,1.0,1.0,0.000999989,0.001,0.001
LWDNPPLLLL,ENSG00000236446,CT47B1,1,1,1.0,1.0,0.000999989,0.001,0.001
HLIPPSIWKE,ENSG00000196228,SULT1C3,2,2,1.0,1.0,0.000999989,0.001,0.001
HLIPPSIWK,ENSG00000196228,SULT1C3,2,2,1.0,1.0,0.000999989,0.001,0.001
TAAAAAAAA,ENSG00000174279,EVX2,1,1,1.0,1.0,0.000999989,0.001,0.001
RQRQNRQNLK,ENSG00000170255,MRGPRX1,2,2,1.0,1.0,0.000999989,0.001,0.001
KVPRKDLIVM,ENSG00000198062,POTEH,2,2,1.0,1.0,0.000999989,0.001,0.001
KVPRKDLIVM,ENSG00000196604,POTEF,2,2,1.0,1.0,0.000999989,0.001,0.001
LAAAAAAAA,ENSG00000164900,GBX1,1,1,1.0,1.0,0.000999989,0.001,0.001
KVPRKDLIVM,ENSG00000188219,POTEE,5,5,1.0,1.0,0.000999989,0.001,0.001
KVPRKDLIVM,ENSG00000187537,POTEG,3,3,1.0,1.0,0.000999989,0.001,0.001
KVPRKDLIVM,ENSG00000222036,POTEM,3,3,1.0,1.0,0.000999989,0.001,0.001
KVPRKDLIVM,ENSG00000183206,POTEC,3,3,1.0,1.0,0.000999989,0.001,0.001
KVPRKDLIVM,ENSG00000166351,POTED,2,2,1.0,1.0,0.000999989,0.001,0.001
GYTLRGSSIF,ENSG00000163295,ALPI,2,1,0.5,1.0,0.000999989,0.001,0.001
TIVGNVGSM,ENSG00000183862,CNGA2,1,1,1.0,1.0,0.000999989,0.001,0.001
KVPRKDLIVM,ENSG00000230031,POTEB2,2,2,1.0,1.0,0.000999989,0.001,0.001
KVPRKDLIVM,ENSG00000233917,POTEB,2,2,1.0,1.0,0.000999989,0.001,0.001
KVPRKDLIVM,ENSG00000278522,POTEB3,3,3,1.0,1.0,0.000999989,0.001,0.001
TAAPITTPNS,ENSG00000171195,MUC7,4,3,0.75,1.0,0.000999989,0.001,0.001
RPSGIPERF,ENSG00000211667,IGLV3-12,1,1,1.0,1.0,0.000999989,0.001,0.001
RPSGIPERF,ENSG00000211665,IGLV3-16,1,1,1.0,1.0,0.000999989,0.001,0.001
RQRQNRQNLK,ENSG00000179826,MRGPRX3,2,2,1.0,1.0,0.000999989,0.001,0.001
AAAAAAAPA,ENSG00000223731,SUPT20HL1,2,2,1.0,1.0,0.000999989,0.001,0.001
RQRQNRQNLK,ENSG00000179817,MRGPRX4,1,1,1.0,1.0,0.000999989,0.001,0.001
KLERLAAKF,ENSG00000196862,RGPD4,1,1,1.0,1.0,0.000999989,0.001,0.001
IRISNITPA,ENSG00000260861,,3,1,0.333,1.0,0.000999989,0.001,0.0
NNMDFSIRI,ENSG00000260861,,3,1,0.333,1.0,0.000999989,0.001,0.0
APAPTPAPAS,ENSG00000169509,CRCT1,1,1,1.0,1.0,0.000999989,0.001,0.001
SHLIPPSIWK,ENSG00000196228,SULT1C3,2,2,1.0,1.0,0.000999989,0.001,0.001
VPRKDLIVML,ENSG00000222036,POTEM,3,3,1.0,1.0,0.000999989,0.001,0.001
VPRKDLIVML,ENSG00000230031,POTEB2,2,2,1.0,1.0,0.000999989,0.001,0.001
VPRKDLIVML,ENSG00000233917,POTEB,2,2,1.0,1.0,0.000999989,0.001,0.001
VPRKDLIVML,ENSG00000278522,POTEB3,3,3,1.0,1.0,0.000999989,0.001,0.001
PNLWDNPPLL,ENSG00000236446,CT47B1,1,1,1.0,1.0,0.000999989,0.001,0.001
SERPSGIPERF,ENSG00000211665,IGLV3-16,1,1,1.0,1.0,0.000999989,0.001,0.001
PNLWDNPPLLL,ENSG00000236446,CT47B1,1,1,1.0,1.0,0.000999989,0.001,0.001
PRKDLIVML,ENSG00000166351,POTED,2,2,1.0,1.0,0.000999989,0.001,0.001
PRKDLIVML,ENSG00000183206,POTEC,3,3,1.0,1.0,0.000999989,0.001,0.001
PRKDLIVML,ENSG00000187537,POTEG,3,3,1.0,1.0,0.000999989,0.001,0.001
PRKDLIVML,ENSG00000188219,POTEE,5,5,1.0,1.0,0.000999989,0.001,0.001
PRKDLIVML,ENSG00000196604,POTEF,2,2,1.0,1.0,0.000999989,0.001,0.001
PRKDLIVML,ENSG00000198062,POTEH,2,2,1.0,1.0,0.000999989,0.001,0.001
PRKDLIVML,ENSG00000222036,POTEM,3,3,1.0,1.0,0.000999989,0.001,0.001
PRKDLIVML,ENSG00000230031,POTEB2,2,2,1.0,1.0,0.000999989,0.001,0.001
PRKDLIVML,ENSG00000233917,POTEB,2,2,1.0,1.0,0.000999989,0.001,0.001
PRKDLIVML,ENSG00000278522,POTEB3,3,3,1.0,1.0,0.000999989,0.001,0.001
YLTGSKAIS,ENSG00000177212,OR2T33,2,2,1.0,1.0,0.000999989,0.001,0.001
YLTGSKAIS,ENSG00000177462,OR2T8,1,1,1.0,1.0,0.000999989,0.001,0.001
QEESPLKFL,ENSG00000248710,,1,1,1.0,1.0,0.000999989,0.001,0.001
YQPRVHIIK,ENSG00000164532,TBX20,1,1,1.0,1.0,0.000999989,0.001,0.001
QIFSFVAEF,ENSG00000169777,TAS2R1,3,2,0.667,1.0,0.000999989,0.001,0.001
AAAAAAAAA,ENSG00000164900,GBX1,1,1,1.0,1.0,0.000999989,0.001,0.001
ERPSGIPERF,ENSG00000211665,IGLV3-16,1,1,1.0,1.0,0.000999989,0.001,0.001
ASGPPAPAR,ENSG00000181965,NEUROG1,1,1,1.0,1.0,0.000999989,0.001,0.001
VPRKDLIVML,ENSG00000198062,POTEH,2,2,1.0,1.0,0.000999989,0.001,0.001
VPRKDLIVML,ENSG00000196604,POTEF,2,2,1.0,1.0,0.000999989,0.001,0.001
NLWDNPPLL,ENSG00000236446,CT47B1,1,1,1.0,1.0,0.000999989,0.001,0.001
FRQRQNRQNL,ENSG00000170255,MRGPRX1,2,2,1.0,1.0,0.000999989,0.001,0.001
NLWDNPPLLL,ENSG00000236446,CT47B1,1,1,1.0,1.0,0.000999989,0.001,0.001
VPNLWDNPPL,ENSG00000236446,CT47B1,1,1,1.0,1.0,0.000999989,0.001,0.001
NLWDNPPLLLL,ENSG00000236446,CT47B1,1,1,1.0,1.0,0.000999989,0.001,0.001
VPNLWDNPPLL,ENSG00000236446,CT47B1,1,1,1.0,1.0,0.000999989,0.001,0.001
VPRKDLIVM,ENSG00000166351,POTED,2,2,1.0,1.0,0.000999989,0.001,0.001
VPRKDLIVM,ENSG00000183206,POTEC,3,3,1.0,1.0,0.000999989,0.001,0.001
VPRKDLIVM,ENSG00000187537,POTEG,3,3,1.0,1.0,0.000999989,0.001,0.001
VPRKDLIVM,ENSG00000188219,POTEE,5,5,1.0,1.0,0.000999989,0.001,0.001
SLKSLEGER,ENSG00000271321,CTAGE6,1,1,1.0,1.0,0.000999989,0.001,0.001
FSFMFGFTH,ENSG00000176231,OR10H4,2,2,1.0,1.0,0.000999989,0.001,0.001
SLKSLEGER,ENSG00000236761,CTAGE9,1,1,1.0,1.0,0.000999989,0.001,0.001
VPRKDLIVM,ENSG00000196604,POTEF,2,2,1.0,1.0,0.000999989,0.001,0.001
VPRKDLIVM,ENSG00000198062,POTEH,2,2,1.0,1.0,0.000999989,0.001,0.001
VPRKDLIVM,ENSG00000222036,POTEM,3,3,1.0,1.0,0.000999989,0.001,0.001
FSFMFGFTH,ENSG00000171936,OR10H3,1,1,1.0,1.0,0.000999989,0.001,0.001
FRQRQNRQNL,ENSG00000179826,MRGPRX3,2,2,1.0,1.0,0.000999989,0.001,0.001
SLEEVIPYL,ENSG00000250799,PRODH2,4,2,0.5,1.0,0.000999989,0.001,0.001
RPSGIPERFS,ENSG00000211667,IGLV3-12,1,1,1.0,1.0,0.000999989,0.001,0.001
FRQRQNRQNL,ENSG00000179817,MRGPRX4,1,1,1.0,1.0,0.000999989,0.001,0.001
VPRKDLIVM,ENSG00000233917,POTEB,2,2,1.0,1.0,0.000999989,0.001,0.001
VPRKDLIVM,ENSG00000278522,POTEB3,3,3,1.0,1.0,0.000999989,0.001,0.001
VPRKDLIVML,ENSG00000166351,POTED,2,2,1.0,1.0,0.000999989,0.001,0.001
VPRKDLIVML,ENSG00000183206,POTEC,3,3,1.0,1.0,0.000999989,0.001,0.001
VPRKDLIVML,ENSG00000187537,POTEG,3,3,1.0,1.0,0.000999989,0.001,0.001
VPRKDLIVML,ENSG00000188219,POTEE,5,5,1.0,1.0,0.000999989,0.001,0.001
VPRKDLIVM,ENSG00000230031,POTEB2,2,2,1.0,1.0,0.000999989,0.001,0.001
