,k,HLA,ics
0,8,HLA-B35:01,"[0.07439451 0.60069058 0.05020046 0.06027849 0.06049999 0.05049993
 0.08972295 0.59316423]"
1,8,HLA-B15:01,"[0.12195872 0.51136914 0.08813874 0.05988827 0.0615921  0.06435257
 0.09899318 0.73066386]"
2,8,HLA-B07:02,"[0.11624771 0.75992393 0.07535534 0.0822203  0.08457765 0.07862156
 0.0908723  0.49433186]"
3,8,HLA-A02:06,"[0.35261262 0.64472665 0.17053166 0.15633944 0.23356881 0.17708637
 0.15598845 0.72996848]"
4,8,HLA-A02:01,"[0.21600052 0.89841779 0.12486287 0.11869649 0.16255408 0.14052604
 0.09506824 0.68689116]"
5,8,HLA-A24:02,"[0.09561418 0.584878   0.05278952 0.04695706 0.05075349 0.04606918
 0.07658647 0.59041567]"
6,8,HLA-A03:01,"[0.44158894 0.51950557 0.10420031 0.09127496 0.10145769 0.15968756
 0.08240279 0.94910792]"
7,8,HLA-A01:01,"[0.09094402 0.32054315 0.21749172 0.04761144 0.04632062 0.05034495
 0.067741   0.87981505]"
8,8,HLA-B27:05,"[0.28315863 0.98713163 0.08499671 0.07398025 0.08150539 0.09668943
 0.08062062 0.40158828]"
9,8,HLA-A11:01,"[0.39476784 0.61267077 0.11437512 0.12324042 0.13151818 0.16757861
 0.08204889 0.95382952]"
10,9,HLA-B35:01,"[0.07682593 0.47490402 0.05189015 0.05908898 0.04738286 0.05026329
 0.04220547 0.0713869  0.34146339]"
11,9,HLA-B15:01,"[0.09677723 0.32630583 0.06910193 0.04859587 0.04439902 0.04511948
 0.05593791 0.05783323 0.56291244]"
12,9,HLA-B07:02,"[0.1141404  0.69552663 0.09231379 0.07015713 0.0845092  0.07945874
 0.07592605 0.09132834 0.3354614 ]"
13,9,HLA-A02:06,"[0.09603464 0.36174083 0.08154741 0.11901001 0.04296899 0.11642632
 0.05656168 0.06737446 0.50533642]"
14,9,HLA-A02:01,"[0.08738859 0.86406531 0.05486578 0.07117378 0.03989642 0.07332876
 0.04793575 0.05085757 0.49828065]"
15,9,HLA-A24:02,"[0.04198991 0.46799337 0.04762364 0.04249864 0.03346501 0.03456705
 0.02916157 0.04831147 0.43905319]"
16,9,HLA-A03:01,"[0.15675986 0.45218141 0.05838578 0.04733896 0.04358242 0.05182608
 0.07639577 0.05177463 0.7252052 ]"
17,9,HLA-A01:01,"[0.03582449 0.28696328 0.24855244 0.03910774 0.03289088 0.03554537
 0.04115374 0.05354164 0.55511046]"
18,9,HLA-B27:05,"[0.08421992 0.96321775 0.03457541 0.04700651 0.0428605  0.04453636
 0.04315309 0.0493835  0.21083316]"
19,9,HLA-A11:01,"[0.11030684 0.36198815 0.05926715 0.05351408 0.04605501 0.04842456
 0.05123703 0.04894707 0.76479594]"
20,10,HLA-B35:01,"[0.07207685 0.41071654 0.14561328 0.04663263 0.05632657 0.04940308
 0.04772912 0.04080371 0.05421837 0.5056529 ]"
21,10,HLA-B15:01,"[0.10763089 0.23524337 0.08250626 0.03831375 0.05987166 0.05111198
 0.05206789 0.05963028 0.06711507 0.62300992]"
22,10,HLA-B07:02,"[0.12046915 0.4592839  0.20148361 0.06910442 0.08100193 0.08368784
 0.07323404 0.07461255 0.08536688 0.38510122]"
23,10,HLA-A02:06,"[0.15469299 0.35543435 0.09956283 0.11468689 0.13251529 0.07766442
 0.11615222 0.05515605 0.08368708 0.60443458]"
24,10,HLA-A02:01,"[0.12492044 0.55216616 0.15761288 0.08213529 0.10639106 0.05988805
 0.08085269 0.05534266 0.06336359 0.54811325]"
25,10,HLA-A24:02,"[0.05014928 0.32245265 0.09816399 0.04415809 0.04469727 0.03471527
 0.03295831 0.03165041 0.04982126 0.49221906]"
26,10,HLA-A03:01,"[0.19748447 0.2156445  0.06922226 0.03703606 0.04672953 0.05064081
 0.0557918  0.06734631 0.05491012 0.78440317]"
27,10,HLA-A01:01,"[0.03572115 0.17091489 0.14413817 0.08449702 0.04113945 0.03649912
 0.03674916 0.03864389 0.04862784 0.71780887]"
28,10,HLA-B27:05,"[0.13530206 0.57797945 0.12910041 0.03488549 0.05231465 0.05160014
 0.04703279 0.04566    0.05452871 0.2780644 ]"
29,10,HLA-A11:01,"[0.16911005 0.23566479 0.08678392 0.05357063 0.06393553 0.05967019
 0.05358735 0.05534188 0.0515188  0.79965003]"
30,11,HLA-B35:01,"[0.07032627 0.4589892  0.04202219 0.14902737 0.04160784 0.06575496
 0.04662442 0.05322661 0.03890583 0.06063535 0.52970777]"
31,11,HLA-B15:01,"[0.11421816 0.28692259 0.04579395 0.07373557 0.03770608 0.06232601
 0.05677637 0.05450743 0.05630777 0.07430541 0.68766043]"
32,11,HLA-B07:02,"[0.13101356 0.4886943  0.07082274 0.19151903 0.07973143 0.08754984
 0.0852788  0.07704941 0.07466451 0.09460384 0.41258135]"
33,11,HLA-A02:06,"[0.16951615 0.38308041 0.08747556 0.1390326  0.04657601 0.13385008
 0.05482657 0.10169772 0.05982432 0.09282904 0.62523908]"
34,11,HLA-A02:01,"[0.13270382 0.54939939 0.05860853 0.14745382 0.0472121  0.11988053
 0.05165502 0.07528989 0.06010138 0.07076679 0.55470802]"
35,11,HLA-A24:02,"[0.0599349  0.3193484  0.03752498 0.07900665 0.04579199 0.04963388
 0.03286286 0.03813655 0.03060633 0.05628801 0.50796273]"
36,11,HLA-A03:01,"[0.23654166 0.24412181 0.04186857 0.05721148 0.03623664 0.05136995
 0.05850122 0.05370801 0.07835455 0.06045165 0.8082197 ]"
37,11,HLA-A01:01,"[0.03726808 0.17274605 0.09889756 0.07285907 0.0842638  0.04457449
 0.03826575 0.03848023 0.03846882 0.05383431 0.74163803]"
38,11,HLA-B27:05,"[0.16034739 0.58587855 0.03726761 0.12080969 0.03779865 0.05703347
 0.05111012 0.04831833 0.04770133 0.06111481 0.28288678]"
39,11,HLA-A11:01,"[0.20418129 0.26917538 0.04959729 0.08810419 0.0524684  0.06602255
 0.05974034 0.05505743 0.05731975 0.05647221 0.82631676]"
