auc,prauc,AP,auc_01,f1,accuracy,precision,recall,evalset,encoding,weight,cols,flip
0.5393147684605757,0.2217202330644285,0.22399738744825407,0.494969040247678,0.0,0.783410138248848,0.0,0.0,ibel_neoepi,onehot,Mask,blsm_mut_score,False
0.5118575406623338,0.20822703290943737,0.20925972563548934,0.5047152631404125,0.0067226890756302525,0.8051434223541049,0.6666666666666666,0.0033783783783783786,cedar_related,onehot,Mask,blsm_mut_score,False
0.48836268362420776,0.017427549782028463,0.017508215159228586,0.49508560218586967,0.0,0.9813735195981373,0.0,0.0,prime_related,onehot,Mask,blsm_mut_score,False
0.5532462453066332,0.23905712758657116,0.24149001759328784,0.5012268625255253,0.0,0.783410138248848,0.0,0.0,ibel_neoepi,onehot,KL,blsm_mut_score,False
0.5111551535148422,0.20519719554211532,0.20651223194182788,0.5037300636413381,0.026101141924959218,0.8031651829871415,0.38095238095238093,0.013513513513513514,cedar_related,onehot,KL,blsm_mut_score,False
0.48833322430678683,0.01750399887048998,0.01759521316962353,0.4959565581037647,0.0,0.979540204597954,0.0,0.0,prime_related,onehot,KL,blsm_mut_score,False
0.5120463078848561,0.2295933071163579,0.23325455510454055,0.506620117251828,0.0,0.783410138248848,0.0,0.0,ibel_neoepi,onehot,None,blsm_mut_score,False
0.5116963030215795,0.2055846422180326,0.20674922068325666,0.5053817751859969,0.029126213592233014,0.8021760633036598,0.34615384615384615,0.015202702702702704,cedar_related,onehot,None,blsm_mut_score,False
0.48273942414196225,0.01781667636153258,0.017918816898857576,0.5027369808178069,0.0,0.979540204597954,0.0,0.0,prime_related,onehot,None,blsm_mut_score,False
0.5426705256570713,0.2277570679196817,0.23012962737365228,0.4984273104538568,0.0,0.783410138248848,0.0,0.0,ibel_neoepi,onehot,Shannon,blsm_mut_score,False
0.5109745396769158,0.20562620605204365,0.20694378402830726,0.5043568763355736,0.02605863192182411,0.8028354764259809,0.36363636363636365,0.013513513513513514,cedar_related,onehot,Shannon,blsm_mut_score,False
0.48759969468629216,0.017480298670786203,0.017571688544000038,0.49617044028696616,0.0,0.979540204597954,0.0,0.0,prime_related,onehot,Shannon,blsm_mut_score,False
0.5551548811013767,0.2650167339399424,0.26625968854935883,0.5043969435478559,0.09137055837563451,0.793778801843318,1.0,0.047872340425531915,ibel_neoepi,BL62LO,Mask,blsm_mut_score,False
0.5201623171717396,0.203349052073315,0.20424758224008666,0.502045572815749,0.02773497688751926,0.7919551599076822,0.15789473684210525,0.015202702702702704,cedar_related,BL62LO,Mask,blsm_mut_score,False
0.4804620490897071,0.018642695823491394,0.01883423980434697,0.5084070347995094,0.033362598770851626,0.9596304036959631,0.030015797788309637,0.037549407114624504,prime_related,BL62LO,Mask,blsm_mut_score,False
0.5593710888610763,0.26657689577740395,0.2678277635528844,0.5048086423819248,0.09137055837563451,0.793778801843318,1.0,0.047872340425531915,ibel_neoepi,BL62LO,KL,blsm_mut_score,False
0.5199602511155154,0.20333571048019022,0.20426368654941535,0.501851082415562,0.033690658499234305,0.7919551599076822,0.18032786885245902,0.018581081081081082,cedar_related,BL62LO,KL,blsm_mut_score,False
0.4797370840827986,0.01865120648990281,0.01884781325616071,0.5081416250409219,0.031943212067435674,0.9599970666959997,0.028985507246376812,0.03557312252964427,prime_related,BL62LO,KL,blsm_mut_score,False
0.5784339799749687,0.25933670456284197,0.2627630601490427,0.5151011132336473,0.0,0.783410138248848,0.0,0.0,ibel_neoepi,BL62LO,None,blsm_mut_score,False
0.5195443548833554,0.20558425786100282,0.20695497938285415,0.503884126261711,0.06528189910979229,0.7922848664688428,0.2682926829268293,0.037162162162162164,cedar_related,BL62LO,None,blsm_mut_score,False
0.4625730816262311,0.01763677266981778,0.017882744950406117,0.5025673595006424,0.029234737747205503,0.9586037472958604,0.0258751902587519,0.03359683794466403,prime_related,BL62LO,None,blsm_mut_score,False
0.5551548811013767,0.2650167339399424,0.26625968854935883,0.5043969435478559,0.09137055837563451,0.793778801843318,1.0,0.047872340425531915,ibel_neoepi,BL62LO,Shannon,blsm_mut_score,False
0.5201623171717396,0.203349052073315,0.20424758224008666,0.502045572815749,0.02773497688751926,0.7919551599076822,0.15789473684210525,0.015202702702702704,cedar_related,BL62LO,Shannon,blsm_mut_score,False
0.48046212292258283,0.01864269798960741,0.018834241974609613,0.5084070347995094,0.033362598770851626,0.9596304036959631,0.030015797788309637,0.037549407114624504,prime_related,BL62LO,Shannon,blsm_mut_score,False
0.493624843554443,0.2352917941435559,0.23723133668029978,0.5055085303998419,0.0,0.783410138248848,0.0,0.0,ibel_neoepi,BL62FREQ,Mask,blsm_mut_score,False
0.5245039693523922,0.20481575639317245,0.20581785202407976,0.5019221041909112,0.015873015873015876,0.7955819320804484,0.13157894736842105,0.008445945945945946,cedar_related,BL62FREQ,Mask,blsm_mut_score,False
0.47522102240517683,0.0183904349272578,0.018760797045863552,0.5030881921498881,0.020460358056265983,0.9719136141971914,0.028985507246376812,0.015810276679841896,prime_related,BL62FREQ,Mask,blsm_mut_score,False
0.4794665206508135,0.2343148431142404,0.23595424311582525,0.5057967195836901,0.0,0.783410138248848,0.0,0.0,ibel_neoepi,BL62FREQ,KL,blsm_mut_score,False
0.5261121937176833,0.20528605780238435,0.20628019033908496,0.5021260641611447,0.022187004754358162,0.7965710517639301,0.1794871794871795,0.011824324324324325,cedar_related,BL62FREQ,KL,blsm_mut_score,False
0.4752523275444913,0.018328889907222097,0.0185991304086278,0.5030567548885855,0.020486555697823303,0.971950280497195,0.02909090909090909,0.015810276679841896,prime_related,BL62FREQ,KL,blsm_mut_score,False
0.539752816020025,0.2804469001812806,0.28195131000536544,0.5269992095382385,0.0,0.783410138248848,0.0,0.0,ibel_neoepi,BL62FREQ,None,blsm_mut_score,False
0.5241164454089484,0.20781973309892954,0.20886650957849362,0.5077112894174496,0.028081123244929795,0.7945928123969667,0.1836734693877551,0.015202702702702704,cedar_related,BL62FREQ,None,blsm_mut_score,False
0.46006224702088033,0.017208119502084417,0.017410635836833943,0.5016226872852304,0.01866977829638273,0.9691636416969164,0.022792022792022793,0.015810276679841896,prime_related,BL62FREQ,None,blsm_mut_score,False
0.4940003128911139,0.23532218219329518,0.23726013990494127,0.505467360516435,0.0,0.783410138248848,0.0,0.0,ibel_neoepi,BL62FREQ,Shannon,blsm_mut_score,False
0.5245489498101132,0.20483415395095658,0.20583621722887885,0.5019075356216088,0.01901743264659271,0.795911638641609,0.15384615384615385,0.010135135135135136,cedar_related,BL62FREQ,Shannon,blsm_mut_score,False
0.4751169918832567,0.018445983450739785,0.01886681785662649,0.5030913009025509,0.02035623409669211,0.9717669489971767,0.02857142857142857,0.015810276679841896,prime_related,BL62FREQ,Shannon,blsm_mut_score,False
0.5261968085106383,0.21584063864258204,0.21797932475853543,0.49402213292931957,0.0,0.783410138248848,0.0,0.0,ibel_neoepi,onehot,Mask,mutation_score,False
0.5115655136906673,0.20885761068849362,0.20988651172927414,0.504752048777901,0.0033670033670033673,0.8048137157929443,0.5,0.0016891891891891893,cedar_related,onehot,Mask,mutation_score,False
0.4833694400706669,0.017347758581061575,0.01743046696040008,0.49675628472627303,0.0,0.9813735195981373,0.0,0.0,prime_related,onehot,Mask,mutation_score,False
0.5336983729662077,0.22776025423347346,0.23011897646367047,0.5030795072788354,0.0,0.783410138248848,0.0,0.0,ibel_neoepi,onehot,KL,mutation_score,False
0.5092279139032518,0.20589117812082947,0.20735130501011376,0.504438460323667,0.026101141924959218,0.8031651829871415,0.38095238095238093,0.013513513513513514,cedar_related,onehot,KL,mutation_score,False
0.48149401119394997,0.017342548216378945,0.01743387072916098,0.498208732829747,0.0,0.979430205697943,0.0,0.0,prime_related,onehot,KL,mutation_score,False
0.5077753441802253,0.225958016501754,0.22932596857755408,0.5018032408932218,0.0,0.783410138248848,0.0,0.0,ibel_neoepi,onehot,None,mutation_score,False
0.5093234108750291,0.20622171257089433,0.20737135412095192,0.5065782189399559,0.029032258064516134,0.8015166501813387,0.32142857142857145,0.015202702702702704,cedar_related,onehot,None,mutation_score,False
0.47731241244343847,0.017564530975451433,0.017670963009906115,0.5030674023664555,0.0,0.9796135371979614,0.0,0.0,prime_related,onehot,None,mutation_score,False
0.5241551939924907,0.21857492977258133,0.2208818692984813,0.5007739938080495,0.0,0.783410138248848,0.0,0.0,ibel_neoepi,onehot,Shannon,mutation_score,False
0.5081317747489398,0.20565300441717482,0.20711636944659687,0.5040844440896188,0.029315960912052123,0.8034948895483021,0.4090909090909091,0.015202702702702704,cedar_related,onehot,Shannon,mutation_score,False
0.4820457642743683,0.017347315254303254,0.017437138467370883,0.4979745271760124,0.0,0.979320206797932,0.0,0.0,prime_related,onehot,Shannon,mutation_score,False
0.5450015644555695,0.2610535340980775,0.26227424024400803,0.5029971675120216,0.10101010101010102,0.7949308755760369,1.0,0.05319148936170213,ibel_neoepi,BL62LO,Mask,mutation_score,False
0.519363049038387,0.20358353575035412,0.20445657305144704,0.50276708121045,0.02773497688751926,0.7919551599076822,0.15789473684210525,0.015202702702702704,cedar_related,BL62LO,Mask,mutation_score,False
0.4783736861993508,0.01853847405434197,0.018728213026986188,0.5081496300790286,0.03342128408091469,0.9597037362959704,0.030110935023771792,0.037549407114624504,prime_related,BL62LO,Mask,mutation_score,False
0.5473873591989988,0.26226506197138777,0.2634967673273232,0.5034500362294974,0.10101010101010102,0.7949308755760369,1.0,0.05319148936170213,ibel_neoepi,BL62LO,KL,mutation_score,False
0.5196772202353931,0.20382163633538186,0.20476355524935083,0.5028133364179851,0.027692307692307693,0.7916254533465216,0.15517241379310345,0.015202702702702704,cedar_related,BL62LO,KL,mutation_score,False
0.4780361961243351,0.01854300922983163,0.018735571430329126,0.5078783914091983,0.03197158081705151,0.9600337329960034,0.02903225806451613,0.03557312252964427,prime_related,BL62LO,KL,mutation_score,False
0.5775187734668334,0.2624743476616661,0.2660580034186873,0.5190945919241157,0.0,0.783410138248848,0.0,0.0,ibel_neoepi,BL62LO,None,mutation_score,False
0.5188315876302357,0.20510134856972478,0.20631243995810916,0.5039678955351997,0.05397301349325337,0.7919551599076822,0.24,0.030405405405405407,cedar_related,BL62LO,None,mutation_score,False
0.4615869697378239,0.017547371356128237,0.01780721614109451,0.502711916499463,0.028262676641729014,0.9571370952957137,0.024390243902439025,0.03359683794466403,prime_related,BL62LO,None,mutation_score,False
0.5450015644555695,0.2610535340980775,0.26227424024400803,0.5029971675120216,0.10101010101010102,0.7949308755760369,1.0,0.05319148936170213,ibel_neoepi,BL62LO,Shannon,mutation_score,False
0.519363049038387,0.20358353575035412,0.20445657305144704,0.50276708121045,0.02773497688751926,0.7919551599076822,0.15789473684210525,0.015202702702702704,cedar_related,BL62LO,Shannon,mutation_score,False
0.47837376003222654,0.018538476606496438,0.01872821558355128,0.5081496300790286,0.03342128408091469,0.9597037362959704,0.030110935023771792,0.037549407114624504,prime_related,BL62LO,Shannon,mutation_score,False
0.4889236545682103,0.23162420058143912,0.23401048473785763,0.505467360516435,0.0,0.783410138248848,0.0,0.0,ibel_neoepi,BL62FREQ,Mask,mutation_score,False
0.5237150813246676,0.20515791546178636,0.20615380697139377,0.5019825637535161,0.019047619047619046,0.7962413452027696,0.15789473684210525,0.010135135135135136,cedar_related,BL62FREQ,Mask,mutation_score,False
0.4716091181238889,0.01817232042251797,0.01846024132502618,0.5027691952672754,0.020486555697823303,0.971950280497195,0.02909090909090909,0.015810276679841896,prime_related,BL62FREQ,Mask,mutation_score,False
0.47487484355444304,0.23573949898986585,0.2371108592258055,0.5051791713325868,0.0,0.783410138248848,0.0,0.0,ibel_neoepi,BL62FREQ,KL,mutation_score,False
0.5255191436828062,0.20582826484217315,0.2069304324234381,0.5021938080084009,0.022187004754358162,0.7965710517639301,0.1794871794871795,0.011824324324324325,cedar_related,BL62FREQ,KL,mutation_score,False
0.4710861598650099,0.01802085026084768,0.018259224194925667,0.5024488771647809,0.022756005056890013,0.9716569500971657,0.031578947368421054,0.017786561264822136,prime_related,BL62FREQ,KL,mutation_score,False
0.5396433041301627,0.27846819489022234,0.27995115042701213,0.5248995454844871,0.0,0.783410138248848,0.0,0.0,ibel_neoepi,BL62FREQ,None,mutation_score,False
0.5240078003033759,0.20785335927059778,0.20891987633780268,0.5080358042986604,0.024960998439937595,0.7939333992746456,0.16326530612244897,0.013513513513513514,cedar_related,BL62FREQ,None,mutation_score,False
0.4590616638888278,0.017136509121334388,0.01733802697048129,0.5014217841443962,0.013921113689095127,0.9688336449968834,0.016853932584269662,0.011857707509881422,prime_related,BL62FREQ,None,mutation_score,False
0.48937734668335414,0.23171550429586876,0.23410141009031055,0.505467360516435,0.0,0.783410138248848,0.0,0.0,ibel_neoepi,BL62FREQ,Shannon,mutation_score,False
0.523677020937365,0.20516879987741732,0.20616480490067526,0.5019752794688649,0.019047619047619046,0.7962413452027696,0.15789473684210525,0.010135135135135136,cedar_related,BL62FREQ,Shannon,mutation_score,False
0.47153107677422984,0.01817255572903979,0.018460421386312875,0.5027644155600562,0.020486555697823303,0.971950280497195,0.02909090909090909,0.015810276679841896,prime_related,BL62FREQ,Shannon,mutation_score,False
0.5266270337922403,0.22256166398496205,0.2253406430547874,0.5000329359067255,0.0,0.783410138248848,0.0,0.0,ibel_neoepi,onehot,Mask,ratio_rank,False
0.5113122391133452,0.20088775567517175,0.2017951647131046,0.5016125220932354,0.0033167495854063023,0.8018463567424992,0.09090909090909091,0.0016891891891891893,cedar_related,onehot,Mask,ratio_rank,False
0.4877195254436211,0.01763810269956787,0.01785134004302394,0.49780789803328573,0.0038535645472061652,0.9810435228981044,0.07692307692307693,0.001976284584980237,prime_related,onehot,Mask,ratio_rank,False
0.5399327284105131,0.24408939068986826,0.248249354031861,0.5109841248929583,0.0,0.783410138248848,0.0,0.0,ibel_neoepi,onehot,KL,ratio_rank,False
0.5083912773896386,0.20037841045655513,0.20134663244724413,0.500310456211834,0.02580645161290323,0.8008572370590175,0.2857142857142857,0.013513513513513514,cedar_related,onehot,KL,ratio_rank,False
0.4866563320329395,0.01769896183446653,0.01789267495109647,0.4994891503327426,0.003656307129798903,0.9800168664980017,0.024390243902439025,0.001976284584980237,prime_related,onehot,KL,ratio_rank,False
0.5253128911138923,0.2656838229181919,0.26740191882948194,0.5106547658257031,0.0,0.783410138248848,0.0,0.0,ibel_neoepi,onehot,None,ratio_rank,False
0.5107219571066355,0.2033852126930541,0.20435944380381893,0.5044468372510159,0.016155088852988695,0.7992087042532147,0.18518518518518517,0.008445945945945946,cedar_related,onehot,None,ratio_rank,False
0.4774914571671123,0.017687042881437978,0.017811151753901307,0.5034322144914365,0.0,0.980090199098009,0.0,0.0,prime_related,onehot,None,ratio_rank,False
0.5350594493116395,0.2465635806037228,0.24878846197932536,0.5037382254133457,0.0,0.783410138248848,0.0,0.0,ibel_neoepi,onehot,Shannon,ratio_rank,False
0.5090016276005624,0.20088463213956195,0.20185928333675257,0.5009693197585346,0.022653721682847898,0.8008572370590175,0.2692307692307692,0.011824324324324325,cedar_related,onehot,Shannon,ratio_rank,False
0.48554499958727426,0.017657665792107688,0.017862350042619504,0.4993241532851639,0.0036429872495446266,0.9799435338979944,0.023255813953488372,0.001976284584980237,prime_related,onehot,Shannon,ratio_rank,False
0.5637593867334167,0.2696407849609896,0.2709173892508847,0.5053026809828075,0.09137055837563451,0.793778801843318,1.0,0.047872340425531915,ibel_neoepi,BL62LO,Mask,ratio_rank,False
0.5185139563980202,0.20093635294406675,0.20177944570086834,0.500283140144392,0.0334855403348554,0.7906363336630399,0.16923076923076924,0.018581081081081082,cedar_related,BL62LO,Mask,ratio_rank,False
0.4757609622254764,0.01843212957451847,0.018660692863045718,0.5075112477197202,0.03381234150464919,0.958090419095809,0.029542097488921712,0.039525691699604744,prime_related,BL62LO,Mask,ratio_rank,False
0.5700015644555695,0.27252136852908326,0.27381346806315826,0.5055497002832487,0.09137055837563451,0.793778801843318,1.0,0.047872340425531915,ibel_neoepi,BL62LO,KL,ratio_rank,False
0.5184821240740946,0.20099307185729165,0.20184001235713953,0.5003082709264386,0.03358778625954199,0.7912957467853611,0.1746031746031746,0.018581081081081082,cedar_related,BL62LO,KL,ratio_rank,False
0.47549988917685354,0.018461949048572457,0.01869225304680202,0.5074740981253996,0.03580562659846548,0.9585304146958531,0.031484257871064465,0.041501976284584984,prime_related,BL62LO,KL,ratio_rank,False
0.5832837922403004,0.26977662373550004,0.2740909846743165,0.5198356498254397,0.0,0.783410138248848,0.0,0.0,ibel_neoepi,BL62LO,None,ratio_rank,False
0.5180253994264645,0.20366757572401598,0.20483748719220093,0.5029302491866368,0.05952380952380953,0.7916254533465216,0.25,0.033783783783783786,cedar_related,BL62LO,None,ratio_rank,False
0.467646950680082,0.01784145875406774,0.018073324333185436,0.5031234376332028,0.028451882845188285,0.957430425695743,0.02467343976777939,0.03359683794466403,prime_related,BL62LO,None,ratio_rank,False
0.5637593867334167,0.2696407849609896,0.2709173892508847,0.5053026809828075,0.09137055837563451,0.793778801843318,1.0,0.047872340425531915,ibel_neoepi,BL62LO,Shannon,ratio_rank,False
0.5185139563980202,0.20093635294406675,0.20177944570086834,0.500283140144392,0.0334855403348554,0.7906363336630399,0.16923076923076924,0.018581081081081082,cedar_related,BL62LO,Shannon,ratio_rank,False
0.4757608883926007,0.01843212819808984,0.018660691485271455,0.5075112477197202,0.03381234150464919,0.958090419095809,0.029542097488921712,0.039525691699604744,prime_related,BL62LO,Shannon,ratio_rank,False
0.5029098873591991,0.25253028099625074,0.25378714785624557,0.5123015611619788,0.0,0.783410138248848,0.0,0.0,ibel_neoepi,BL62FREQ,Mask,ratio_rank,False
0.522845228473045,0.20293907416616838,0.20378529888657118,0.49976304222029655,0.02843601895734597,0.7972304648862513,0.21951219512195122,0.015202702702702704,cedar_related,BL62FREQ,Mask,ratio_rank,False
0.4733762341718927,0.01864125158075845,0.018975618859137164,0.5031593437264582,0.02304737516005122,0.9720236130972023,0.03272727272727273,0.017786561264822136,prime_related,BL62FREQ,Mask,ratio_rank,False
0.48994837296620775,0.24831938721933403,0.2495577483002707,0.512630920229234,0.0,0.783410138248848,0.0,0.0,ibel_neoepi,BL62FREQ,KL,ratio_rank,False
0.5247551679085886,0.20322731487133372,0.20405790419956824,0.4996362956673658,0.02527646129541864,0.7965710517639301,0.1951219512195122,0.013513513513513514,cedar_related,BL62FREQ,KL,ratio_rank,False
0.47392983307420455,0.01854934531780115,0.01887307908166862,0.5028359168713009,0.023136246786632394,0.9721336119972134,0.03308823529411765,0.017786561264822136,prime_related,BL62FREQ,KL,ratio_rank,False
0.5391739674593241,0.2811187523840092,0.28261609674694566,0.5281107963902246,0.0,0.783410138248848,0.0,0.0,ibel_neoepi,BL62FREQ,None,ratio_rank,False
0.5223282992127728,0.20553112631606707,0.2065365900165122,0.5060530220166046,0.025,0.7942631058358062,0.16666666666666666,0.013513513513513514,cedar_related,BL62FREQ,None,ratio_rank,False
0.4619696455327935,0.017251032664727477,0.01747741568068994,0.5015948639488982,0.014234875444839859,0.969530304696953,0.017804154302670624,0.011857707509881422,prime_related,BL62FREQ,None,ratio_rank,False
0.5032540675844805,0.2526651638404154,0.25392290146320884,0.5123427310453856,0.0,0.783410138248848,0.0,0.0,ibel_neoepi,BL62FREQ,Shannon,ratio_rank,False
0.5228825968533056,0.20295601850279354,0.2038011607312977,0.4997521157933198,0.02843601895734597,0.7972304648862513,0.21951219512195122,0.015202702702702704,cedar_related,BL62FREQ,Shannon,ratio_rank,False
0.47323993868327335,0.018644905520940808,0.01898060817223636,0.5031527376270498,0.02298850574712644,0.971950280497195,0.032490974729241874,0.017786561264822136,prime_related,BL62FREQ,Shannon,ratio_rank,False
0.5467772215269087,0.22528837615190106,0.2275487269764645,0.49480436071405043,0.0,0.783410138248848,0.0,0.0,ibel_neoepi,onehot,Mask,blsm_mut_score-mutation_score,False
0.5103067528815173,0.206329059127879,0.20736163055989443,0.5040145149569674,0.003372681281618887,0.8051434223541049,1.0,0.0016891891891891893,cedar_related,onehot,Mask,blsm_mut_score-mutation_score,False
0.4882857497676848,0.017432844752724726,0.01751384687363951,0.49571644581997076,0.0,0.9814468521981446,0.0,0.0,prime_related,onehot,Mask,blsm_mut_score-mutation_score,False
0.5514784105131414,0.23977659623686357,0.2422192222256126,0.5004446347407944,0.0,0.783410138248848,0.0,0.0,ibel_neoepi,onehot,KL,blsm_mut_score-mutation_score,False
0.5104119379518806,0.20522371268819362,0.206545463521286,0.503893231617525,0.026143790849673203,0.8034948895483021,0.4,0.013513513513513514,cedar_related,onehot,KL,blsm_mut_score-mutation_score,False
0.48442037722397546,0.017381550323543903,0.017469314927772137,0.49688180061503406,0.0,0.9798335349979833,0.0,0.0,prime_related,onehot,KL,blsm_mut_score-mutation_score,False
0.5166614518147684,0.22976130158847685,0.23295152500454866,0.506249588301166,0.0,0.783410138248848,0.0,0.0,ibel_neoepi,onehot,None,blsm_mut_score-mutation_score,False
0.5117911079863149,0.20570723106283956,0.20688112008785176,0.5049035618986459,0.016339869281045753,0.8015166501813387,0.25,0.008445945945945946,cedar_related,onehot,None,blsm_mut_score-mutation_score,False
0.47969300585598074,0.017651493559641077,0.017754720050963346,0.5020721352014564,0.0,0.9798335349979833,0.0,0.0,prime_related,onehot,None,blsm_mut_score-mutation_score,False
0.5400422403003755,0.227512627806795,0.22985269262235888,0.4967393452341743,0.0,0.783410138248848,0.0,0.0,ibel_neoepi,onehot,Shannon,blsm_mut_score-mutation_score,False
0.5100430981985673,0.20576970261503053,0.20678549957938847,0.5036903642899891,0.026143790849673203,0.8034948895483021,0.4,0.013513513513513514,cedar_related,onehot,Shannon,blsm_mut_score-mutation_score,False
0.48551081496580584,0.01739879085348546,0.017487046407227935,0.4965504852999949,0.0,0.9797968686979797,0.0,0.0,prime_related,onehot,Shannon,blsm_mut_score-mutation_score,False
0.5541692740926157,0.26404403041674684,0.26527065922963794,0.5040264145971939,0.10101010101010102,0.7949308755760369,1.0,0.05319148936170213,ibel_neoepi,BL62LO,Mask,blsm_mut_score-mutation_score,False
0.5205228528405504,0.2035039967119908,0.2043908618962677,0.5018077409218874,0.02773497688751926,0.7919551599076822,0.15789473684210525,0.015202702702702704,cedar_related,BL62LO,Mask,blsm_mut_score-mutation_score,False
0.47999793563279425,0.018671838781446546,0.018866061529802285,0.5087104879188081,0.03417266187050359,0.960620393796062,0.03135313531353135,0.037549407114624504,prime_related,BL62LO,Mask,blsm_mut_score-mutation_score,False
0.5588235294117647,0.2662517743492968,0.2674958264005968,0.5038617350635664,0.10101010101010102,0.7949308755760369,1.0,0.05319148936170213,ibel_neoepi,BL62LO,KL,blsm_mut_score-mutation_score,False
0.5201118006576835,0.20340279879463402,0.2042993559096318,0.5020080587497953,0.027777777777777776,0.7922848664688428,0.16071428571428573,0.015202702702702704,cedar_related,BL62LO,KL,blsm_mut_score-mutation_score,False
0.48001971633113816,0.01865700107212397,0.018864388397552667,0.5078312549469484,0.03252032520325203,0.9607303926960731,0.029950083194675542,0.03557312252964427,prime_related,BL62LO,KL,blsm_mut_score-mutation_score,False
0.5809918648310388,0.2628192422241124,0.2665379481676521,0.5168714182201436,0.0,0.783410138248848,0.0,0.0,ibel_neoepi,BL62LO,None,blsm_mut_score-mutation_score,False
0.5183997752361128,0.20473553895073945,0.20596072033161122,0.5038127402721292,0.047976011994003004,0.7906363336630399,0.21333333333333335,0.02702702702702703,cedar_related,BL62LO,None,blsm_mut_score-mutation_score,False
0.46030958715461534,0.017590094972061467,0.017836070721899848,0.5028185078563893,0.029616724738675958,0.9591537417959154,0.0264797507788162,0.03359683794466403,prime_related,BL62LO,None,blsm_mut_score-mutation_score,False
0.5541692740926157,0.26404403041674684,0.26527065922963794,0.5040264145971939,0.10101010101010102,0.7949308755760369,1.0,0.05319148936170213,ibel_neoepi,BL62LO,Shannon,blsm_mut_score-mutation_score,False
0.5205228528405504,0.2035039967119908,0.2043908618962677,0.5018077409218874,0.02773497688751926,0.7919551599076822,0.15789473684210525,0.015202702702702704,cedar_related,BL62LO,Shannon,blsm_mut_score-mutation_score,False
0.47999778796704273,0.018671830556039277,0.018866053267699107,0.5087104879188081,0.03417266187050359,0.960620393796062,0.03135313531353135,0.037549407114624504,prime_related,BL62LO,Shannon,blsm_mut_score-mutation_score,False
0.49573685857321653,0.23804176212576209,0.23974541440250602,0.5059202292339108,0.0,0.783410138248848,0.0,0.0,ibel_neoepi,BL62FREQ,Mask,blsm_mut_score-mutation_score,False
0.523495023085355,0.2047425658226555,0.20574110963200315,0.5028038668479385,0.01597444089456869,0.7969007583250907,0.14705882352941177,0.008445945945945946,cedar_related,BL62FREQ,Mask,blsm_mut_score-mutation_score,False
0.473923114282512,0.01829006078853156,0.0185658861380621,0.5028766803905921,0.018229166666666664,0.9723536097972354,0.026717557251908396,0.01383399209486166,prime_related,BL62FREQ,Mask,blsm_mut_score-mutation_score,False
0.4835497496871089,0.23837185804623406,0.23979647667498355,0.5072376655029313,0.0,0.783410138248848,0.0,0.0,ibel_neoepi,BL62FREQ,KL,blsm_mut_score-mutation_score,False
0.5250914833309344,0.20498753233027797,0.20603118388290914,0.5021391758735169,0.019138755980861243,0.7972304648862513,0.17142857142857143,0.010135135135135136,cedar_related,BL62FREQ,KL,blsm_mut_score-mutation_score,False
0.4742980376255288,0.01845332511607262,0.01889257056779977,0.5025650667955535,0.02086049543676662,0.9724636086972464,0.03065134099616858,0.015810276679841896,prime_related,BL62FREQ,KL,blsm_mut_score-mutation_score,False
0.5428817271589487,0.28405905911596624,0.2855596839817949,0.5267110203543903,0.0,0.783410138248848,0.0,0.0,ibel_neoepi,BL62FREQ,None,blsm_mut_score-mutation_score,False
0.5231414074869626,0.2075960495148848,0.2086209160418657,0.5079615045952182,0.025078369905956112,0.7949225189581273,0.17391304347826086,0.013513513513513514,cedar_related,BL62FREQ,None,blsm_mut_score-mutation_score,False
0.4596152627911396,0.017256471719431555,0.017455849288818975,0.5019313475652393,0.01678657074340528,0.9699336339969934,0.021341463414634148,0.01383399209486166,prime_related,BL62FREQ,None,blsm_mut_score-mutation_score,False
0.49623748435544435,0.23812973514508665,0.23983313516355814,0.5059202292339108,0.0,0.783410138248848,0.0,0.0,ibel_neoepi,BL62FREQ,Shannon,blsm_mut_score-mutation_score,False
0.523398142099494,0.2047612609373572,0.20575986097716087,0.502862141125148,0.01597444089456869,0.7969007583250907,0.14705882352941177,0.008445945945945946,cedar_related,BL62FREQ,Shannon,blsm_mut_score-mutation_score,False
0.4738503150670306,0.018291918307028268,0.018567950049971062,0.5028786233610063,0.018205461638491547,0.9723169434972317,0.026615969581749048,0.01383399209486166,prime_related,BL62FREQ,Shannon,blsm_mut_score-mutation_score,False
0.5405819774718399,0.23114327702224305,0.23417259398198562,0.5011856926421184,0.0,0.783410138248848,0.0,0.0,ibel_neoepi,onehot,Mask,blsm_mut_score-ratio_rank,False
0.5098188879170035,0.19938538859587457,0.20031587683229118,0.5009518374753719,0.0033222591362126247,0.8021760633036598,0.1,0.0016891891891891893,cedar_related,onehot,Mask,blsm_mut_score-ratio_rank,False
0.4895302028883126,0.01756579035267249,0.017726680385233343,0.49667063859041255,0.0,0.9810068565981007,0.0,0.0,prime_related,onehot,Mask,blsm_mut_score-ratio_rank,False
0.5525657071339174,0.2516814715344082,0.25597841892765094,0.5134954877807786,0.0,0.783410138248848,0.0,0.0,ibel_neoepi,onehot,KL,blsm_mut_score-ratio_rank,False
0.5104977468250717,0.20085226753183266,0.20179560801664548,0.5008709819157435,0.02258064516129032,0.8001978239366964,0.25,0.011824324324324325,cedar_related,onehot,KL,blsm_mut_score-ratio_rank,False
0.4879955127331439,0.01766140460068185,0.01784245409973548,0.49767138493198,0.003710575139146567,0.980310196898031,0.030303030303030304,0.001976284584980237,prime_related,onehot,KL,blsm_mut_score-ratio_rank,False
0.5341129536921152,0.2556195019952234,0.25851605569054303,0.5149364337000197,0.0,0.783410138248848,0.0,0.0,ibel_neoepi,onehot,None,blsm_mut_score-ratio_rank,False
0.5138249166823522,0.20355052377287555,0.2045301423458223,0.5038149255575246,0.009787928221859706,0.7998681173755358,0.14285714285714285,0.005067567567567568,cedar_related,onehot,None,blsm_mut_score-ratio_rank,False
0.4824605573702856,0.01784765480081595,0.017971272164778614,0.5023812229349565,0.0,0.980530194698053,0.0,0.0,prime_related,onehot,None,blsm_mut_score-ratio_rank,False
0.5465660200250314,0.2407401722180979,0.2444164651912913,0.5029148277452078,0.0,0.783410138248848,0.0,0.0,ibel_neoepi,onehot,Shannon,blsm_mut_score-ratio_rank,False
0.5091144247483863,0.2004544600126606,0.2013900810936989,0.5010785840283026,0.025764895330112725,0.8005275304978569,0.27586206896551724,0.013513513513513514,cedar_related,onehot,Shannon,blsm_mut_score-ratio_rank,False
0.4886494505135889,0.017680494928228284,0.017861936606168225,0.4977650749653555,0.003738317757009345,0.9804568620980457,0.034482758620689655,0.001976284584980237,prime_related,onehot,Shannon,blsm_mut_score-ratio_rank,False
0.5717302878598247,0.27287406068105974,0.27416655774816,0.5067024570186417,0.09137055837563451,0.793778801843318,1.0,0.047872340425531915,ibel_neoepi,BL62LO,Mask,blsm_mut_score-ratio_rank,False
0.5192080394610096,0.20088175705996858,0.20175251815083745,0.4999739222609487,0.03053435114503817,0.7906363336630399,0.15873015873015872,0.016891891891891893,cedar_related,BL62LO,Mask,blsm_mut_score-ratio_rank,False
0.4762821484953377,0.018526837858337124,0.018759062229467965,0.5080879601980801,0.036585365853658534,0.9594470721959447,0.03271028037383177,0.041501976284584984,prime_related,BL62LO,Mask,blsm_mut_score-ratio_rank,False
0.5765566332916146,0.2749164592302638,0.2762177196914081,0.5067436269020487,0.09137055837563451,0.793778801843318,1.0,0.047872340425531915,ibel_neoepi,BL62LO,KL,blsm_mut_score-ratio_rank,False
0.5185776210458718,0.2006780137742914,0.2015149497002976,0.499878498132018,0.03358778625954199,0.7912957467853611,0.1746031746031746,0.018581081081081082,cedar_related,BL62LO,KL,blsm_mut_score-ratio_rank,False
0.476404711069069,0.018527226220054926,0.01875063654485267,0.5073809521237401,0.03661726242371404,0.9594837384959484,0.0327613104524181,0.041501976284584984,prime_related,BL62LO,KL,blsm_mut_score-ratio_rank,False
0.5803973717146432,0.2651907522859107,0.26894919191580563,0.5173654568210263,0.0,0.783410138248848,0.0,0.0,ibel_neoepi,BL62LO,None,blsm_mut_score-ratio_rank,False
0.5183056622784193,0.20349124721432635,0.2046676285400019,0.5024458442573322,0.06240713224368499,0.7919551599076822,0.25925925925925924,0.03547297297297297,cedar_related,BL62LO,None,blsm_mut_score-ratio_rank,False
0.465041831492409,0.017817436561806937,0.018049727111160187,0.5029532334249138,0.02953953084274544,0.9590437428959043,0.02635658914728682,0.03359683794466403,prime_related,BL62LO,None,blsm_mut_score-ratio_rank,False
0.5717302878598247,0.27287406068105974,0.27416655774816,0.5067024570186417,0.09137055837563451,0.793778801843318,1.0,0.047872340425531915,ibel_neoepi,BL62LO,Shannon,blsm_mut_score-ratio_rank,False
0.5192080394610096,0.20088175705996858,0.20175251815083745,0.4999739222609487,0.03053435114503817,0.7906363336630399,0.15873015873015872,0.016891891891891893,cedar_related,BL62LO,Shannon,blsm_mut_score-ratio_rank,False
0.476282074662462,0.018526719664806086,0.01875894121220069,0.5080875716039972,0.036585365853658534,0.9594470721959447,0.03271028037383177,0.041501976284584984,prime_related,BL62LO,Shannon,blsm_mut_score-ratio_rank,False
0.5089017521902378,0.25407876900201226,0.25533503415526737,0.5132484684803372,0.0,0.783410138248848,0.0,0.0,ibel_neoepi,BL62FREQ,Mask,blsm_mut_score-ratio_rank,False
0.5229421094589058,0.20241786224899344,0.203267356818725,0.4998245944255992,0.025356576862123614,0.7972304648862513,0.20512820512820512,0.013513513513513514,cedar_related,BL62FREQ,Mask,blsm_mut_score-ratio_rank,False
0.47570994370833886,0.018768709627654447,0.019051862484687578,0.502947948545387,0.02086049543676662,0.9724636086972464,0.03065134099616858,0.015810276679841896,prime_related,BL62FREQ,Mask,blsm_mut_score-ratio_rank,False
0.49742647058823536,0.250282476654779,0.25152154429810025,0.5130014491798959,0.0,0.783410138248848,0.0,0.0,ibel_neoepi,BL62FREQ,KL,blsm_mut_score-ratio_rank,False
0.5241904901624279,0.20257609169540675,0.2034285119868901,0.4997164227985289,0.02857142857142857,0.798219584569733,0.23684210526315788,0.015202702702702704,cedar_related,BL62FREQ,KL,blsm_mut_score-ratio_rank,False
0.4762041809785543,0.019145372872419464,0.01950485579589453,0.5029575468192334,0.02387267904509284,0.9730136031973013,0.036290322580645164,0.017786561264822136,prime_related,BL62FREQ,KL,blsm_mut_score-ratio_rank,False
0.5434136420525657,0.287397848878554,0.2888792711156859,0.5297164218430933,0.0,0.783410138248848,0.0,0.0,ibel_neoepi,BL62FREQ,None,blsm_mut_score-ratio_rank,False
0.5222888548113865,0.2058453462529635,0.20684548522813676,0.5067191698479566,0.022082018927444796,0.7955819320804484,0.16666666666666666,0.011824324324324325,cedar_related,BL62FREQ,None,blsm_mut_score-ratio_rank,False
0.4622900802135128,0.01738171814442716,0.017653587562854723,0.5019827974218088,0.0170316301703163,0.9703736295970373,0.022151898734177215,0.01383399209486166,prime_related,BL62FREQ,None,blsm_mut_score-ratio_rank,False
0.5094727784730914,0.2540934450997994,0.255347368666127,0.5130014491798959,0.0,0.783410138248848,0.0,0.0,ibel_neoepi,BL62FREQ,Shannon,blsm_mut_score-ratio_rank,False
0.522874984775845,0.20241940288497198,0.2032682048282961,0.49991200584141354,0.025356576862123614,0.7972304648862513,0.20512820512820512,0.013513513513513514,cedar_related,BL62FREQ,Shannon,blsm_mut_score-ratio_rank,False
0.475728771091653,0.018773454993588602,0.019056945238608812,0.5029456169808899,0.023376623376623377,0.9724269423972427,0.03409090909090909,0.017786561264822136,prime_related,BL62FREQ,Shannon,blsm_mut_score-ratio_rank,False
0.5328457446808511,0.22354493814740678,0.2263434115467926,0.49859198998748433,0.0,0.783410138248848,0.0,0.0,ibel_neoepi,onehot,Mask,mutation_score-ratio_rank,False
0.509364239290499,0.19955331177058339,0.20047351851977613,0.5004018739842065,0.0033167495854063023,0.8018463567424992,0.09090909090909091,0.0016891891891891893,cedar_related,onehot,Mask,mutation_score-ratio_rank,False
0.4864614132409812,0.017550711282683533,0.01772795543442917,0.4977914993629894,0.0038610038610038607,0.981080189198108,0.08333333333333333,0.001976284584980237,prime_related,onehot,Mask,mutation_score-ratio_rank,False
0.5405976220275345,0.2424846246897933,0.24669798190200615,0.5093373295566826,0.0,0.783410138248848,0.0,0.0,ibel_neoepi,onehot,KL,mutation_score-ratio_rank,False
0.508780877354208,0.2002153385788489,0.2011426924858205,0.500553751319184,0.02258064516129032,0.8001978239366964,0.25,0.011824324324324325,cedar_related,onehot,KL,mutation_score-ratio_rank,False
0.4840219750264728,0.01761914328981268,0.017823185758412154,0.49965356448919707,0.0036900369003690036,0.98020019799802,0.027777777777777776,0.001976284584980237,prime_related,onehot,KL,mutation_score-ratio_rank,False
0.5312421777221528,0.24678543835580696,0.24966754955373305,0.5061672485343521,0.0,0.783410138248848,0.0,0.0,ibel_neoepi,onehot,None,mutation_score-ratio_rank,False
0.5096548822480818,0.20279965661886154,0.20367519845013798,0.504225030783387,0.00977198697068404,0.7995384108143752,0.13636363636363635,0.005067567567567568,cedar_related,onehot,None,mutation_score-ratio_rank,False
0.4758498570078695,0.01767655820347099,0.017816858036539943,0.5034449992367623,0.003717472118959107,0.9803468631980347,0.03125,0.001976284584980237,prime_related,onehot,None,mutation_score-ratio_rank,False
0.535653942428035,0.23182277720866185,0.23534568332727718,0.5012680324089323,0.0,0.783410138248848,0.0,0.0,ibel_neoepi,onehot,Shannon,mutation_score-ratio_rank,False
0.5066930921089052,0.20012529793491296,0.2010837286627354,0.5008633334168598,0.02584814216478191,0.8011869436201781,0.2962962962962963,0.013513513513513514,cedar_related,onehot,Shannon,mutation_score-ratio_rank,False
0.48215998373314084,0.017476566251889484,0.01767713517727387,0.4989961798792372,0.003663003663003663,0.9800535327980053,0.025,0.001976284584980237,prime_related,onehot,Shannon,mutation_score-ratio_rank,False
0.5674280350438047,0.27055106060951106,0.2718224939810716,0.5048498122653317,0.09137055837563451,0.793778801843318,1.0,0.047872340425531915,ibel_neoepi,BL62LO,Mask,mutation_score-ratio_rank,False
0.5186011492852951,0.2010469341154025,0.20187020456186033,0.50030135085602,0.03053435114503817,0.7906363336630399,0.15873015873015872,0.016891891891891893,cedar_related,BL62LO,Mask,mutation_score-ratio_rank,False
0.4757853270744712,0.018467339065797818,0.018688969008003917,0.5079453461696736,0.03639514731369151,0.9592270743959227,0.032407407407407406,0.041501976284584984,prime_related,BL62LO,Mask,mutation_score-ratio_rank,False
0.5716677096370463,0.2726739557051613,0.2739590497672213,0.5048909821487385,0.09137055837563451,0.793778801843318,1.0,0.047872340425531915,ibel_neoepi,BL62LO,KL,mutation_score-ratio_rank,False
0.5186897261866537,0.20106330047691556,0.20188187749253694,0.5001800675165776,0.03053435114503817,0.7906363336630399,0.15873015873015872,0.016891891891891893,cedar_related,BL62LO,KL,mutation_score-ratio_rank,False
0.47560687301380333,0.0184485332132983,0.018670976308079002,0.507415148403031,0.03633217993079585,0.9591537417959154,0.03230769230769231,0.041501976284584984,prime_related,BL62LO,KL,mutation_score-ratio_rank,False
0.582438986232791,0.27110154360907335,0.27540430712499114,0.5210707463276464,0.0,0.783410138248848,0.0,0.0,ibel_neoepi,BL62LO,None,mutation_score-ratio_rank,False
0.5178094932294031,0.20331799837964126,0.20435518301867778,0.5028391956284968,0.044977511244377814,0.7899769205407188,0.2,0.02533783783783784,cedar_related,BL62LO,None,mutation_score-ratio_rank,False
0.4653427742939325,0.017627818570782113,0.01783356876994535,0.5029007732237288,0.029134532990574124,0.9584570820958457,0.025718608169440244,0.03359683794466403,prime_related,BL62LO,None,mutation_score-ratio_rank,False
0.5674280350438047,0.27055106060951106,0.2718224939810716,0.5048498122653317,0.09137055837563451,0.793778801843318,1.0,0.047872340425531915,ibel_neoepi,BL62LO,Shannon,mutation_score-ratio_rank,False
0.5186011492852951,0.2010469341154025,0.20187020456186033,0.50030135085602,0.03053435114503817,0.7906363336630399,0.15873015873015872,0.016891891891891893,cedar_related,BL62LO,Shannon,mutation_score-ratio_rank,False
0.475785400907347,0.018467340782339407,0.018688970726696095,0.5079453461696736,0.03639514731369151,0.9592270743959227,0.032407407407407406,0.041501976284584984,prime_related,BL62LO,Shannon,mutation_score-ratio_rank,False
0.5085810387984981,0.25416142383884,0.25541920786347583,0.5123839009287926,0.0,0.783410138248848,0.0,0.0,ibel_neoepi,BL62FREQ,Mask,mutation_score-ratio_rank,False
0.5223843517831638,0.2025571776557447,0.20340122439685124,0.49983588506680854,0.019108280254777073,0.7969007583250907,0.16666666666666666,0.010135135135135136,cedar_related,BL62FREQ,Mask,mutation_score-ratio_rank,False
0.47173913781807014,0.0184917086486252,0.018792972913411483,0.502673756560527,0.021024967148488827,0.9726836064972684,0.03137254901960784,0.015810276679841896,prime_related,BL62FREQ,Mask,mutation_score-ratio_rank,False
0.4934136420525657,0.24931040181224873,0.2505480895791572,0.512630920229234,0.0,0.783410138248848,0.0,0.0,ibel_neoepi,BL62FREQ,KL,mutation_score-ratio_rank,False
0.5239289115006034,0.20284302836917995,0.2036891420826876,0.49959623210178417,0.022222222222222223,0.7969007583250907,0.18421052631578946,0.011824324324324325,cedar_related,BL62FREQ,KL,mutation_score-ratio_rank,False
0.47309153460303244,0.018616299635502917,0.018918597576357714,0.5027656979205297,0.02108036890645586,0.9727569390972757,0.03162055335968379,0.015810276679841896,prime_related,BL62FREQ,KL,mutation_score-ratio_rank,False
0.5451580100125156,0.285409612002814,0.2868816008051641,0.5276990975561557,0.0,0.783410138248848,0.0,0.0,ibel_neoepi,BL62FREQ,None,mutation_score-ratio_rank,False
0.5217366331919794,0.20557574080676244,0.2065798160158784,0.5063545914011642,0.022082018927444796,0.7955819320804484,0.16666666666666666,0.011824324324324325,cedar_related,BL62FREQ,None,mutation_score-ratio_rank,False
0.4609254271711775,0.01728630128593419,0.01755203890086561,0.5019524870833464,0.01699029126213592,0.97030029699703,0.0220125786163522,0.01383399209486166,prime_related,BL62FREQ,None,mutation_score-ratio_rank,False
0.5088939299123905,0.2542077534595035,0.2554654015910329,0.5123015611619788,0.0,0.783410138248848,0.0,0.0,ibel_neoepi,BL62FREQ,Shannon,mutation_score-ratio_rank,False
0.522276398684633,0.20256545039232526,0.2034102198089331,0.4998978014863437,0.019108280254777073,0.7969007583250907,0.16666666666666666,0.010135135135135136,cedar_related,BL62FREQ,Shannon,mutation_score-ratio_rank,False
0.471749179089171,0.018502284541283383,0.018805722570987282,0.5026858029770954,0.02096985583224115,0.9726102738972611,0.0311284046692607,0.015810276679841896,prime_related,BL62FREQ,Shannon,mutation_score-ratio_rank,False
0.5479192740926158,0.23038965373084375,0.23319216268606052,0.49941538765562216,0.0,0.783410138248848,0.0,0.0,ibel_neoepi,onehot,Mask,blsm_mut_score-mutation_score-ratio_rank,False
0.5108485943952965,0.19987126687262052,0.20079490249070794,0.5009339909779764,0.00333889816360601,0.8031651829871415,0.14285714285714285,0.0016891891891891893,cedar_related,onehot,Mask,blsm_mut_score-mutation_score-ratio_rank,False
0.4871583955879836,0.017488954593487763,0.01765470634278299,0.49692843190497626,0.0,0.981080189198108,0.0,0.0,prime_related,onehot,Mask,blsm_mut_score-mutation_score-ratio_rank,False
0.551290675844806,0.24748750518829157,0.25163169124899154,0.5074023450365589,0.0,0.783410138248848,0.0,0.0,ibel_neoepi,onehot,KL,blsm_mut_score-mutation_score-ratio_rank,False
0.5090569881639115,0.20047626791808423,0.20141902663186761,0.5018193957773294,0.016260162601626018,0.8005275304978569,0.21739130434782608,0.008445945945945946,cedar_related,onehot,KL,blsm_mut_score-mutation_score-ratio_rank,False
0.48544067373385114,0.0175041186247577,0.0176693252291748,0.49858061736703585,0.0037453183520599247,0.9804935283980494,0.03571428571428571,0.001976284584980237,prime_related,onehot,KL,blsm_mut_score-mutation_score-ratio_rank,False
0.5381648936170212,0.24795071421143852,0.2521972079165184,0.513330808247151,0.0,0.783410138248848,0.0,0.0,ibel_neoepi,onehot,None,blsm_mut_score-mutation_score-ratio_rank,False
0.5118014880919428,0.20312092070210314,0.20404104067470274,0.5047112567838543,0.013008130081300815,0.7998681173755358,0.17391304347826086,0.006756756756756757,cedar_related,onehot,None,blsm_mut_score-mutation_score-ratio_rank,False
0.4795813705478591,0.017749056987844812,0.01788227301129984,0.5019857895962467,0.0,0.9805668609980567,0.0,0.0,prime_related,onehot,None,blsm_mut_score-mutation_score-ratio_rank,False
0.5446730287859824,0.24296680894995307,0.24573697803598482,0.5006916540412357,0.0,0.783410138248848,0.0,0.0,ibel_neoepi,onehot,Shannon,blsm_mut_score-mutation_score-ratio_rank,False
0.5076189975309189,0.2000532486673707,0.200997072843991,0.5014406129754672,0.01951219512195122,0.8011869436201781,0.2608695652173913,0.010135135135135136,cedar_related,onehot,Shannon,blsm_mut_score-mutation_score-ratio_rank,False
0.4859504159079723,0.017542092298035546,0.01770910471736465,0.49837559512892343,0.0037453183520599247,0.9804935283980494,0.03571428571428571,0.001976284584980237,prime_related,onehot,Shannon,blsm_mut_score-mutation_score-ratio_rank,False
0.5752737797246559,0.27465705930913653,0.27596074788385905,0.5073200052697451,0.08163265306122448,0.7926267281105991,1.0,0.0425531914893617,ibel_neoepi,BL62LO,Mask,blsm_mut_score-mutation_score-ratio_rank,False
0.5192682440736517,0.2008242181014498,0.2016795533305465,0.499933130266902,0.027649769585253458,0.7912957467853611,0.15254237288135594,0.015202702702702704,cedar_related,BL62LO,Mask,blsm_mut_score-mutation_score-ratio_rank,False
0.47666895893134886,0.018561235291600413,0.018793434685927167,0.5080806934887308,0.035211267605633804,0.9598137351959813,0.031746031746031744,0.039525691699604744,prime_related,BL62LO,Mask,blsm_mut_score-mutation_score-ratio_rank,False
0.5812343554443054,0.277296266130571,0.27861419764874024,0.507731704103814,0.09137055837563451,0.793778801843318,1.0,0.047872340425531915,ibel_neoepi,BL62LO,KL,blsm_mut_score-mutation_score-ratio_rank,False
0.5186482057641418,0.20065398041243648,0.201463709753869,0.4999983246145302,0.02773497688751926,0.7919551599076822,0.15789473684210525,0.015202702702702704,cedar_related,BL62LO,KL,blsm_mut_score-mutation_score-ratio_rank,False
0.47741385881470766,0.018593628428341013,0.018813213633432236,0.5079147638153532,0.03536693191865606,0.9599970666959997,0.032,0.039525691699604744,prime_related,BL62LO,KL,blsm_mut_score-mutation_score-ratio_rank,False
0.5856148310387985,0.26871486304412834,0.27261767563982725,0.5180241749555365,0.0,0.783410138248848,0.0,0.0,ibel_neoepi,BL62LO,None,blsm_mut_score-mutation_score-ratio_rank,False
0.5183354185812195,0.20304808725980739,0.20410329011396056,0.5028981983341715,0.05671641791044776,0.7916254533465216,0.24358974358974358,0.03209459459459459,cedar_related,BL62LO,None,blsm_mut_score-mutation_score-ratio_rank,False
0.46457107307667944,0.01780640749279281,0.018031328162718446,0.503549336748008,0.030249110320284697,0.9600337329960034,0.02750809061488673,0.03359683794466403,prime_related,BL62LO,None,blsm_mut_score-mutation_score-ratio_rank,False
0.5752659574468085,0.2746538830608213,0.27595756307930364,0.5073200052697451,0.08163265306122448,0.7926267281105991,1.0,0.0425531914893617,ibel_neoepi,BL62LO,Shannon,blsm_mut_score-mutation_score-ratio_rank,False
0.5192682440736517,0.2008242181014498,0.2016795533305465,0.499933130266902,0.027649769585253458,0.7912957467853611,0.15254237288135594,0.015202702702702704,cedar_related,BL62LO,Shannon,blsm_mut_score-mutation_score-ratio_rank,False
0.47666888509847316,0.018561226677323066,0.018793426014571506,0.5080806934887308,0.035211267605633804,0.9598137351959813,0.031746031746031744,0.039525691699604744,prime_related,BL62LO,Shannon,blsm_mut_score-mutation_score-ratio_rank,False
0.5127737797246559,0.25555592698708834,0.25682521642211686,0.5130837889467097,0.0,0.783410138248848,0.0,0.0,ibel_neoepi,BL62FREQ,Mask,blsm_mut_score-mutation_score-ratio_rank,False
0.5222494104100003,0.20204439898377996,0.20287725290542963,0.4998224091402038,0.025559105431309907,0.7988789976920541,0.23529411764705882,0.013513513513513514,cedar_related,BL62FREQ,Mask,blsm_mut_score-mutation_score-ratio_rank,False
0.4744488043577935,0.018790400171262964,0.019108710522175717,0.5028188187316555,0.024291497975708502,0.973490265097349,0.03829787234042553,0.017786561264822136,prime_related,BL62FREQ,Mask,blsm_mut_score-mutation_score-ratio_rank,False
0.5011029411764706,0.2516261153066712,0.2528749205251913,0.5134954877807786,0.0,0.783410138248848,0.0,0.0,ibel_neoepi,BL62FREQ,KL,blsm_mut_score-mutation_score-ratio_rank,False
0.5237967381556075,0.20220855509802316,0.2030340772475109,0.4994654791922952,0.019108280254777073,0.7969007583250907,0.16666666666666666,0.010135135135135136,cedar_related,BL62FREQ,KL,blsm_mut_score-mutation_score-ratio_rank,False
0.47523025151464454,0.018867812870420525,0.019185027503257627,0.5030343330100049,0.024291497975708502,0.973490265097349,0.03829787234042553,0.017786561264822136,prime_related,BL62FREQ,KL,blsm_mut_score-mutation_score-ratio_rank,False
0.5463782853566959,0.2878877875510317,0.28940343349637454,0.5300457809103485,0.0,0.783410138248848,0.0,0.0,ibel_neoepi,BL62FREQ,None,blsm_mut_score-mutation_score-ratio_rank,False
0.522490228860569,0.2057480540834402,0.20673360661133625,0.5064678620274903,0.022187004754358162,0.7965710517639301,0.1794871794871795,0.011824324324324325,cedar_related,BL62FREQ,None,blsm_mut_score-mutation_score-ratio_rank,False
0.4607903130085701,0.017264442868427796,0.017473271594030095,0.5016847457602618,0.014943960149439602,0.9709969566970997,0.020202020202020204,0.011857707509881422,prime_related,BL62FREQ,None,blsm_mut_score-mutation_score-ratio_rank,False
0.5134699624530663,0.25563595587946364,0.2569045882780228,0.5128367696462683,0.0,0.783410138248848,0.0,0.0,ibel_neoepi,BL62FREQ,Shannon,blsm_mut_score-mutation_score-ratio_rank,False
0.5222646345649213,0.20208783414543957,0.20292062951905476,0.49983697770950625,0.025559105431309907,0.7988789976920541,0.23529411764705882,0.013513513513513514,cedar_related,BL62FREQ,Shannon,blsm_mut_score-mutation_score-ratio_rank,False
0.4743534861152109,0.018772705742499247,0.019088835102803695,0.5028115520223062,0.02425876010781671,0.9734535987973454,0.038135593220338986,0.017786561264822136,prime_related,BL62FREQ,Shannon,blsm_mut_score-mutation_score-ratio_rank,False
0.46132665832290365,0.1926814610276113,0.19417650334750086,0.47759534944997034,0.0,0.783410138248848,0.0,0.0,ibel_neoepi,onehot,Mask,blsm_mut_score,True
0.5163666585471174,0.21464013603850013,0.21574645568114187,0.5072960851923314,0.019867549668874177,0.8048137157929443,0.5,0.010135135135135136,cedar_related,onehot,Mask,blsm_mut_score,True
0.5202494783338164,0.01895259490782285,0.019047418872357964,0.4931819186333886,0.0,0.9808235250980823,0.0,0.0,prime_related,onehot,Mask,blsm_mut_score,True
0.48669430538172714,0.19943276364043458,0.20101400374049747,0.48023022198801135,0.0,0.783410138248848,0.0,0.0,ibel_neoepi,onehot,KL,blsm_mut_score,True
0.5190495698484228,0.21436530831966766,0.21545215601965398,0.5070531542992139,0.03514376996805112,0.8008572370590175,0.3235294117647059,0.018581081081081082,cedar_related,onehot,KL,blsm_mut_score,True
0.5111421192781922,0.01817612890392742,0.018254631142256433,0.489185345069486,0.0,0.9766802331976681,0.0,0.0,prime_related,onehot,KL,blsm_mut_score,True
0.4459637046307885,0.1832506468536083,0.18462965971634393,0.4755780251630327,0.0,0.783410138248848,0.0,0.0,ibel_neoepi,onehot,None,blsm_mut_score,True
0.5246423707607648,0.21866518570486476,0.21976579001865285,0.5117974088925381,0.029220779220779227,0.8028354764259809,0.375,0.015202702702702704,cedar_related,onehot,None,blsm_mut_score,True
0.5169052182270925,0.018655154762214386,0.018742528098917053,0.49202829937962744,0.0,0.9793568730979357,0.0,0.0,prime_related,onehot,None,blsm_mut_score,True
0.48884543178973716,0.19984973906826606,0.2014075467187597,0.47928331466965285,0.0,0.783410138248848,0.0,0.0,ibel_neoepi,onehot,Shannon,blsm_mut_score,True
0.5173250883000986,0.21333739435873883,0.21442072542041413,0.5063352880468385,0.03514376996805112,0.8008572370590175,0.3235294117647059,0.018581081081081082,cedar_related,onehot,Shannon,blsm_mut_score,True
0.5122611303429345,0.01822153340735779,0.018300151896298942,0.4892578955847544,0.0,0.976460235397646,0.0,0.0,prime_related,onehot,Shannon,blsm_mut_score,True
0.32479662077596994,0.1558989430396865,0.1576740305665534,0.48899940715367896,0.0,0.783410138248848,0.0,0.0,ibel_neoepi,BL62LO,Mask,blsm_mut_score,True
0.5196751442142675,0.2080439616617309,0.20931987256302156,0.5044654121768765,0.04636785162287481,0.7965710517639301,0.2727272727272727,0.02533783783783784,cedar_related,BL62LO,Mask,blsm_mut_score,True
0.509568371531756,0.018482680209157193,0.018569321949513235,0.4931106893380019,0.004739336492890995,0.96920030799692,0.005917159763313609,0.003952569169960474,prime_related,BL62LO,Mask,blsm_mut_score,True
0.32673654568210264,0.15589632388133506,0.15760906275105604,0.48854653843620316,0.0,0.783410138248848,0.0,0.0,ibel_neoepi,BL62LO,KL,blsm_mut_score,True
0.5189879812216969,0.20778119280482743,0.2092136107035466,0.5041256002978981,0.04636785162287481,0.7965710517639301,0.2727272727272727,0.02533783783783784,cedar_related,BL62LO,KL,blsm_mut_score,True
0.5086258210400365,0.01842344781358402,0.018510549628064466,0.49306499067385856,0.004767580452920143,0.9693836394969384,0.006006006006006006,0.003952569169960474,prime_related,BL62LO,KL,blsm_mut_score,True
0.41717772215269083,0.17639937446637746,0.17877895570997648,0.48558230683090703,0.0,0.783410138248848,0.0,0.0,ibel_neoepi,BL62LO,None,blsm_mut_score,True
0.5046046148565608,0.20235041918252883,0.20338761279054113,0.5049137598971576,0.05943536404160476,0.7912957467853611,0.24691358024691357,0.033783783783783786,cedar_related,BL62LO,None,blsm_mut_score,True
0.5119409171608424,0.018974873152038604,0.01909236582446981,0.4992928714614943,0.02397260273972603,0.95820041799582,0.021148036253776436,0.02766798418972332,prime_related,BL62LO,None,blsm_mut_score,True
0.32479662077596994,0.1558989430396865,0.1576740305665534,0.48899940715367896,0.0,0.783410138248848,0.0,0.0,ibel_neoepi,BL62LO,Shannon,blsm_mut_score,True
0.5196751442142675,0.2080439616617309,0.20931987256302156,0.5044654121768765,0.04636785162287481,0.7965710517639301,0.2727272727272727,0.02533783783783784,cedar_related,BL62LO,Shannon,blsm_mut_score,True
0.509568371531756,0.018482680209157193,0.018569321949513235,0.4931106893380019,0.004739336492890995,0.96920030799692,0.005917159763313609,0.003952569169960474,prime_related,BL62LO,Shannon,blsm_mut_score,True
0.3479036295369211,0.1654247341037487,0.16754581995011336,0.4941868124629471,0.0,0.783410138248848,0.0,0.0,ibel_neoepi,BL62FREQ,Mask,blsm_mut_score,True
0.5256734612531416,0.21404993250688428,0.21495032047386872,0.5039383941823623,0.028708133971291867,0.7992087042532147,0.2571428571428571,0.015202702702702704,cedar_related,BL62FREQ,Mask,blsm_mut_score,True
0.516504748709069,0.01911179559479313,0.019207921898696315,0.494788016837222,0.0028449502133712657,0.9742969236974297,0.005076142131979695,0.001976284584980237,prime_related,BL62FREQ,Mask,blsm_mut_score,True
0.35254224030037545,0.16589644922036528,0.16796621787341967,0.4941868124629471,0.0,0.783410138248848,0.0,0.0,ibel_neoepi,BL62FREQ,KL,blsm_mut_score,True
0.5256900694221465,0.21412404280484781,0.21503037641413628,0.5041948010020845,0.03184713375796178,0.7995384108143752,0.2777777777777778,0.016891891891891893,cedar_related,BL62FREQ,KL,blsm_mut_score,True
0.5157868716582317,0.019074234912073582,0.019172248411044174,0.4949118617714268,0.005657708628005657,0.9742235910974224,0.009950248756218905,0.003952569169960474,prime_related,BL62FREQ,KL,blsm_mut_score,True
0.40975438047559454,0.174375178551614,0.17605596714894245,0.4848000790461761,0.0,0.783410138248848,0.0,0.0,ibel_neoepi,BL62FREQ,None,blsm_mut_score,True
0.5104884047300066,0.20881709555760888,0.2101796064316791,0.5084032964593131,0.04361370716510904,0.7975601714474118,0.28,0.02364864864864865,cedar_related,BL62FREQ,None,blsm_mut_score,True
0.529003916243395,0.01956510551155763,0.0196700661388765,0.4968147292763339,0.009411764705882352,0.9691269753969127,0.011627906976744186,0.007905138339920948,prime_related,BL62FREQ,None,blsm_mut_score,True
0.3484198998748435,0.16550523792975896,0.1676255502203811,0.4941456425795402,0.0,0.783410138248848,0.0,0.0,ibel_neoepi,BL62FREQ,Shannon,blsm_mut_score,True
0.5257115216404442,0.21404904553843584,0.21494916839410078,0.5039201834707344,0.028708133971291867,0.7992087042532147,0.2571428571428571,0.015202702702702704,cedar_related,BL62FREQ,Shannon,blsm_mut_score,True
0.5166417825264458,0.019125805576016845,0.01922200232428402,0.4947946229366305,0.0028449502133712657,0.9742969236974297,0.005076142131979695,0.001976284584980237,prime_related,BL62FREQ,Shannon,blsm_mut_score,True
0.4682102628285356,0.19568333542853977,0.19711196673013273,0.4750016467953363,0.0,0.783410138248848,0.0,0.0,ibel_neoepi,onehot,Mask,mutation_score,True
0.5189423087569339,0.21734525630798046,0.21830169771931657,0.5074333939580064,0.019900497512437814,0.8051434223541049,0.5454545454545454,0.010135135135135136,cedar_related,onehot,Mask,mutation_score,True
0.521211446871856,0.018998011720799825,0.019099469758722426,0.4933507239029793,0.0,0.980640193598064,0.0,0.0,prime_related,onehot,Mask,mutation_score,True
0.486209324155194,0.19941472564325113,0.20090573533193617,0.47673078189842566,0.0,0.783410138248848,0.0,0.0,ibel_neoepi,onehot,KL,mutation_score,True
0.522088864776288,0.21578600629875144,0.21687708615278206,0.5071074222198654,0.03508771929824561,0.8005275304978569,0.3142857142857143,0.018581081081081082,cedar_related,onehot,KL,mutation_score,True
0.5127960495276838,0.018286324799956045,0.01836653572746184,0.49063029330716096,0.0,0.9763135701976313,0.0,0.0,prime_related,onehot,KL,mutation_score,True
0.4445009386733417,0.18364439702049007,0.18508884014713473,0.47549568539621895,0.0,0.783410138248848,0.0,0.0,ibel_neoepi,onehot,None,mutation_score,True
0.528920358293566,0.22136806191935146,0.22234786552459662,0.512828499384915,0.03231017770597739,0.8025057698648204,0.37037037037037035,0.016891891891891893,cedar_related,onehot,None,mutation_score,True
0.5133283107289062,0.01857646529684318,0.01866932365232287,0.49419486682915753,0.0,0.9793935393979394,0.0,0.0,prime_related,onehot,None,mutation_score,True
0.4890801001251564,0.19993225795632702,0.20142063807266725,0.47673078189842566,0.0,0.783410138248848,0.0,0.0,ibel_neoepi,onehot,Shannon,mutation_score,True
0.5219303951637011,0.21574979540549916,0.2168393321977371,0.5070713650108419,0.03497615262321145,0.7998681173755358,0.2972972972972973,0.018581081081081082,cedar_related,onehot,Shannon,mutation_score,True
0.5137191081402075,0.018324029944932815,0.01840423787248099,0.4906658108063336,0.0,0.976020239797602,0.0,0.0,prime_related,onehot,Shannon,mutation_score,True
0.3315863579474343,0.15781683638297125,0.15963535472653861,0.4896169554047823,0.0,0.783410138248848,0.0,0.0,ibel_neoepi,BL62LO,Mask,mutation_score,True
0.5205373849884296,0.20850181477011978,0.20972301569353077,0.5047684384183662,0.0462962962962963,0.7962413452027696,0.26785714285714285,0.02533783783783784,cedar_related,BL62LO,Mask,mutation_score,True
0.5089686270821056,0.018449055605760815,0.018536873249329656,0.49310796917942196,0.0047169811320754715,0.9690536427969053,0.005847953216374269,0.003952569169960474,prime_related,BL62LO,Mask,mutation_score,True
0.33550531914893617,0.15816562252830393,0.15994813075047434,0.48924642645412025,0.0,0.783410138248848,0.0,0.0,ibel_neoepi,BL62LO,KL,mutation_score,True
0.52025158608014,0.2084085915141784,0.20984489906766535,0.5043670743340852,0.04945904173106646,0.7972304648862513,0.2909090909090909,0.02702702702702703,cedar_related,BL62LO,KL,mutation_score,True
0.5085404702356789,0.018418868074764633,0.018506840154319297,0.4932371378525618,0.0047619047619047615,0.9693469731969347,0.005988023952095809,0.003952569169960474,prime_related,BL62LO,KL,mutation_score,True
0.4185309762202753,0.17657081336765912,0.17896636854933273,0.4863233647322311,0.0,0.783410138248848,0.0,0.0,ibel_neoepi,BL62LO,None,mutation_score,True
0.5060228832888604,0.20295600965803123,0.2041477773714084,0.504998621813344,0.0625,0.7922848664688428,0.2625,0.03547297297297297,cedar_related,BL62LO,None,mutation_score,True
0.5116895900518174,0.01895376214128074,0.019070395600226702,0.4988534881320142,0.024813895781637715,0.956770432295677,0.021337126600284494,0.029644268774703556,prime_related,BL62LO,None,mutation_score,True
0.3315863579474343,0.15781683638297125,0.15963535472653861,0.4896169554047823,0.0,0.783410138248848,0.0,0.0,ibel_neoepi,BL62LO,Shannon,mutation_score,True
0.5205373849884296,0.20850181477011978,0.20972301569353077,0.5047684384183662,0.0462962962962963,0.7962413452027696,0.26785714285714285,0.02533783783783784,cedar_related,BL62LO,Shannon,mutation_score,True
0.5089685532492298,0.018449053514059652,0.018536871154610342,0.49310796917942196,0.0047169811320754715,0.9690536427969053,0.005847953216374269,0.003952569169960474,prime_related,BL62LO,Shannon,mutation_score,True
0.35215112640801005,0.16669478353724404,0.16883070350554039,0.494227982346354,0.0,0.783410138248848,0.0,0.0,ibel_neoepi,BL62FREQ,Mask,mutation_score,True
0.5268657893862728,0.21397466027383044,0.21502959634612223,0.5036947348607799,0.03803486529318542,0.7998681173755358,0.3076923076923077,0.02027027027027027,cedar_related,BL62FREQ,Mask,mutation_score,True
0.516792992255965,0.019156944537177763,0.01925592519128284,0.495345804783747,0.0056657223796034,0.974260257397426,0.01,0.003952569169960474,prime_related,BL62FREQ,Mask,mutation_score,True
0.3564142678347935,0.16720722495720475,0.16932397679317268,0.4941868124629471,0.0,0.783410138248848,0.0,0.0,ibel_neoepi,BL62FREQ,KL,mutation_score,True
0.5258326228727703,0.21369670030928042,0.2147457679019555,0.5040782524476654,0.03492063492063492,0.7995384108143752,0.2894736842105263,0.018581081081081082,cedar_related,BL62FREQ,KL,mutation_score,True
0.5165706076342308,0.019130104211156337,0.01922978447462097,0.4951753285596001,0.005633802816901409,0.9741135921974113,0.00980392156862745,0.003952569169960474,prime_related,BL62FREQ,KL,mutation_score,True
0.411311013767209,0.17544342763237,0.17711997106723287,0.4850882682300244,0.0,0.783410138248848,0.0,0.0,ibel_neoepi,BL62FREQ,None,mutation_score,True
0.5103479273005083,0.20927481064365966,0.21064562425769695,0.5087059584865704,0.0438871473354232,0.7988789976920541,0.30434782608695654,0.02364864864864865,cedar_related,BL62FREQ,None,mutation_score,True
0.5285211969017953,0.01953135528945148,0.01964013104543284,0.4963128988777395,0.0070838252656434475,0.9691636416969164,0.008797653958944282,0.005928853754940711,prime_related,BL62FREQ,None,mutation_score,True
0.35311326658322906,0.1668609585690114,0.168996651453332,0.494227982346354,0.0,0.783410138248848,0.0,0.0,ibel_neoepi,BL62FREQ,Shannon,mutation_score,True
0.526757836287742,0.21401254486484317,0.2150685301250556,0.5037093034300822,0.03803486529318542,0.7998681173755358,0.3076923076923077,0.02027027027027027,cedar_related,BL62FREQ,Shannon,mutation_score,True
0.5169947036724916,0.019170735296476598,0.01926974421180065,0.4953493021304927,0.0056657223796034,0.974260257397426,0.01,0.003952569169960474,prime_related,BL62FREQ,Shannon,mutation_score,True
0.4529489987484355,0.18838868868558323,0.18980036786262566,0.4756191950464396,0.0,0.783410138248848,0.0,0.0,ibel_neoepi,onehot,Mask,ratio_rank,True
0.5208065757277146,0.21999761502640844,0.22111432944500026,0.508776616047687,0.0297029702970297,0.8061325420375866,0.6428571428571429,0.015202702702702704,cedar_related,onehot,Mask,ratio_rank,True
0.5155859724033384,0.018641542565675344,0.018736948468165312,0.4935333631219195,0.0,0.980640193598064,0.0,0.0,prime_related,onehot,Mask,ratio_rank,True
0.4616551939924906,0.1893394865110099,0.19081368550590586,0.4765249324813912,0.0,0.783410138248848,0.0,0.0,ibel_neoepi,onehot,KL,ratio_rank,True
0.5248617369930356,0.21818778254826568,0.21929362484368525,0.5084582928084297,0.044444444444444446,0.8015166501813387,0.3684210526315789,0.02364864864864865,cedar_related,onehot,KL,ratio_rank,True
0.5086217602318707,0.01812936861478938,0.018208267202209142,0.4911330951909625,0.0,0.976790232097679,0.0,0.0,prime_related,onehot,KL,ratio_rank,True
0.4522997496871089,0.18673111674754228,0.18828788803666596,0.48014788222119753,0.0,0.783410138248848,0.0,0.0,ibel_neoepi,onehot,None,ratio_rank,True
0.5275391122380062,0.22239203792582293,0.223383304427575,0.5124559082250063,0.03559870550161812,0.8034948895483021,0.4230769230769231,0.018581081081081082,cedar_related,onehot,None,ratio_rank,True
0.5099169365381331,0.018558068269051885,0.018660540057112998,0.49652678106094095,0.0,0.9801635316980164,0.0,0.0,prime_related,onehot,None,ratio_rank,True
0.4665519399249062,0.19013308825347913,0.19161271923550968,0.47673078189842566,0.0,0.783410138248848,0.0,0.0,ibel_neoepi,onehot,Shannon,ratio_rank,True
0.5241607338596278,0.21761903186891848,0.21871905389318294,0.5080183220154975,0.044444444444444446,0.8015166501813387,0.3684210526315789,0.02364864864864865,cedar_related,onehot,Shannon,ratio_rank,True
0.510372411548584,0.018188815042799417,0.018267666440889854,0.49150159895973056,0.0,0.976570234297657,0.0,0.0,prime_related,onehot,Shannon,ratio_rank,True
0.3215034418022528,0.15587529806255024,0.15759394452290548,0.4884230287859825,0.0,0.783410138248848,0.0,0.0,ibel_neoepi,BL62LO,Mask,ratio_rank,True
0.523616816324723,0.21235355043423562,0.21339252118349772,0.5045011051716672,0.04601226993865031,0.7949225189581273,0.25,0.02533783783783784,cedar_related,BL62LO,Mask,ratio_rank,True
0.5075053333177793,0.018357134617199296,0.018446721925348825,0.4938218553690284,0.004711425206124852,0.9690169764969017,0.0058309037900874635,0.003952569169960474,prime_related,BL62LO,Mask,ratio_rank,True
0.3264627659574468,0.15697273143532742,0.15868345914397772,0.4883406890191687,0.0,0.783410138248848,0.0,0.0,ibel_neoepi,BL62LO,KL,ratio_rank,True
0.5231683957615954,0.21188244990600102,0.21290893804988634,0.5044096873992947,0.049079754601226995,0.7955819320804484,0.26666666666666666,0.02702702702702703,cedar_related,BL62LO,KL,ratio_rank,True
0.5060424087178316,0.01828096788162498,0.01836923198805683,0.49384334462181007,0.004728132387706856,0.9691269753969127,0.0058823529411764705,0.003952569169960474,prime_related,BL62LO,KL,ratio_rank,True
0.4220197121401752,0.17679643740069023,0.17883864667743649,0.48689974309992756,0.0,0.783410138248848,0.0,0.0,ibel_neoepi,BL62LO,None,ratio_rank,True
0.5087372809105706,0.20570972994570494,0.20680839506249182,0.5069387910301901,0.06240713224368499,0.7919551599076822,0.25925925925925924,0.03547297297297297,cedar_related,BL62LO,None,ratio_rank,True
0.5099651494059924,0.018929649622766716,0.019038248798907757,0.5001881922283842,0.021959459459459464,0.9575404245957541,0.019174041297935103,0.025691699604743084,prime_related,BL62LO,None,ratio_rank,True
0.3215034418022528,0.15587529806255024,0.15759394452290548,0.4884230287859825,0.0,0.783410138248848,0.0,0.0,ibel_neoepi,BL62LO,Shannon,ratio_rank,True
0.523616124317681,0.21235245241337927,0.2133914181365086,0.5045011051716672,0.04601226993865031,0.7949225189581273,0.25,0.02533783783783784,cedar_related,BL62LO,Shannon,ratio_rank,True
0.5075053333177793,0.01835713254980274,0.01844671983814511,0.4938218553690284,0.004711425206124852,0.9690169764969017,0.0058309037900874635,0.003952569169960474,prime_related,BL62LO,Shannon,ratio_rank,True
0.34859981226533165,0.16545779056337703,0.16768732931431393,0.49393979316250575,0.0,0.783410138248848,0.0,0.0,ibel_neoepi,BL62FREQ,Mask,ratio_rank,True
0.5292006211455208,0.21678470415877038,0.21786058470953468,0.505092953299577,0.04100946372239748,0.7995384108143752,0.30952380952380953,0.02195945945945946,cedar_related,BL62FREQ,Mask,ratio_rank,True
0.5110928727500723,0.018740670418179305,0.018837668013748737,0.49568566916860896,0.002936857562408223,0.9751035822975104,0.005714285714285714,0.001976284584980237,prime_related,BL62FREQ,Mask,ratio_rank,True
0.3512124530663329,0.1666874410770633,0.16894553124467324,0.494227982346354,0.0,0.783410138248848,0.0,0.0,ibel_neoepi,BL62FREQ,KL,ratio_rank,True
0.5295009522016896,0.21824768381890342,0.21909522209117677,0.505032493736972,0.04094488188976378,0.7992087042532147,0.3023255813953488,0.02195945945945946,cedar_related,BL62FREQ,KL,ratio_rank,True
0.5106537148051602,0.018710918964753555,0.018806081306696382,0.4956632861494367,0.002902757619738752,0.974810251897481,0.00546448087431694,0.001976284584980237,prime_related,BL62FREQ,KL,ratio_rank,True
0.4126799123904881,0.17572000993578288,0.17748692560443174,0.48669389368289306,0.0,0.783410138248848,0.0,0.0,ibel_neoepi,BL62FREQ,None,ratio_rank,True
0.5111236671944375,0.21072094907713976,0.21207979042578526,0.5098419426779245,0.0405616224648986,0.7972304648862513,0.2653061224489796,0.02195945945945946,cedar_related,BL62FREQ,None,ratio_rank,True
0.5268144023132726,0.019511625828842676,0.019620341251035473,0.49829286344868434,0.007100591715976331,0.9692369742969237,0.008849557522123894,0.005928853754940711,prime_related,BL62FREQ,None,ratio_rank,True
0.34815394242803505,0.16540488494287975,0.16769648755329947,0.49398096304591266,0.0,0.783410138248848,0.0,0.0,ibel_neoepi,BL62FREQ,Shannon,ratio_rank,True
0.529316186321512,0.2167928932295789,0.21786837979829968,0.5051180840816236,0.04100946372239748,0.7995384108143752,0.30952380952380953,0.02195945945945946,cedar_related,BL62FREQ,Shannon,ratio_rank,True
0.511249398446645,0.018751475868136244,0.018848520915094424,0.49570937340766286,0.002936857562408223,0.9751035822975104,0.005714285714285714,0.001976284584980237,prime_related,BL62FREQ,Shannon,ratio_rank,True
0.45791614518147683,0.19219028136115462,0.19369095047611068,0.47701897108227387,0.0,0.783410138248848,0.0,0.0,ibel_neoepi,onehot,Mask,blsm_mut_score-mutation_score,True
0.5178863060110499,0.21592018514636965,0.21703350248426426,0.5077054619897285,0.010033444816053512,0.8048137157929443,0.5,0.005067567567567568,cedar_related,onehot,Mask,blsm_mut_score-mutation_score,True
0.5205376480478366,0.018949919491713478,0.019042558543826922,0.4930603275448644,0.0,0.9811168554981117,0.0,0.0,prime_related,onehot,Mask,blsm_mut_score-mutation_score,True
0.4776517521902378,0.19664685189243875,0.1982126953805875,0.47895395560239773,0.0,0.783410138248848,0.0,0.0,ibel_neoepi,onehot,KL,blsm_mut_score-mutation_score,True
0.520810035762924,0.21458668856942084,0.21566651962967345,0.5069362415305623,0.03210272873194222,0.8011869436201781,0.3225806451612903,0.016891891891891893,cedar_related,onehot,KL,blsm_mut_score-mutation_score,True
0.5135115639264973,0.018262256327211034,0.01833997966972405,0.48861492781526833,0.0,0.977340226597734,0.0,0.0,prime_related,onehot,KL,blsm_mut_score-mutation_score,True
0.444837296620776,0.1844006355794812,0.18581972037685696,0.47516632632896383,0.0,0.783410138248848,0.0,0.0,ibel_neoepi,onehot,None,blsm_mut_score-mutation_score,True
0.5283902808994985,0.21977418303914079,0.2207315550259421,0.512274165322959,0.026101141924959218,0.8031651829871415,0.38095238095238093,0.013513513513513514,cedar_related,onehot,None,blsm_mut_score-mutation_score,True
0.5152397700489851,0.018521191287098022,0.018610952131862812,0.4916937198742923,0.0,0.9798335349979833,0.0,0.0,prime_related,onehot,None,blsm_mut_score-mutation_score,True
0.48326032540675845,0.19826889828911434,0.19984799189235425,0.47969501350372173,0.0,0.783410138248848,0.0,0.0,ibel_neoepi,onehot,Shannon,blsm_mut_score-mutation_score,True
0.5191796671722932,0.21396026277128144,0.21505196504959362,0.5074024357482388,0.03514376996805112,0.8008572370590175,0.3235294117647059,0.018581081081081082,cedar_related,onehot,Shannon,blsm_mut_score-mutation_score,True
0.5138847152804963,0.018303141052160462,0.01838158835678855,0.48911982810711724,0.0,0.9770835624977083,0.0,0.0,prime_related,onehot,Shannon,blsm_mut_score-mutation_score,True
0.3264784105131414,0.15644987173982036,0.15820969801170623,0.48899940715367896,0.0,0.783410138248848,0.0,0.0,ibel_neoepi,BL62LO,Mask,blsm_mut_score-mutation_score,True
0.5190426497780042,0.20782747026595627,0.20903191193014564,0.5046325865096214,0.04622496147919877,0.795911638641609,0.2631578947368421,0.02533783783783784,cedar_related,BL62LO,Mask,blsm_mut_score-mutation_score,True
0.5100546348513914,0.018467742896949038,0.01855366510272315,0.492613832943668,0.0048192771084337345,0.9697136361969714,0.006172839506172839,0.003952569169960474,prime_related,BL62LO,Mask,blsm_mut_score-mutation_score,True
0.330061013767209,0.15691419504162601,0.15864536634266468,0.48858770831961,0.0,0.783410138248848,0.0,0.0,ibel_neoepi,BL62LO,KL,blsm_mut_score-mutation_score,True
0.5190855542145997,0.20788561747138024,0.20905050048114646,0.5045928871582723,0.043343653250773995,0.7962413452027696,0.25925925925925924,0.02364864864864865,cedar_related,BL62LO,KL,blsm_mut_score-mutation_score,True
0.5086105376347578,0.018383924519800587,0.018469615731047186,0.49280373887195755,0.0048721071863581,0.9700436328970043,0.006349206349206349,0.003952569169960474,prime_related,BL62LO,KL,blsm_mut_score-mutation_score,True
0.4183588861076345,0.17622440550971558,0.1782248026884754,0.4852529477636519,0.0,0.783410138248848,0.0,0.0,ibel_neoepi,BL62LO,None,blsm_mut_score-mutation_score,True
0.504918440050046,0.2026953864445663,0.2040669692720823,0.5052532075619033,0.05952380952380953,0.7916254533465216,0.25,0.033783783783783786,cedar_related,BL62LO,None,blsm_mut_score-mutation_score,True
0.512675037444343,0.018973752270815797,0.019083211855270198,0.4996701963159431,0.02258905299739357,0.958750412495875,0.020155038759689922,0.025691699604743084,prime_related,BL62LO,None,blsm_mut_score-mutation_score,True
0.3264705882352941,0.15644811065077063,0.15820791921517977,0.48899940715367896,0.0,0.783410138248848,0.0,0.0,ibel_neoepi,BL62LO,Shannon,blsm_mut_score-mutation_score,True
0.5190426497780042,0.20782747026595627,0.20903191193014564,0.5046325865096214,0.04622496147919877,0.795911638641609,0.2631578947368421,0.02533783783783784,cedar_related,BL62LO,Shannon,blsm_mut_score-mutation_score,True
0.5100545610185157,0.018467738381430204,0.018553660575847085,0.492613832943668,0.0048192771084337345,0.9697136361969714,0.006172839506172839,0.003952569169960474,prime_related,BL62LO,Shannon,blsm_mut_score-mutation_score,True
0.3485528785982478,0.16496568707462855,0.16704882589314182,0.49393979316250575,0.0,0.783410138248848,0.0,0.0,ibel_neoepi,BL62FREQ,Mask,blsm_mut_score-mutation_score,True
0.5250776431900971,0.21360997959944755,0.2146496331431243,0.503534116384221,0.031796502384737683,0.7992087042532147,0.2702702702702703,0.016891891891891893,cedar_related,BL62FREQ,Mask,blsm_mut_score-mutation_score,True
0.517195602927385,0.019134074328934887,0.01923303118478455,0.49410292546915485,0.0057971014492753615,0.9748469181974847,0.010869565217391304,0.003952569169960474,prime_related,BL62FREQ,Mask,blsm_mut_score-mutation_score,True
0.3557884856070087,0.16568959794348218,0.16776503989014815,0.49323990514458865,0.0,0.783410138248848,0.0,0.0,ibel_neoepi,BL62FREQ,KL,blsm_mut_score-mutation_score,True
0.5259578761473477,0.2148480288223793,0.2158842979376936,0.5041867882889681,0.028753993610223648,0.7995384108143752,0.2647058823529412,0.015202702702702704,cedar_related,BL62FREQ,KL,blsm_mut_score-mutation_score,True
0.5165747422752722,0.019135093358981795,0.019232210314736677,0.4943956533917669,0.002886002886002886,0.9746635866974663,0.0053475935828877,0.001976284584980237,prime_related,BL62FREQ,KL,blsm_mut_score-mutation_score,True
0.4136498748435544,0.17560306763265607,0.17732240127047424,0.4846765693959555,0.0,0.783410138248848,0.0,0.0,ibel_neoepi,BL62FREQ,None,blsm_mut_score-mutation_score,True
0.5093334449771361,0.20808082699181987,0.20943788571154048,0.5082459559108473,0.04075235109717868,0.798219584569733,0.2826086956521739,0.02195945945945946,cedar_related,BL62FREQ,None,blsm_mut_score-mutation_score,True
0.5293524074168963,0.01958203929071792,0.01968851481575279,0.4963382740713497,0.007194244604316546,0.9696403035969641,0.009146341463414634,0.005928853754940711,prime_related,BL62FREQ,None,blsm_mut_score-mutation_score,True
0.3490300375469336,0.16502972898411944,0.16711222514147123,0.4940221329293195,0.0,0.783410138248848,0.0,0.0,ibel_neoepi,BL62FREQ,Shannon,blsm_mut_score-mutation_score,True
0.5251406158309067,0.2136587175791506,0.2146988395586939,0.5035333879557559,0.031796502384737683,0.7992087042532147,0.2702702702702703,0.016891891891891893,cedar_related,BL62FREQ,Shannon,blsm_mut_score-mutation_score,True
0.5173072382355065,0.019145890341622535,0.019244922757892254,0.49410253687507205,0.005780346820809248,0.9747735855974774,0.010752688172043012,0.003952569169960474,prime_related,BL62FREQ,Shannon,blsm_mut_score-mutation_score,True
0.449014392991239,0.18725475806813469,0.18869964711742662,0.47685429154864634,0.0,0.783410138248848,0.0,0.0,ibel_neoepi,onehot,Mask,blsm_mut_score-ratio_rank,True
0.5195263627002669,0.21824837859082136,0.21978532312331167,0.5085151102287091,0.02644628099173554,0.805802835476426,0.6153846153846154,0.013513513513513514,cedar_related,onehot,Mask,blsm_mut_score-ratio_rank,True
0.5140228565910091,0.01857860434992699,0.018670434359210845,0.4922110940362008,0.0,0.9809701902980971,0.0,0.0,prime_related,onehot,Mask,blsm_mut_score-ratio_rank,True
0.45531132665832297,0.18786315165088263,0.18936202269029334,0.47722482049930837,0.0,0.783410138248848,0.0,0.0,ibel_neoepi,onehot,KL,blsm_mut_score-ratio_rank,True
0.5232971090713818,0.21730044881227623,0.21840834737157233,0.5077808543358685,0.04754358161648178,0.8018463567424992,0.38461538461538464,0.02533783783783784,cedar_related,onehot,KL,blsm_mut_score-ratio_rank,True
0.5105455496421986,0.01820480334298055,0.018283990415280307,0.48969199403470776,0.0,0.9774135591977413,0.0,0.0,prime_related,onehot,KL,blsm_mut_score-ratio_rank,True
0.44930381727158947,0.18627319762211977,0.18777468338770553,0.47722482049930837,0.0,0.783410138248848,0.0,0.0,ibel_neoepi,onehot,None,blsm_mut_score-ratio_rank,True
0.5279266361814497,0.2219905740727326,0.22288793992490596,0.5105372276478811,0.032626427406199025,0.8044840092317838,0.47619047619047616,0.016891891891891893,cedar_related,onehot,None,blsm_mut_score-ratio_rank,True
0.5119407694950909,0.01856702769014102,0.01866812436102987,0.4957840611903869,0.0,0.9804201957980421,0.0,0.0,prime_related,onehot,None,blsm_mut_score-ratio_rank,True
0.46088861076345433,0.18897200514247373,0.1904681451764273,0.47701897108227387,0.0,0.783410138248848,0.0,0.0,ibel_neoepi,onehot,Shannon,blsm_mut_score-ratio_rank,True
0.5227213592125514,0.21688145424488608,0.2179892574444163,0.5073605511114945,0.044374009508716325,0.8011869436201781,0.358974358974359,0.02364864864864865,cedar_related,onehot,Shannon,blsm_mut_score-ratio_rank,True
0.510393010920916,0.018201427112454007,0.018279810368504793,0.4894050950233385,0.0,0.9772668939977267,0.0,0.0,prime_related,onehot,Shannon,blsm_mut_score-ratio_rank,True
0.32303660826032543,0.15547893053218848,0.15712451778174796,0.4874349515842171,0.0,0.783410138248848,0.0,0.0,ibel_neoepi,BL62LO,Mask,blsm_mut_score-ratio_rank,True
0.5222957748818052,0.20964093601003392,0.21087277405331675,0.5042530752792941,0.043343653250773995,0.7962413452027696,0.25925925925925924,0.02364864864864865,cedar_related,BL62LO,Mask,blsm_mut_score-ratio_rank,True
0.5074924125645244,0.018297176975011663,0.01838423402005108,0.49310408323859345,0.0048250904704463205,0.969750302496975,0.006191950464396285,0.003952569169960474,prime_related,BL62LO,Mask,blsm_mut_score-ratio_rank,True
0.32554755944931163,0.1559990570229246,0.15763196181631162,0.48731144193399645,0.0,0.783410138248848,0.0,0.0,ibel_neoepi,BL62LO,KL,blsm_mut_score-ratio_rank,True
0.5225940299168486,0.20985338228398343,0.2111595226531212,0.5040411025959443,0.04320987654320988,0.7955819320804484,0.25,0.02364864864864865,cedar_related,BL62LO,KL,blsm_mut_score-ratio_rank,True
0.5067547483029883,0.01822916125996707,0.01831538074547579,0.49274980201325774,0.0047789725209080045,0.9694569720969457,0.006042296072507553,0.003952569169960474,prime_related,BL62LO,KL,blsm_mut_score-ratio_rank,True
0.4203301001251564,0.17656249403116292,0.1786988327174457,0.48566464659772085,0.0,0.783410138248848,0.0,0.0,ibel_neoepi,BL62LO,None,blsm_mut_score-ratio_rank,True
0.5067166203483287,0.2048902427541356,0.2062825269946149,0.5069398836728878,0.05970149253731344,0.7922848664688428,0.2564102564102564,0.033783783783783786,cedar_related,BL62LO,None,blsm_mut_score-ratio_rank,True
0.5110896979364155,0.018975603841464656,0.01908315835714983,0.5011161937576417,0.022549869904596703,0.9586770798958677,0.02009273570324575,0.025691699604743084,prime_related,BL62LO,None,blsm_mut_score-ratio_rank,True
0.32303660826032543,0.15547893053218848,0.15712451778174796,0.4874349515842171,0.0,0.783410138248848,0.0,0.0,ibel_neoepi,BL62LO,Shannon,blsm_mut_score-ratio_rank,True
0.5222957748818052,0.20964093601003392,0.21087277405331675,0.5042530752792941,0.043343653250773995,0.7962413452027696,0.25925925925925924,0.02364864864864865,cedar_related,BL62LO,Shannon,blsm_mut_score-ratio_rank,True
0.5074924863974002,0.018297178501037185,0.018384235547772316,0.49310408323859345,0.0048250904704463205,0.969750302496975,0.006191950464396285,0.003952569169960474,prime_related,BL62LO,Shannon,blsm_mut_score-ratio_rank,True
0.34810700876095124,0.16542978040124617,0.16775001372119813,0.4941456425795402,0.0,0.783410138248848,0.0,0.0,ibel_neoepi,BL62FREQ,Mask,blsm_mut_score-ratio_rank,True
0.5281030979771251,0.21767820203283178,0.2185996147460912,0.5048929996859016,0.03174603174603175,0.7988789976920541,0.2631578947368421,0.016891891891891893,cedar_related,BL62FREQ,Mask,blsm_mut_score-ratio_rank,True
0.5113891640804241,0.01870280527405402,0.018799364567064828,0.49501647129853044,0.002962962962962963,0.9753235800975324,0.005917159763313609,0.001976284584980237,prime_related,BL62FREQ,Mask,blsm_mut_score-ratio_rank,True
0.3507509386733417,0.16539403637483452,0.16770573806868305,0.4936927738620644,0.0,0.783410138248848,0.0,0.0,ibel_neoepi,BL62FREQ,KL,blsm_mut_score-ratio_rank,True
0.5283190041741864,0.2164925189672507,0.21754347401103355,0.5053242293372525,0.03497615262321145,0.7998681173755358,0.2972972972972973,0.018581081081081082,cedar_related,BL62FREQ,KL,blsm_mut_score-ratio_rank,True
0.5106299406191713,0.01868733611222094,0.018781719872861237,0.4948312673586434,0.0,0.975360246397536,0.0,0.0,prime_related,BL62FREQ,KL,blsm_mut_score-ratio_rank,True
0.41269555694618276,0.1754064478566703,0.1772035878081703,0.4864880442658586,0.0,0.783410138248848,0.0,0.0,ibel_neoepi,BL62FREQ,None,blsm_mut_score-ratio_rank,True
0.510917795099483,0.21041563453521,0.2117762351108283,0.5099599480892739,0.040880503144654086,0.7988789976920541,0.29545454545454547,0.02195945945945946,cedar_related,BL62FREQ,None,blsm_mut_score-ratio_rank,True
0.528020610004266,0.01953306056458636,0.019645587773137338,0.49799065383045077,0.007272727272727273,0.969970300296997,0.009404388714733543,0.005928853754940711,prime_related,BL62FREQ,None,blsm_mut_score-ratio_rank,True
0.3479036295369211,0.16535189824411434,0.167670314723417,0.4941456425795402,0.0,0.783410138248848,0.0,0.0,ibel_neoepi,BL62FREQ,Shannon,blsm_mut_score-ratio_rank,True
0.5281916748784836,0.2177275331629303,0.21864894956058245,0.5049334274657158,0.03174603174603175,0.7988789976920541,0.2631578947368421,0.016891891891891893,cedar_related,BL62FREQ,Shannon,blsm_mut_score-ratio_rank,True
0.5115349101771384,0.01871137955090012,0.018807901971662724,0.4950188028630275,0.002958579881656805,0.9752869137975287,0.0058823529411764705,0.001976284584980237,prime_related,BL62FREQ,Shannon,blsm_mut_score-ratio_rank,True
0.4520416145181477,0.18950238174768777,0.19091602231431423,0.4757838745800672,0.0,0.783410138248848,0.0,0.0,ibel_neoepi,onehot,Mask,mutation_score-ratio_rank,True
0.5221248491424648,0.21972415105947496,0.22126329224087654,0.5093305858954105,0.019900497512437814,0.8051434223541049,0.5454545454545454,0.010135135135135136,cedar_related,onehot,Mask,mutation_score-ratio_rank,True
0.5156860159499684,0.018608570455992908,0.018699839010514845,0.49249993601798425,0.0,0.9810435228981044,0.0,0.0,prime_related,onehot,Mask,mutation_score-ratio_rank,True
0.46063829787234045,0.19042629945917555,0.19190566437655232,0.4765249324813912,0.0,0.783410138248848,0.0,0.0,ibel_neoepi,onehot,KL,mutation_score-ratio_rank,True
0.5274968998084524,0.2193387092687471,0.22044522638277808,0.5085966942168024,0.0445859872611465,0.8021760633036598,0.3888888888888889,0.02364864864864865,cedar_related,onehot,KL,mutation_score-ratio_rank,True
0.5110253895016443,0.018212924306194676,0.018291378061929285,0.4906005658598228,0.0,0.9773768928977377,0.0,0.0,prime_related,onehot,KL,mutation_score-ratio_rank,True
0.4500391113892365,0.1877403713344809,0.18933981493089963,0.4794068243198735,0.0,0.783410138248848,0.0,0.0,ibel_neoepi,onehot,None,mutation_score-ratio_rank,True
0.5315223047709733,0.22371786353785483,0.2246230732683594,0.5121798338367259,0.03577235772357724,0.8044840092317838,0.4782608695652174,0.018581081081081082,cedar_related,onehot,None,mutation_score-ratio_rank,True
0.5106427875395504,0.018598234835306156,0.018704563031033957,0.49739583286783,0.0,0.9804201957980421,0.0,0.0,prime_related,onehot,None,mutation_score-ratio_rank,True
0.4683354192740926,0.1920291535219109,0.19351708216094154,0.476607272248205,0.0,0.783410138248848,0.0,0.0,ibel_neoepi,onehot,Shannon,mutation_score-ratio_rank,True
0.5260409169923712,0.2187370301229049,0.21984899675196867,0.5088665769631293,0.044444444444444446,0.8015166501813387,0.3684210526315789,0.02364864864864865,cedar_related,onehot,Shannon,mutation_score-ratio_rank,True
0.5116740113150359,0.018225417198779438,0.018303200456198942,0.4906815488666891,0.0,0.977120228797712,0.0,0.0,prime_related,onehot,Shannon,mutation_score-ratio_rank,True
0.32530506883604504,0.15652030125868868,0.15820252116266284,0.4879701600685067,0.0,0.783410138248848,0.0,0.0,ibel_neoepi,BL62LO,Mask,mutation_score-ratio_rank,True
0.5229033570645616,0.21145356216846609,0.21247603870084253,0.5044129653273878,0.04327666151468316,0.795911638641609,0.2545454545454545,0.02364864864864865,cedar_related,BL62LO,Mask,mutation_score-ratio_rank,True
0.5075141932628682,0.018301482722245323,0.01838851925489535,0.4930481256906628,0.004790419161676647,0.969530304696953,0.0060790273556231,0.003952569169960474,prime_related,BL62LO,Mask,mutation_score-ratio_rank,True
0.3271120150187734,0.15684354098040562,0.15852644569422578,0.487846650418286,0.0,0.783410138248848,0.0,0.0,ibel_neoepi,BL62LO,KL,mutation_score-ratio_rank,True
0.5233732298459869,0.21014188489613508,0.21137529175290584,0.5042093695713868,0.04314329738058552,0.7952522255192879,0.24561403508771928,0.02364864864864865,cedar_related,BL62LO,KL,mutation_score-ratio_rank,True
0.5067749046780657,0.01823875915373021,0.01832588208960756,0.49307843602912527,0.004784688995215312,0.9694936383969494,0.006060606060606061,0.003952569169960474,prime_related,BL62LO,KL,mutation_score-ratio_rank,True
0.42242647058823535,0.17694459061868328,0.17910548540004517,0.48685857321652065,0.0,0.783410138248848,0.0,0.0,ibel_neoepi,BL62LO,None,mutation_score-ratio_rank,True
0.5088002535513801,0.20516096183742244,0.20655527934659096,0.5066936748516774,0.05988023952095809,0.7929442795911639,0.2631578947368421,0.033783783783783786,cedar_related,BL62LO,None,mutation_score-ratio_rank,True
0.5102318337531717,0.018917892838363704,0.019026688999422045,0.5004573713495754,0.02216538789428815,0.9579437538957943,0.019490254872563718,0.025691699604743084,prime_related,BL62LO,None,mutation_score-ratio_rank,True
0.32530506883604504,0.15652030125868868,0.15820252116266284,0.4879701600685067,0.0,0.783410138248848,0.0,0.0,ibel_neoepi,BL62LO,Shannon,mutation_score-ratio_rank,True
0.5229033570645616,0.21145356216846609,0.21247603870084253,0.5044129653273878,0.04327666151468316,0.795911638641609,0.2545454545454545,0.02364864864864865,cedar_related,BL62LO,Shannon,mutation_score-ratio_rank,True
0.507514267095744,0.01830148436056757,0.018388520895224133,0.4930481256906628,0.004790419161676647,0.969530304696953,0.0060790273556231,0.003952569169960474,prime_related,BL62LO,Shannon,mutation_score-ratio_rank,True
0.35030506883604506,0.1656906530042595,0.1679870516625345,0.4937339437454713,0.0,0.783410138248848,0.0,0.0,ibel_neoepi,BL62FREQ,Mask,mutation_score-ratio_rank,True
0.5284061970614613,0.21776333021896535,0.21869851542834354,0.5050317653085069,0.031796502384737683,0.7992087042532147,0.2702702702702703,0.016891891891891893,cedar_related,BL62FREQ,Mask,mutation_score-ratio_rank,True
0.5112569293999705,0.018727393144869667,0.01882525600240163,0.49527904432031317,0.002962962962962963,0.9753235800975324,0.005917159763313609,0.001976284584980237,prime_related,BL62FREQ,Mask,mutation_score-ratio_rank,True
0.35236232790988736,0.1665093874975272,0.1689312119442474,0.49398096304591266,0.0,0.783410138248848,0.0,0.0,ibel_neoepi,BL62FREQ,KL,mutation_score-ratio_rank,True
0.5290379994906829,0.21706962274419972,0.2181489002816484,0.5055168986662766,0.03492063492063492,0.7995384108143752,0.2894736842105263,0.018581081081081082,cedar_related,BL62FREQ,KL,mutation_score-ratio_rank,True
0.5110419280658105,0.018729967581525137,0.018826656918455878,0.49485835236621817,0.0029542097488921715,0.975250247497525,0.005847953216374269,0.001976284584980237,prime_related,BL62FREQ,KL,mutation_score-ratio_rank,True
0.4141192115143929,0.17609056282535385,0.17789016144434994,0.4860351755483828,0.0,0.783410138248848,0.0,0.0,ibel_neoepi,BL62FREQ,None,mutation_score-ratio_rank,True
0.5110423563670183,0.21120192429450696,0.2127197168562498,0.5099340888787621,0.04094488188976378,0.7992087042532147,0.3023255813953488,0.02195945945945946,cedar_related,BL62FREQ,None,mutation_score-ratio_rank,True
0.5278674067871019,0.019514535147009845,0.019629063240245687,0.4977318501712717,0.007194244604316546,0.9696403035969641,0.009146341463414634,0.005928853754940711,prime_related,BL62FREQ,None,mutation_score-ratio_rank,True
0.3500625782227784,0.16558953014619934,0.167883949560653,0.4936927738620644,0.0,0.783410138248848,0.0,0.0,ibel_neoepi,BL62FREQ,Shannon,mutation_score-ratio_rank,True
0.528469169702271,0.2178075060111042,0.21874282626067154,0.5050863974433909,0.031796502384737683,0.7992087042532147,0.2702702702702703,0.016891891891891893,cedar_related,BL62FREQ,Shannon,mutation_score-ratio_rank,True
0.5114252683566618,0.01873782511126475,0.01883568625060898,0.4952965310540415,0.002967359050445104,0.975360246397536,0.005952380952380952,0.001976284584980237,prime_related,BL62FREQ,Shannon,mutation_score-ratio_rank,True
0.4441489361702128,0.18805530524729713,0.1895285071763046,0.4757838745800672,0.0,0.783410138248848,0.0,0.0,ibel_neoepi,onehot,Mask,blsm_mut_score-mutation_score-ratio_rank,True
0.5198391498831892,0.21728173334639164,0.2188185718273281,0.5077528098399613,0.02644628099173554,0.805802835476426,0.6153846153846154,0.013513513513513514,cedar_related,onehot,Mask,blsm_mut_score-mutation_score-ratio_rank,True
0.5157726219132136,0.018611566320185926,0.018702550665879187,0.4923013644416471,0.0,0.981080189198108,0.0,0.0,prime_related,onehot,Mask,blsm_mut_score-mutation_score-ratio_rank,True
0.4550453692115144,0.18898780441384097,0.19048570878457266,0.47656610236479807,0.0,0.783410138248848,0.0,0.0,ibel_neoepi,onehot,KL,blsm_mut_score-mutation_score-ratio_rank,True
0.5254423309011593,0.21875633109756368,0.21986848474320114,0.5082940321895453,0.04784688995215312,0.8031651829871415,0.42857142857142855,0.02533783783783784,cedar_related,onehot,KL,blsm_mut_score-mutation_score-ratio_rank,True
0.5106324509369465,0.018172558048113976,0.018251224366655855,0.48975821046642565,0.0,0.9780368862978037,0.0,0.0,prime_related,onehot,KL,blsm_mut_score-mutation_score-ratio_rank,True
0.4442975594493116,0.18656192698697027,0.1881310709234682,0.4778011988670048,0.0,0.783410138248848,0.0,0.0,ibel_neoepi,onehot,None,blsm_mut_score-mutation_score-ratio_rank,True
0.5306019354052947,0.2234984623229716,0.2244015673080677,0.5113272083183035,0.032679738562091505,0.8048137157929443,0.5,0.016891891891891893,cedar_related,onehot,None,blsm_mut_score-mutation_score-ratio_rank,True
0.5119775382672104,0.018461860504453944,0.01855661360019977,0.4949235973127289,0.0,0.9806035272980603,0.0,0.0,prime_related,onehot,None,blsm_mut_score-mutation_score-ratio_rank,True
0.4609355444305382,0.19041279350628137,0.19190771937536294,0.47677195178183257,0.0,0.783410138248848,0.0,0.0,ibel_neoepi,onehot,Shannon,blsm_mut_score-mutation_score-ratio_rank,True
0.5253765902321822,0.21902321105329592,0.22013745823104405,0.5084805098766159,0.04777070063694268,0.8028354764259809,0.4166666666666667,0.02533783783783784,cedar_related,onehot,Shannon,blsm_mut_score-mutation_score-ratio_rank,True
0.512057720770266,0.018235744602020713,0.018314341453454,0.48959134816724925,0.0,0.9780002199978001,0.0,0.0,prime_related,onehot,Shannon,blsm_mut_score-mutation_score-ratio_rank,True
0.3204161451814768,0.15488794481944432,0.15650270284748563,0.4870644226335551,0.0,0.783410138248848,0.0,0.0,ibel_neoepi,BL62LO,Mask,blsm_mut_score-mutation_score-ratio_rank,True
0.5228189322054542,0.21061241930889293,0.21193205177174046,0.5051606971468331,0.0434108527131783,0.7965710517639301,0.2641509433962264,0.02364864864864865,cedar_related,BL62LO,Mask,blsm_mut_score-mutation_score-ratio_rank,True
0.5078987887126072,0.018340145155799868,0.018426517517869195,0.49353868686085456,0.004884004884004884,0.9701169654970117,0.006389776357827476,0.003952569169960474,prime_related,BL62LO,Mask,blsm_mut_score-mutation_score-ratio_rank,True
0.3238423028785982,0.15572836277986113,0.15735562704277406,0.4870232527501482,0.0,0.783410138248848,0.0,0.0,ibel_neoepi,BL62LO,KL,blsm_mut_score-mutation_score-ratio_rank,True
0.5221622175227254,0.20984317621430265,0.2110789226195467,0.5047261895673892,0.04347826086956522,0.7969007583250907,0.2692307692307692,0.02364864864864865,cedar_related,BL62LO,KL,blsm_mut_score-mutation_score-ratio_rank,True
0.5070137540310905,0.01827899175648119,0.018365429261967738,0.4936738787422786,0.0048661800486618,0.9700069665970007,0.006329113924050633,0.003952569169960474,prime_related,BL62LO,KL,blsm_mut_score-mutation_score-ratio_rank,True
0.41577753441802257,0.1752708640749459,0.17711665743166366,0.4858293261313484,0.0,0.783410138248848,0.0,0.0,ibel_neoepi,BL62LO,None,blsm_mut_score-mutation_score-ratio_rank,True
0.5068397976017804,0.20520045354209576,0.20664879402601516,0.5068058528353058,0.05997001499250375,0.7932739861523245,0.26666666666666666,0.033783783783783786,cedar_related,BL62LO,None,blsm_mut_score-mutation_score-ratio_rank,True
0.5096508428539597,0.01894044030612894,0.019048647629489275,0.5010459748068705,0.023029229406554476,0.9595570710959557,0.02086677367576244,0.025691699604743084,prime_related,BL62LO,None,blsm_mut_score-mutation_score-ratio_rank,True
0.3204161451814768,0.15488794481944432,0.15650270284748563,0.4870644226335551,0.0,0.783410138248848,0.0,0.0,ibel_neoepi,BL62LO,Shannon,blsm_mut_score-mutation_score-ratio_rank,True
0.5228189322054542,0.21061241930889293,0.21193205177174046,0.5051606971468331,0.0434108527131783,0.7965710517639301,0.2641509433962264,0.02364864864864865,cedar_related,BL62LO,Shannon,blsm_mut_score-mutation_score-ratio_rank,True
0.5078990102112344,0.018340155996750297,0.018426528393187647,0.49353868686085456,0.004884004884004884,0.9701169654970117,0.006389776357827476,0.003952569169960474,prime_related,BL62LO,Shannon,blsm_mut_score-mutation_score-ratio_rank,True
0.34822434292866083,0.16431547268846275,0.16646136867900563,0.4934045846782162,0.0,0.783410138248848,0.0,0.0,ibel_neoepi,BL62FREQ,Mask,blsm_mut_score-mutation_score-ratio_rank,True
0.5275467243154666,0.21673673779222163,0.2176703956899929,0.5049443538926925,0.03497615262321145,0.7998681173755358,0.2972972972972973,0.018581081081081082,cedar_related,BL62FREQ,Mask,blsm_mut_score-mutation_score-ratio_rank,True
0.5102292496025207,0.01866634735110546,0.01876053353356507,0.4951996545491866,0.0,0.9757269093975727,0.0,0.0,prime_related,BL62FREQ,Mask,blsm_mut_score-mutation_score-ratio_rank,True
0.35185387984981226,0.16536327653193017,0.16748490901183255,0.4935692642118438,0.0,0.783410138248848,0.0,0.0,ibel_neoepi,BL62FREQ,KL,blsm_mut_score-mutation_score-ratio_rank,True
0.5280705736461574,0.2172735283416014,0.2182077475491541,0.5054076343965087,0.03497615262321145,0.7998681173755358,0.2972972972972973,0.018581081081081082,cedar_related,BL62FREQ,KL,blsm_mut_score-mutation_score-ratio_rank,True
0.510261219237717,0.01865275661150345,0.018745838230165342,0.49431548643247464,0.0,0.9755069115975507,0.0,0.0,prime_related,BL62FREQ,KL,blsm_mut_score-mutation_score-ratio_rank,True
0.412069774718398,0.17549654588551855,0.1772472773181121,0.4867762334497069,0.0,0.783410138248848,0.0,0.0,ibel_neoepi,BL62FREQ,None,blsm_mut_score-mutation_score-ratio_rank,True
0.510405017881462,0.21083590933347335,0.21235026529191875,0.5099635902315994,0.04126984126984127,0.8008572370590175,0.34210526315789475,0.02195945945945946,cedar_related,BL62FREQ,None,blsm_mut_score-mutation_score-ratio_rank,True
0.5275318363668555,0.019557037069062654,0.019687129973799494,0.4982714907741275,0.007425742574257425,0.9705936273970593,0.009933774834437087,0.005928853754940711,prime_related,BL62FREQ,None,blsm_mut_score-mutation_score-ratio_rank,True
0.3482947434292866,0.16430286381212877,0.1664470111876459,0.4933634147948093,0.0,0.783410138248848,0.0,0.0,ibel_neoepi,BL62FREQ,Shannon,blsm_mut_score-mutation_score-ratio_rank,True
0.5275425722732154,0.21673269827974034,0.2176663885739426,0.5049549161054369,0.03497615262321145,0.7998681173755358,0.2972972972972973,0.018581081081081082,cedar_related,BL62FREQ,Shannon,blsm_mut_score-mutation_score-ratio_rank,True
0.510373297543093,0.018676600899625587,0.018770991774648114,0.4952386305356966,0.0,0.975690243097569,0.0,0.0,prime_related,BL62FREQ,Shannon,blsm_mut_score-mutation_score-ratio_rank,True
