HLA,agg_label,Peptide,wild_type,icore_mut,core_mut,len,EL_rank_mut,trueHLA_EL_rank_x,icore_mut_start,len_icore_mut,icore_wt_aligned,icore_dissimilarity_score,icore_len_mut,icore_len_wt,icore_anchor,icore_mutation_position,icore_anchor_mutation,icore_mut_score,icore_blsm_mut_score,aliphatic_index,boman,hydrophobicity,isoelectric_point,VHSE1,VHSE3,VHSE7,VHSE8,trueHLA_EL_rank_y
HLA-A3101,1,AFGSAHLFR,AFGSAHLYR,AFGSAHLFR,AFGSAHLFR,9,0.247,0.247,0,9,AFGSAHLYR,0.993547,9,9,"0,1,8",7,False,2,3,65.55555555555554,0.8377777777777777,0.4555555555555553,10.551758703775704,0.21444444444444438,-0.27888888888888885,0.1933333333333333,-0.1922222222222222,0.247
HLA-A1101,0,AIANRIKFK,AIANRIKSK,AIANRIKFK,AIANRIKFK,9,0.138,0.138,0,9,AIANRIKSK,0.978725,9,9,"0,1,8",7,False,2,-2,108.88888888888889,1.8022222222222222,-0.04444444444444448,11.823055271990597,-0.04888888888888887,0.12555555555555553,0.4844444444444444,-0.1255555555555556,0.138
HLA-A0201,0,AICKPLHYV,AICKPLHYM,AICKPLHYV,AICKPLHYV,9,0.361,0.361,0,9,AICKPLHYM,0.978725,9,9,"1,3,8",8,True,1,1,129.99999999999997,-0.7355555555555556,0.7555555555555556,8.53052634280175,0.3277777777777778,0.04666666666666665,-0.01777777777777779,0.26333333333333336,0.361
HLA-A0201,0,AIPAMVVPNV,AIPAMVVPNA,AIPAMVVPNV,AIPAVVPNV,10,2.2606,2.2606,0,10,AIPAMVVPNA,0.951034,10,10,"0,1,2,4,9",9,True,4,0,146.0,-1.6369999999999998,1.5899999999999999,6.099999998230487,0.43099999999999994,-0.38500000000000006,-0.06700000000000002,0.44600000000000006,2.2606
HLA-A0101,0,ALEVLQSIPY,APEVLQSIPY,ALEVLQSIPY,ALEVLQSIY,10,0.623,0.623,0,10,APEVLQSIPY,0.987735,10,10,"1,2,9",1,True,4,-3,156.0,-0.47200000000000014,0.7400000000000001,3.8499827128835022,0.292,-0.06200000000000001,-0.096,0.088,0.623
HLA-A0201,0,ALGTLLHTNV,ALGTLLHTNL,ALGTLLHTNV,ALGTLLHTV,10,0.8919,0.8919,0,10,ALGTLLHTNL,0.937833,10,10,"0,1,2,4,9",9,True,6,1,156.0,-0.511,0.8899999999999999,7.550323993898928,0.269,-0.417,0.24499999999999994,-0.30799999999999994,0.8919
HLA-A0201,0,ALLMCLLPL,ALLMCPLPL,ALLMCLLPL,ALLMCLLPL,9,1.9643,1.9643,0,9,ALLMCPLPL,0.946892,9,9,"1,3,8",5,False,4,-3,227.77777777777777,-3.3377777777777777,2.622222222222222,5.922539790626615,0.9288888888888889,-0.008888888888888903,-0.21111111111111114,-0.09888888888888894,1.9643
HLA-A0201,0,ALVGAISSI,ALVGAIPSI,ALVGAISSI,ALVGAISSI,9,0.2293,0.2293,0,9,ALVGAIPSI,0.921524,9,9,"1,3,8",6,False,4,-1,184.4444444444444,-1.8400000000000003,2.066666666666667,6.099999998230487,0.38000000000000006,-0.7422222222222223,0.10777777777777776,-0.33222222222222225,0.2293
HLA-A0201,0,AMIAKISNEL,AMITKISNEL,MIAKISNEL,MIAKISNEL,10,0.7029,1.4754,1,9,MITKISNEL,0.972047,9,9,"1,3,8",2,False,4,0,141.1111111111111,0.3866666666666667,0.5333333333333334,6.408795645926148,0.11666666666666672,-0.0666666666666667,0.21,-0.2866666666666667,1.4754
HLA-A0101,0,ASIRNANLY,ASIRDANLY,ASIRNANLY,ASIRNANLY,9,0.2469,0.2469,0,9,ASIRDANLY,0.92079,9,9,"1,2,8",4,False,2,1,108.88888888888889,2.031111111111111,-0.1888888888888889,9.348807885311544,-0.06444444444444444,-0.16000000000000003,0.19999999999999998,-0.3211111111111111,0.2469
HLA-A1101,0,ASLDGASLEK,ASPDGASLEK,ASLDGASLEK,ASLDGSLEK,10,0.0389,0.0389,0,10,ASPDGASLEK,0.960826,10,10,"0,1,9",2,False,4,-3,98.0,1.348,-0.16999999999999998,4.184407519642264,-0.20199999999999996,-0.636,0.418,-0.261,0.0389
HLA-A0101,0,ATALLEYLEY,ATALLEYPEY,ATALLEYLEY,ATALEYLEY,10,0.1842,0.1842,0,10,ATALLEYPEY,0.918035,10,10,"1,2,9",7,False,4,-3,137.0,-0.19100000000000014,0.47000000000000003,3.6136908694170415,0.2900000000000001,0.03699999999999996,0.007000000000000006,-0.343,0.1842
HLA-A1101,1,CILGKLFTK,CILGELFTK,CILGKLFTK,CILGKLFTK,9,0.2786,0.2786,0,9,CILGELFTK,0.952946,9,9,"0,1,8",4,False,2,1,129.99999999999997,-0.6988888888888889,0.9444444444444444,9.676237541250885,0.3122222222222223,-0.028888888888888915,0.17111111111111107,-0.2722222222222222,0.2786
HLA-A1101,1,CILGKLFTKK,CILGELFTKK,CILGKLFTK,CILGKLFTK,10,0.2786,1.9084,0,9,CILGELFTK,0.952425,9,9,"0,1,8",4,False,2,1,129.99999999999997,-0.6988888888888889,0.9444444444444444,9.676237541250885,0.3122222222222223,-0.028888888888888915,0.17111111111111107,-0.2722222222222222,1.9084
HLA-A0201,0,CLFLEIYTV,CLFLGIYTV,CLFLEIYTV,CLFLEIYTV,9,0.4353,0.4353,0,9,CLFLGIYTV,0.986012,9,9,"1,3,8",4,False,2,-2,162.2222222222222,-1.5044444444444447,1.7888888888888888,3.849961610045284,0.6155555555555555,0.22999999999999998,-0.4466666666666667,-0.21111111111111114,0.4353
HLA-A0201,0,CMQANSHYA,CMQANPHYA,CMQANSHYA,CMQANSHYA,9,2.9839,2.9839,0,9,CMQANPHYA,0.952346,9,9,"1,3,8",5,False,4,-1,22.22222222222222,1.4588888888888887,-0.47777777777777786,7.355498301796615,-0.10555555555555557,-0.27222222222222225,-0.21000000000000002,-0.3111111111111111,2.9839
HLA-A0101,0,CSNFLLLAY,CSNFSLLAY,CSNFLLLAY,CSNFLLLAY,9,0.4651,0.4651,0,9,CSNFSLLAY,0.978451,9,9,"1,2,8",4,False,2,-2,141.1111111111111,-1.1833333333333333,1.4333333333333331,5.919503211509436,0.5422222222222223,-0.004444444444444473,-0.3566666666666667,-0.43777777777777777,0.4651
HLA-A0101,0,CTAGASSLLV,CTAGAGSLLV,CTAGASSLL,CTAGASSLL,10,3.8174,7.1775,0,9,CTAGAGSLL,0.978451,9,9,"1,2,8",5,False,2,0,108.88888888888889,-0.7011111111111111,1.2222222222222223,5.922539790626615,0.14666666666666667,-0.8622222222222223,-0.08777777777777787,-0.3466666666666667,7.1775
HLA-A0101,0,CTDTYMLEL,CTDTHMLEL,CTDTYMLEL,CTDTYMLEL,9,0.5168,0.5168,0,9,CTDTHMLEL,0.935611,9,9,"1,2,8",4,False,2,2,86.66666666666666,0.8155555555555556,0.2555555555555554,3.5500656818039715,0.16777777777777783,0.04999999999999996,-0.43444444444444447,-0.1411111111111111,0.5168
HLA-A0101,0,CTDTYMLELF,CTDTHMLELF,CTDTYMLEL,CTDTYMLEL,10,0.5168,0.9645,0,9,CTDTHMLEL,0.986012,9,9,"1,2,8",4,False,2,2,86.66666666666666,0.8155555555555556,0.2555555555555554,3.5500656818039715,0.16777777777777783,0.04999999999999996,-0.43444444444444447,-0.1411111111111111,0.9645
HLA-A0101,0,CVDSPPPLF,CVDSPPPLS,CVDSPPPLF,CVDSPPPLF,9,0.242,0.242,0,9,CVDSPPPLS,0.961824,9,9,"1,2,8",8,True,2,-2,75.55555555555556,-0.12222222222222213,0.46666666666666656,3.749971453566104,0.29555555555555557,-0.2544444444444445,-0.47555555555555556,1.1455555555555557,0.242
HLA-A0101,0,CVDSPPPLFF,CVDSPPPLSF,CVDSPPPLF,CVDSPPPLF,10,0.242,0.4283,0,9,CVDSPPPLS,0.944535,9,9,"1,2,8",8,True,2,-2,75.55555555555556,-0.12222222222222213,0.46666666666666656,3.749971453566104,0.29555555555555557,-0.2544444444444445,-0.47555555555555556,1.1455555555555557,0.4283
HLA-A2601,0,DLIEIFRFGY,DLIEIFRLGY,DLIEIFRFGY,DLIEIFRGY,10,0.1187,0.1187,0,10,DLIEIFRLGY,1.0,10,10,"0,1,9",7,False,6,0,117.00000000000001,0.8930000000000001,0.5199999999999999,4.184406848158687,0.355,0.23500000000000001,0.038999999999999965,-0.17300000000000001,0.1187
HLA-A2601,0,DMIFFSIDRY,DMISFSIDRY,MIFFSIDRY,MIFFSIDRY,10,0.1346,0.3178,1,9,MISFSIDRY,1.0,9,9,"0,1,8",2,False,2,-2,86.66666666666666,1.0033333333333334,0.7111111111111111,6.3318953779526055,0.43444444444444447,0.4311111111111111,-0.4566666666666667,-0.03999999999999999,0.3178
HLA-A1101,0,DVFKVIAYLK,DVSKVIAYLK,DVFKVIAYLK,DVFKVIAYK,10,2.4494,2.4494,0,10,DVSKVIAYLK,0.93726,10,10,"0,1,9",2,False,2,-2,146.0,-0.2750000000000001,0.8699999999999998,9.256043354980648,0.29400000000000004,0.209,0.07999999999999997,-0.119,2.4494
HLA-A2601,0,EATNPYMVY,GATNPYMVY,EATNPYMVY,EATNPYMVY,9,0.0238,0.0238,0,9,GATNPYMVY,1.0,9,9,"0,1,8",0,True,2,-2,43.33333333333333,0.8999999999999998,-0.44444444444444453,3.8499821783043444,0.09444444444444441,-0.0077777777777777845,-0.2222222222222222,0.10444444444444444,0.0238
HLA-A2601,0,EIKKDGVGF,EIKEDGVGF,EIKKDGVGF,EIKKDGVGF,9,0.0829,0.0829,0,9,EIKEDGVGF,0.89482,9,9,"0,1,8",3,False,2,1,75.55555555555556,1.4233333333333331,-0.4555555555555555,6.492975460831076,-0.1688888888888889,-0.3422222222222222,0.721111111111111,-0.24444444444444452,0.0829
HLA-A2601,0,EINPSLHTPM,GINPSLHTPM,EINPSLHTPM,EINPSLHTM,10,0.2256,0.2256,0,10,GINPSLHTPM,0.95645,10,10,"0,1,9",0,True,2,-2,78.0,1.189,-0.4699999999999999,5.363507221918553,0.04700000000000001,-0.14300000000000002,-0.018000000000000006,0.6060000000000001,0.2256
HLA-A2601,0,EIPLIGLIPF,EIPLIGLIPS,EIPLIGLIPF,EIPLGLIPF,10,1.1654,1.1654,0,10,EIPLIGLIPS,0.935708,10,10,"0,1,9",9,True,2,-2,195.0,-2.1710000000000003,1.6800000000000002,3.849983240943402,0.711,-0.09500000000000001,0.08899999999999997,0.39699999999999996,1.1654
HLA-A0101,0,ELDEETNLKF,ELDGETNLKF,ELDEETNLKF,ELDEETLKF,10,0.6529,0.6529,0,10,ELDGETNLKF,0.980503,10,10,"1,2,9",3,False,2,-2,78.0,3.109,-1.1700000000000004,3.778239151928574,-0.295,0.13499999999999998,0.316,-0.10999999999999999,0.6529
HLA-A2601,0,ELKHILYYAF,ELKHILYHAF,ELKHILYY,ELK-HILYY,10,0.5536,2.1041,0,8,ELKHILYH,0.951006,8,8,"0,1,7",7,True,2,2,146.25,0.3175000000000001,-0.13749999999999984,7.534170080907643,0.30374999999999996,0.5662499999999999,0.19374999999999998,-0.20124999999999998,2.1041
HLA-A2601,0,ELPIFQQPFY,EPPIFQQPFY,ELPIFQQPFY,ELPIFQQFY,10,0.3096,0.3096,0,10,EPPIFQQPFY,0.953856,10,10,"0,1,9",1,True,4,-3,78.0,0.22299999999999995,-0.11000000000000003,3.8499827128835022,0.362,0.321,-0.357,0.465,0.3096
HLA-A2601,0,ELSFHPSGNY,GLSFHPSGNY,ELSFHPSGNY,ESFHPSGNY,10,0.0876,0.0876,0,10,GLSFHPSGNY,0.929637,10,10,"0,1,9",0,True,2,-2,39.0,1.621,-0.8500000000000002,5.363445803988725,-0.04299999999999998,-0.26800000000000007,0.08999999999999993,0.097,0.0876
HLA-A2601,0,ELVGYGQKF,EFVGYGQKF,ELVGYGQKF,ELVGYGQKF,9,0.0952,0.0952,0,9,EFVGYGQKF,0.94654,9,9,"0,1,8",1,True,6,0,75.55555555555556,0.46888888888888874,-0.24444444444444466,6.40200117090717,0.060000000000000026,-0.21777777777777776,0.43444444444444436,-0.4788888888888889,0.0952
HLA-A2601,0,ELVGYGQKFF,EFVGYGQKFF,ELVGYGQKF,ELVGYGQKF,10,0.0952,0.5715,0,9,EFVGYGQKF,0.94654,9,9,"0,1,8",1,True,6,0,75.55555555555556,0.46888888888888874,-0.24444444444444466,6.40200117090717,0.060000000000000026,-0.21777777777777776,0.43444444444444436,-0.4788888888888889,0.5715
HLA-A0301,1,EMLFSHGLVK,EMLFSRGLVK,MLFSHGLVK,MLFSHGLVK,10,0.0114,0.6722,1,9,MLFSRGLVK,0.940675,9,9,"0,1,8",4,False,2,0,118.88888888888887,-0.7266666666666667,0.911111111111111,9.702001779340208,0.3933333333333334,-0.07666666666666666,0.1844444444444444,-0.288888888888889,0.6722
HLA-A0101,0,ESDKEELVGY,ESDKEEFVGY,ESDKEELVGY,ESDKEELVY,10,0.0137,0.0137,0,10,ESDKEEFVGY,0.943505,10,10,"1,2,9",6,False,6,0,68.0,2.833999999999999,-1.24,3.7782389693893492,-0.4,-0.175,0.46399999999999997,-0.16499999999999998,0.0137
HLA-A0101,0,ESDQPDLSSF,ESDQPDLSNF,ESDQPDLSSF,ESDQPDLSF,10,0.3712,0.3712,0,10,ESDQPDLSNF,0.929989,10,10,"1,2,9",8,False,2,1,39.0,3.2090000000000005,-1.1400000000000001,3.3800301984883845,-0.335,-0.29300000000000004,-0.259,0.38000000000000006,0.3712
HLA-A2601,0,ESFFWLEEM,ESFSWLEEM,ESFFWLEEM,ESFFWLEEM,9,0.2892,0.2892,0,9,ESFSWLEEM,0.977492,9,9,"0,1,8",3,False,2,-2,43.33333333333333,0.9188888888888886,-0.09999999999999999,3.4727998333983123,0.30000000000000004,0.41444444444444445,-0.2622222222222222,-0.2644444444444444,0.2892
HLA-A2601,0,ESVINQGPM,GSVINQGPM,ESVINQGPM,ESVINQGPM,9,1.4224,1.4224,0,9,GSVINQGPM,1.0,9,9,"0,1,8",0,True,2,-2,75.55555555555556,1.1266666666666665,-0.30000000000000004,3.849983240943402,-0.0822222222222222,-0.41444444444444445,0.15111111111111108,0.0333333333333333,1.4224
HLA-A2601,0,ESVTSCEAY,EPVTSCEAY,ESVTSCEAY,ESVTSCEAY,9,0.2321,0.2321,0,9,EPVTSCEAY,0.853693,9,9,"0,1,8",1,True,4,-1,43.33333333333333,1.7777777777777777,-0.23333333333333328,3.6136820097453892,-0.26,-0.36666666666666675,-0.30000000000000004,-0.06333333333333332,0.2321
HLA-A2601,0,ETADTKVHF,GTADTKVHF,ETADTKVHF,ETADTKVHF,9,0.0071,0.0071,0,9,GTADTKVHF,0.976902,9,9,"0,1,8",0,True,2,-2,43.33333333333333,2.4499999999999997,-0.7444444444444445,5.454297225456685,-0.24222222222222223,-0.10000000000000002,0.07888888888888888,0.15888888888888894,0.0071
HLA-A2601,0,ETCTAGASSL,ETCTAGAGSL,ETCTAGASSL,ETTAGASSL,10,2.0689,2.0689,0,10,ETCTAGAGSL,0.944316,10,10,"0,1,9",7,False,2,0,59.00000000000001,0.7989999999999998,0.29999999999999993,3.849962144624442,-0.15599999999999997,-0.857,-0.07500000000000004,-0.209,2.0689
HLA-A2601,0,ETLSPTPSY,ETPSPTPSY,ETLSPTPSY,ETLSPTPSY,9,0.0043,0.0043,0,9,ETPSPTPSY,0.966301,9,9,"0,1,8",2,False,4,-3,43.33333333333333,1.5522222222222222,-0.8,3.8499827128835022,-0.08777777777777777,-0.29000000000000004,-0.3566666666666667,0.7777777777777778,0.0043
HLA-A2601,0,ETWRETGIF,ETWRETGIS,ETWRETGIF,ETWRETGIF,9,0.194,0.194,0,9,ETWRETGIS,0.952547,9,9,"0,1,8",8,True,2,-2,43.33333333333333,2.501111111111111,-0.766666666666667,4.258147492539138,-0.04666666666666666,0.08444444444444442,0.11666666666666664,-0.09666666666666668,0.194
HLA-A2601,0,ETWRETGIFF,ETWRETGISF,ETWRETGIF,ETWRETGIF,10,0.194,0.2195,0,9,ETWRETGIS,0.952547,9,9,"0,1,8",8,True,2,-2,43.33333333333333,2.501111111111111,-0.766666666666667,4.258147492539138,-0.04666666666666666,0.08444444444444442,0.11666666666666664,-0.09666666666666668,0.2195
HLA-A2601,0,EVLVEYSFF,EVLVEYPFF,EVLVEYSFF,EVLVEYSFF,9,0.1993,0.1993,0,9,EVLVEYPFF,0.958026,9,9,"0,1,8",6,False,4,-1,107.77777777777777,-0.20000000000000023,0.9666666666666666,3.6136910975910723,0.3888888888888889,0.24888888888888885,-0.31555555555555553,-0.1611111111111111,0.1993
HLA-A2601,0,EVMKKLPLF,EVMKKLPLS,EVMKKLPLF,EVMKKLPLF,9,0.0104,0.0104,0,9,EVMKKLPLS,0.950258,9,9,"0,1,8",8,True,2,-2,118.88888888888887,-0.14444444444444457,0.39999999999999997,9.53730092663318,0.30111111111111116,0.32666666666666666,0.19,0.1877777777777778,0.0104
HLA-A2601,0,EVSDGFTAV,EVPDGFTAV,EVSDGFTAV,EVSDGFTAV,9,0.1027,0.1027,0,9,EVPDGFTAV,0.946592,9,9,"0,1,8",2,False,4,-1,75.55555555555556,0.8544444444444445,0.4555555555555556,3.5500735570676625,-0.03888888888888885,-0.5877777777777777,0.007777777777777748,-0.1111111111111111,0.1027
HLA-A2601,0,EVSDGFTAVM,EVPDGFTAVM,EVSDGFTAVM,EVSDGFTAM,10,0.0699,0.0699,0,10,EVPDGFTAVM,0.96265,10,10,"0,1,9",2,False,4,-1,68.0,0.534,0.6,3.5500735570676625,0.06600000000000003,-0.48600000000000004,-0.07900000000000003,-0.16799999999999998,0.0699
HLA-A2601,0,EVYFGPCSLY,EVYFGPCSPY,EVYFGPCSLY,EVYFGPSLY,10,0.0097,0.0097,0,10,EVYFGPCSPY,0.946592,10,10,"0,1,9",8,False,4,-3,68.0,-0.367,0.44000000000000006,3.8499610819853842,0.32099999999999995,-0.10700000000000003,-0.29300000000000004,0.02699999999999997,0.0097
HLA-A2601,0,FAHFHSGEM,FAHFHSGGM,FAHFHSGEM,FAHFHSGEM,9,1.1294,1.1294,0,9,FAHFHSGGM,0.946592,9,9,"0,1,8",7,False,2,-2,11.11111111111111,0.9411111111111112,-0.20000000000000012,6.497749819885939,0.1433333333333333,-0.20666666666666667,0.10888888888888887,-0.16333333333333336,1.1294
HLA-A0101,0,FGYEHWALY,LGYEHWALY,FGYEHWALY,FGYEHWALY,9,0.6785,0.6785,0,9,LGYEHWALY,0.946592,9,9,"1,2,8",0,False,6,0,54.44444444444444,-0.13666666666666677,-0.24444444444444458,5.363384399097413,0.43777777777777777,0.21555555555555556,0.0033333333333333114,-0.4288888888888889,0.6785
HLA-A2601,0,FGYEHWALY,LGYEHWALY,FGYEHWALY,FGYEHWALY,9,0.4043,0.4043,0,9,LGYEHWALY,0.946592,9,9,"0,1,8",0,True,6,0,54.44444444444444,-0.13666666666666677,-0.24444444444444458,5.363384399097413,0.43777777777777777,0.21555555555555556,0.0033333333333333114,-0.4288888888888889,0.4043
HLA-A0201,0,FLEIYTVTVV,FLGIYTVTVV,FLEIYTVTV,FLEIYTVTV,10,0.1075,2.0955,0,9,FLGIYTVTV,0.970874,9,9,"1,3,8",2,False,2,-2,151.11111111111111,-0.9788888888888891,1.4777777777777779,3.8499827128835022,0.4911111111111111,0.1611111111111111,-0.3911111111111112,-0.08111111111111112,2.0955
HLA-A2601,0,FLFINTSSY,SLFINTSSY,FLFINTSSY,FLFINTSSY,9,0.1914,0.1914,0,9,SLFINTSSY,0.937434,9,9,"0,1,8",0,True,2,-2,86.66666666666666,0.03888888888888859,0.7555555555555553,6.093198032584041,0.4011111111111111,0.07666666666666666,-0.56,-0.20666666666666667,0.1914
HLA-A0201,0,FLLGKTSSV,FLQGKTSSV,FLLGKTSSV,FLLGKTSSV,9,0.0064,0.0064,0,9,FLQGKTSSV,0.978119,9,9,"1,3,8",2,False,2,-2,118.88888888888887,-0.3200000000000002,0.8888888888888888,9.700002531521022,0.21666666666666667,-0.3455555555555556,0.017777777777777743,-0.22999999999999998,0.0064
HLA-A0201,0,FLLGKTSSVV,FLQGKTSSVV,FLLGKTSSV,FLLGKTSSV,10,0.0064,0.2775,0,9,FLQGKTSSV,0.941797,9,9,"1,3,8",2,False,2,-2,118.88888888888887,-0.3200000000000002,0.8888888888888888,9.700002531521022,0.21666666666666667,-0.3455555555555556,0.017777777777777743,-0.22999999999999998,0.2775
HLA-A0201,0,FLQKYTVKL,FLQEYTVKL,FLQKYTVKL,FLQKYTVKL,9,0.0178,0.0178,0,9,FLQEYTVKL,0.947615,9,9,"1,3,8",3,True,2,1,118.88888888888887,0.2766666666666666,0.14444444444444438,10.24760792311281,0.2188888888888889,0.41222222222222216,-0.011111111111111129,-0.19444444444444445,0.0178
HLA-A0101,0,FSDKKVGTY,LSDKKVGTY,FSDKKVGTY,FSDKKVGTY,9,0.0043,0.0043,0,9,LSDKKVGTY,0.994028,9,9,"1,2,8",0,False,6,0,32.22222222222222,1.9966666666666666,-0.8333333333333334,9.256043354980648,-0.20111111111111113,-0.1444444444444445,0.14888888888888877,-0.08555555555555555,0.0043
HLA-A0101,0,FSDKKVGTYV,LSDKKVGTYV,FSDKKVGTY,FSDKKVGTY,10,0.0043,0.4478,0,9,LSDKKVGTY,0.941091,9,9,"1,2,8",0,False,6,0,32.22222222222222,1.9966666666666666,-0.8333333333333334,9.256043354980648,-0.20111111111111113,-0.1444444444444445,0.14888888888888877,-0.08555555555555555,0.4478
HLA-A0101,0,FSDYERAEW,SSDYERAEW,FSDYERAEW,FSDYERAEW,9,0.4756,0.4756,0,9,SSDYERAEW,0.956409,9,9,"1,2,8",0,False,2,-2,11.11111111111111,3.742222222222223,-1.488888888888889,3.927550357300788,-0.20777777777777773,0.28111111111111114,-0.04777777777777782,-0.05666666666666667,0.4756
HLA-A0101,0,FSDYYDLSY,FSDYYDLGY,FSDYYDLSY,FSDYYDLSY,9,0.0021,0.0021,0,9,FSDYYDLGY,0.956409,9,9,"1,2,8",7,False,2,0,43.33333333333333,1.862222222222223,-0.6555555555555554,3.4918810040690005,0.11888888888888892,0.20777777777777773,-0.5944444444444446,-0.11555555555555556,0.0021
HLA-A0201,0,FSFSLDFLV,FSFPLDFLV,FSFSLDFLV,FSFSLDFLV,9,1.1315,1.1315,0,9,FSFPLDFLV,0.957893,9,9,"1,3,8",3,True,4,-1,118.88888888888887,-0.8111111111111111,1.6777777777777776,3.7499873605556786,0.6166666666666667,0.09777777777777773,-0.5911111111111111,-0.12111111111111111,1.1315
HLA-A1101,0,FSLRACYHMK,FSLRARYHMK,SLRACYHMK,SLRACYHMK,10,1.6442,2.6885,1,9,SLRARYHMK,0.98096,9,9,"0,1,8",4,False,2,-3,54.44444444444444,2.0344444444444445,-0.41111111111111115,9.449118782766163,-0.04777777777777776,0.1544444444444444,0.025555555555555554,-0.08555555555555555,2.6885
HLA-A0101,0,FSQESPLDTF,FPQESPLDTF,FSQESPLDTF,FSESPLDTF,10,0.9208,0.9208,0,10,FPQESPLDTF,0.97635,10,10,"1,2,9",1,True,4,-1,39.0,1.956,-0.5000000000000001,3.5500735570676625,-0.03499999999999994,-0.10400000000000001,-0.41000000000000003,0.33199999999999996,0.9208
HLA-A0101,0,FSSYYEPWGY,FPSYYEPWGY,SSYYEPWGY,SSYYEPWGY,10,0.1603,0.3599,1,9,PSYYEPWGY,0.971663,9,9,"1,2,8",0,False,4,-1,0.0,1.1955555555555555,-1.3222222222222222,3.8499816502444446,0.09222222222222222,0.014444444444444433,-0.27111111111111114,0.00555555555555556,0.3599
HLA-A0101,0,FTGTISVMY,FTGTIPVMY,FTGTISVMY,FTGTISVMY,9,0.0646,0.0646,0,9,FTGTIPVMY,0.984666,9,9,"1,2,8",5,False,4,-1,75.55555555555556,-0.7277777777777779,1.0555555555555556,6.093198032584041,0.4022222222222222,-0.23444444444444437,-0.41777777777777786,-0.22333333333333336,0.0646
HLA-A2601,0,FTGTISVMY,FTGTIPVMY,FTGTISVMY,FTGTISVMY,9,0.1945,0.1945,0,9,FTGTIPVMY,0.986624,9,9,"0,1,8",5,False,4,-1,75.55555555555556,-0.7277777777777779,1.0555555555555556,6.093198032584041,0.4022222222222222,-0.23444444444444437,-0.41777777777777786,-0.22333333333333336,0.1945
HLA-A0101,0,FTMVILYVVY,FTMVISYVVY,FTMVILYVVY,FTMVILVVY,10,2.7469,2.7469,0,10,FTMVISYVVY,0.931454,10,10,"1,2,9",5,False,2,-2,165.0,-2.444,2.2299999999999995,6.0866026296280324,0.8320000000000001,0.33299999999999996,-0.5700000000000001,-0.23700000000000002,2.7469
HLA-A2601,0,FTMVILYVVY,FTMVISYVVY,MVILYVVY,MVI-LYVVY,10,2.442,2.6554,2,8,MVISYVVY,0.973748,8,8,"0,1,7",3,False,2,-2,206.25,-3.00375,2.5250000000000004,6.0866026296280324,0.8925000000000001,0.365,-0.4475,-0.32,2.6554
HLA-A0101,0,FTNFWGLLI,FTDFWGLLI,FTNFWGLLI,FTNFWGLLI,9,2.3477,2.3477,0,9,FTDFWGLLI,0.973636,9,9,"1,2,8",2,True,2,1,129.99999999999997,-1.6422222222222222,1.3555555555555554,6.099999998230487,0.7777777777777778,0.1311111111111111,-0.19111111111111115,-0.4855555555555556,2.3477
HLA-A0101,0,FVASRTRPDY,SVASRTRPDY,FVASRTRPDY,FVASRTPDY,10,1.4281,1.4281,0,10,SVASRTRPDY,0.973636,10,10,"1,2,9",0,False,2,-2,39.0,3.5839999999999996,-0.8100000000000002,9.347625291906297,-0.184,0.05600000000000001,-0.11599999999999999,0.5050000000000001,1.4281
HLA-A0101,0,FVDENVDRM,FVDENLDRM,FVDENVDRM,FVDENVDRM,9,0.3698,0.3698,0,9,FVDENLDRM,0.973636,9,9,"1,2,8",5,False,6,1,64.44444444444444,3.5999999999999996,-0.6000000000000001,3.8760121087543666,-0.21,0.13333333333333333,0.03666666666666666,0.025555555555555567,0.3698
HLA-A0201,0,GLDGYREYSL,GLDGYRGYSL,GLDGYREYSL,GLDGYEYSL,10,0.8164,0.8164,0,10,GLDGYRGYSL,0.921504,10,10,"0,1,2,4,9",6,False,2,-2,78.0,2.2409999999999997,-0.8100000000000002,4.1844060202129185,-0.09299999999999994,-0.23400000000000004,0.3859999999999999,-0.34400000000000003,0.8164
HLA-A0201,1,GLFGDIYLA,GSFGDIYLA,GLFGDIYLA,GLFGDIYLA,9,0.0523,0.0523,0,9,GSFGDIYLA,0.964971,9,9,"1,3,8",1,True,2,-2,141.1111111111111,-1.3966666666666665,1.2333333333333334,3.7499869628809392,0.5244444444444445,-0.43,0.23555555555555552,-0.5211111111111111,0.0523
HLA-A0201,1,GLFGDIYLAI,GSFGDIYLAI,GLFGDIYLA,GLFGDIYLA,10,0.0523,0.3693,0,9,GSFGDIYLA,0.92828,9,9,"1,3,8",1,True,2,-2,141.1111111111111,-1.3966666666666665,1.2333333333333334,3.7499869628809392,0.5244444444444445,-0.43,0.23555555555555552,-0.5211111111111111,0.3693
HLA-A0201,1,GLLDEDFYA,GPLDEDFYA,GLLDEDFYA,GLLDEDFYA,9,0.13,0.13,0,9,GPLDEDFYA,0.956761,9,9,"1,3,8",1,True,4,-3,97.77777777777776,0.9800000000000002,-2.4671622769447922e-17,3.38003008114174,0.14666666666666667,-0.20555555555555557,0.1344444444444444,-0.29333333333333333,0.13
HLA-A0201,0,GLNETIAKL,GLDETIAKL,GLNETIAKL,GLNETIAKL,9,0.0259,0.0259,0,9,GLDETIAKL,0.976868,9,9,"1,3,8",2,False,2,1,141.1111111111111,0.4511111111111112,0.2111111111111111,6.408795645926148,0.028888888888888915,-0.34222222222222226,0.5388888888888889,-0.38333333333333336,0.0259
HLA-A0201,0,GLPFMCHAEV,GLPFMCHAGV,GLPFMCHAEV,GLFMCHAEV,10,3.7468,3.7468,0,10,GLPFMCHAGV,0.88677,10,10,"0,1,2,4,9",8,False,2,-2,78.0,-0.6849999999999999,0.8300000000000001,5.36107725976035,0.3390000000000001,-0.28900000000000003,0.005999999999999972,0.06899999999999998,3.7468
HLA-A0101,0,GMDGAYLNGY,GMDVAYLNGY,GMDGAYLNGY,GMDGAYLNY,10,0.3266,0.3266,0,10,GMDVAYLNGY,0.985223,10,10,"1,2,9",3,False,4,-3,49.0,0.3740000000000001,-0.32999999999999996,3.7499865652062,0.10000000000000002,-0.6890000000000001,0.44499999999999995,-0.708,0.3266
HLA-A0101,0,GSYECHVGIY,GPYECHVGIY,GSYECHVGIY,GSECHVGIY,10,0.8339,0.8339,0,10,GPYECHVGIY,0.954961,10,10,"1,2,9",1,True,4,-1,68.0,0.303,0.030000000000000006,5.3609558255411685,0.07500000000000001,-0.38500000000000006,0.12899999999999995,-0.329,0.8339
HLA-A2601,0,GTFFVLAYY,GTFSVLAYY,GTFFVLAYY,GTFFVLAYY,9,0.2519,0.2519,0,9,GTFSVLAYY,0.908337,9,9,"0,1,8",3,False,2,-2,86.66666666666666,-1.6466666666666667,1.2999999999999998,6.0866026296280324,0.6655555555555556,-0.008888888888888898,-0.35111111111111115,-0.39111111111111113,0.2519
HLA-A0101,0,GTFFVLAYY,GTFSVLAYY,GTFFVLAYY,GTFFVLAYY,9,0.6732,0.6732,0,9,GTFSVLAYY,0.908337,9,9,"1,2,8",3,False,2,-2,86.66666666666666,-1.6466666666666667,1.2999999999999998,6.0866026296280324,0.6655555555555556,-0.008888888888888898,-0.35111111111111115,-0.39111111111111113,0.6732
HLA-A0301,1,GVYPMPGTQK,GVSPMPGTQK,GVYPMPGTQK,GVYPPGTQK,10,0.0048,0.0048,0,10,GVSPMPGTQK,0.901003,10,10,"0,1,9",2,False,2,-2,28.999999999999996,0.5529999999999999,-0.7300000000000001,9.298300650902092,-0.004999999999999982,-0.4499999999999999,0.22199999999999998,0.33199999999999996,0.0048
HLA-A1101,0,HINTVMEVK,HKNTVMEVK,HINTVMEVK,HINTVMEVK,9,0.3635,0.3635,0,9,HKNTVMEVK,0.979669,9,9,"0,1,8",1,True,1,-3,107.77777777777777,1.2088888888888887,-4.9343245538895844e-17,7.549726882018149,-0.03444444444444442,0.0711111111111111,0.2122222222222222,-0.053333333333333344,0.3635
HLA-A0101,0,HLEKLCHGLY,HLGKLCHGLY,HLEKLCHGLY,HLEKLHGLY,10,0.3402,0.3402,0,10,HLGKLCHGLY,0.898795,10,10,"1,2,9",2,True,2,-2,117.0,0.4839999999999999,-0.16000000000000017,7.520168579183519,0.14600000000000007,0.06999999999999998,0.40800000000000003,-0.246,0.3402
HLA-A0201,0,HLFCVFYGL,RLFCVFYGL,HLFCVFYGL,HLFCVFYGL,9,1.136,1.136,0,9,RLFCVFYGL,0.915265,9,9,"1,3,8",0,False,2,0,118.88888888888887,-1.9177777777777776,1.6666666666666667,7.355498301796615,0.7422222222222223,0.10222222222222221,-0.2633333333333334,-0.34111111111111114,1.136
HLA-A0101,0,HLGVFSSYY,HLGVFPSYY,HLGVFSSYY,HLGVFSSYY,9,0.4683,0.4683,0,9,HLGVFPSYY,0.915265,9,9,"1,2,8",5,False,4,-1,75.55555555555556,-0.12666666666666668,0.3333333333333333,7.534655152820051,0.3211111111111111,-0.10111111111111112,-0.1944444444444445,-0.26222222222222225,0.4683
HLA-A0201,0,HLMDGDLGLI,NLMDGDLGLI,HLMDGDLGL,HLMDGDLGL,10,0.0345,0.5155,0,9,NLMDGDLGL,0.946892,9,9,"1,3,8",0,False,2,1,129.99999999999997,0.3455555555555559,0.2555555555555555,4.106574652250856,0.21777777777777785,-0.4666666666666667,0.48777777777777764,-0.38333333333333336,0.5155
HLA-A0101,0,HLSHQAHRY,HPSHQAHRY,HLSHQAHRY,HLSHQAHRY,9,0.2052,0.2052,0,9,HPSHQAHRY,0.919566,9,9,"1,2,8",1,True,4,-3,54.44444444444444,3.4722222222222223,-1.5666666666666669,9.355860744602978,-0.25222222222222224,0.18222222222222217,0.3033333333333334,0.09555555555555556,0.2052
HLA-A2601,0,HMIVISIAY,HMIVVSIAY,HMIVISIAY,HMIVISIAY,9,0.5007,0.5007,0,9,HMIVVSIAY,0.955215,9,9,"0,1,8",4,False,3,3,173.33333333333331,-1.64,1.7888888888888888,7.542349207215011,0.5822222222222223,0.031111111111111103,-0.21000000000000002,-0.1488888888888889,0.5007
HLA-A2601,0,HMSSYIASF,HMSSYIASL,HMSSYIASF,HMSSYIASF,9,0.5217,0.5217,0,9,HMSSYIASL,0.922745,9,9,"0,1,8",8,True,6,0,54.44444444444444,0.32666666666666655,0.4555555555555555,7.542349207215011,0.23555555555555557,-0.14777777777777779,-0.43777777777777777,-0.11444444444444445,0.5217
HLA-A0201,1,HMTEVVRHC,HMTEVVRRC,HMTEVVRHC,HMTEVVRHC,9,1.7606,1.7606,0,9,HMTEVVRRC,0.928651,9,9,"1,3,8",7,False,2,0,64.44444444444444,2.434444444444444,-0.25555555555555554,7.5244774566963315,-0.12666666666666665,0.12888888888888886,0.03666666666666665,0.17888888888888888,1.7606
HLA-A0101,0,HSEYSSFFY,HSEYSSFFH,HSEYSSFFY,HSEYSSFFY,9,0.0098,0.0098,0,9,HSEYSSFFH,0.955346,9,9,"1,2,8",8,True,2,2,0.0,1.7766666666666666,-0.6777777777777778,5.363384399097413,0.07111111111111111,0.16888888888888884,-0.5177777777777778,-0.0488888888888889,0.0098
HLA-A1101,0,HTAKDSFECK,HTAKDPFECK,HTAKDSFECK,HTAKDSFEK,10,0.4496,0.4496,0,10,HTAKDPFECK,0.964133,10,10,"0,1,9",5,False,4,-1,10.0,3.119,-1.24,7.359368198551238,-0.426,-0.101,0.11199999999999996,0.11200000000000002,0.4496
HLA-A1101,0,HTIPQAYWTK,HTIPQAHWTK,HTIPQAYWTK,HTIPQAYTK,10,0.0878,0.0878,0,10,HTIPQAHWTK,0.950906,10,10,"0,1,9",6,False,2,2,49.0,1.1969999999999998,-0.95,9.300695891492069,0.050999999999999955,0.15599999999999997,-0.11800000000000002,0.2730000000000001,0.0878
HLA-A0201,1,ILCETCLIV,ILCGTCLIV,ILCETCLIV,ILCETCLIV,9,1.5931,1.5931,0,9,ILCGTCLIV,0.890472,9,9,"1,3,8",3,True,2,-2,205.55555555555554,-1.877777777777778,2.4000000000000004,3.8499410483054817,0.5399999999999999,-0.024444444444444463,-0.388888888888889,-0.16666666666666669,1.5931
HLA-A0101,0,ISANSPYISY,ISANSPYIPY,SANSPYISY,SANSPYISY,10,0.2051,0.2173,1,9,SANSPYIPY,0.877101,9,9,"1,2,8",7,False,4,-1,54.44444444444444,1.1544444444444446,-0.4222222222222222,6.0866026296280324,-0.015555555555555581,-0.31,-0.34444444444444444,0.16,0.2173
HLA-A0101,0,ISISSEQTFY,IPISSEQTFY,ISISSEQTFY,ISSSEQTFY,10,0.1494,0.1494,0,10,IPISSEQTFY,0.971218,10,10,"1,2,9",1,True,4,-1,78.0,1.2440000000000002,0.040000000000000015,3.8499827128835022,0.01799999999999996,-0.075,-0.461,-0.065,0.1494
HLA-A0101,0,ISVMYQGNTY,IPVMYQGNTY,SVMYQGNTY,SVMYQGNTY,10,0.5578,0.7332,1,9,PVMYQGNTY,0.986425,9,9,"1,2,8",0,False,4,-1,32.22222222222222,1.2333333333333334,-0.6,6.0866026296280324,-0.018888888888888917,-0.20444444444444443,-0.2122222222222222,-0.4222222222222223,0.7332
HLA-A0101,0,ITDVDELPI,ITDVDEPPI,ITDVDELPI,ITDVDELPI,9,1.6291,1.6291,0,9,ITDVDEPPI,0.986425,9,9,"1,2,8",6,False,4,-3,162.2222222222222,0.8911111111111113,0.46666666666666656,3.3800301984883845,0.11777777777777779,-0.10888888888888888,-0.054444444444444455,0.4644444444444445,1.6291
HLA-A0101,0,ITDVDELPIF,ITDVDEPPIF,ITDVDELPIF,ITDDELPIF,10,0.6669,0.6669,0,10,ITDVDEPPIF,0.921008,10,10,"1,2,9",6,False,4,-3,146.00000000000003,0.5040000000000001,0.7,3.3800301984883845,0.258,-0.0020000000000000018,-0.18200000000000002,0.398,0.6669
HLA-A1101,0,ITNQMSIDK,ITNQMSIDE,ITNQMSIDK,ITNQMSIDK,9,0.2459,0.2459,0,9,ITNQMSIDE,0.921008,9,9,"0,1,8",8,True,2,1,86.66666666666666,2.247777777777778,-0.5555555555555556,6.3373671672306955,-0.1922222222222222,-0.05444444444444447,-0.04666666666666666,-0.10666666666666665,0.2459
HLA-A1101,0,ITSFIIERK,ITGFIIERK,ITSFIIERK,ITSFIIERK,9,0.135,0.135,0,9,ITGFIIERK,0.949534,9,9,"0,1,8",2,False,2,0,129.99999999999997,1.7233333333333336,0.3222222222222222,9.695027685724199,0.05555555555555555,0.2533333333333333,0.0666666666666666,0.09888888888888889,0.135
HLA-A1101,0,ITSSAELLK,ITSSAELFK,ITSSAELLK,ITSSAELLK,9,0.1089,0.1089,0,9,ITSSAELFK,0.9346,9,9,"0,1,8",7,False,6,0,141.1111111111111,0.5733333333333333,0.46666666666666656,6.408795645926148,0.012222222222222233,-0.24666666666666665,0.0922222222222222,-0.1211111111111111,0.1089
HLA-A0101,0,KAERSYYIFY,KAERSYHIFY,KAERSYYIFY,KAESYYIFY,10,0.6883,0.6883,0,10,KAERSYHIFY,0.951549,10,10,"1,2,9",6,False,2,2,49.0,2.139,-0.75,9.048589221201837,0.02799999999999999,0.43899999999999995,-0.08100000000000004,-0.128,0.6883
HLA-A1101,0,KAIANRIKFK,KAIANRIKSK,AIANRIKFK,AIANRIKFK,10,0.138,0.886,1,9,AIANRIKSK,0.921465,9,9,"0,1,8",7,False,2,-2,108.88888888888889,1.8022222222222222,-0.04444444444444448,11.823055271990597,-0.04888888888888887,0.12555555555555553,0.4844444444444444,-0.1255555555555556,0.886
HLA-A1101,0,KANRNLARK,NANRNLARK,KANRNLARK,KANRNLARK,9,0.5141,0.5141,0,9,NANRNLARK,0.935585,9,9,"0,1,8",0,True,4,0,65.55555555555554,5.075555555555555,-1.822222222222222,12.531747031025589,-0.6222222222222222,0.08888888888888885,0.9022222222222224,-0.13999999999999999,0.5141
HLA-A1101,0,KINEVKTRK,KINEVETRK,KINEVKTRK,KINEVKTRK,9,0.0686,0.0686,0,9,KINEVETRK,0.929942,9,9,"0,1,8",5,False,2,1,75.55555555555556,4.292222222222222,-1.688888888888889,11.079522264190018,-0.6066666666666666,0.2944444444444444,0.7377777777777778,0.07444444444444445,0.0686
HLA-A0201,0,KLLPTNTNI,KLLPTNTDI,KLLPTNTNI,KLLPTNTNI,9,0.0608,0.0608,0,9,KLLPTNTDI,0.976334,9,9,"1,3,8",7,False,2,1,129.99999999999997,1.0233333333333332,-0.20000000000000007,9.700002531521022,0.04222222222222224,-0.0688888888888889,0.14666666666666664,0.16666666666666666,0.0608
HLA-A0201,1,KLVVVGADGV,KLVVVGAGGV,KLVVVGADGV,KLVVVGAGV,10,5.1555,5.1555,0,10,KLVVVGAGGV,0.954441,10,10,"0,1,2,4,9",7,False,2,-1,165.0,-1.05,1.4200000000000004,6.3373671672306955,0.18300000000000005,-0.6639999999999999,0.5159999999999999,-0.321,5.1555
HLA-A0101,0,KLVVVGAVGV,KLVVVGAGGV,LVVVGAVGV,LVVVGAVGV,10,42.7,71.5385,1,9,LVVVGAGGV,0.923572,9,9,"1,2,8",6,False,4,-3,215.55555555555554,-3.201111111111111,2.8666666666666663,6.099999998230487,0.5455555555555556,-0.7888888888888889,0.3622222222222222,-0.4366666666666667,71.5385
HLA-A0201,1,KLVVVGAVGV,KLVVVGAGGV,KLVVVGAVGV,KLVVGAVGV,10,2.8794,2.8794,0,10,KLVVVGAGGV,0.94763,10,10,"0,1,2,4,9",7,False,4,-3,194.0,-2.326,2.1900000000000004,9.700002531521022,0.374,-0.64,0.4889999999999999,-0.38,2.8794
HLA-A0201,0,KLYFDEKYSI,ELYFDEKYSI,KLYFDEKYSI,KLFDEKYSI,10,0.1534,0.1534,0,10,ELYFDEKYSI,0.900071,10,10,"0,1,2,4,9",0,True,2,1,78.0,1.7489999999999994,-0.71,6.479656049516052,0.0030000000000000248,0.39799999999999996,0.02299999999999998,-0.10400000000000001,0.1534
HLA-A1101,0,KMTVVILQK,KMTVVVLQK,KMTVVILQK,KMTVVILQK,9,0.1716,0.1716,0,9,KMTVVVLQK,0.950478,9,9,"0,1,8",5,False,3,3,151.11111111111111,-0.11777777777777783,0.7333333333333333,10.805379563011229,0.16888888888888898,0.19777777777777775,0.09444444444444441,-0.1388888888888889,0.1716
HLA-A0101,0,KSGTFFVLAY,KSGTFSVLAY,KSGTFFVLAY,KSGTFVLAY,10,1.5674,1.5674,0,10,KSGTFSVLAY,0.921174,10,10,"1,2,9",5,False,2,-2,78.0,-0.6010000000000004,0.8299999999999998,9.298300650902092,0.354,-0.162,-0.12100000000000008,-0.276,1.5674
HLA-A1101,0,KSSSIYSIVK,KSSSIYSIVN,SSSIYSIVK,SSSIYSIVK,10,0.1265,0.2913,1,9,SSSIYSIVN,1.0,9,9,"0,1,8",8,True,4,0,118.88888888888887,0.6011111111111109,0.5333333333333332,9.298300650902092,0.006666666666666672,-0.22000000000000003,-0.27222222222222225,-0.026666666666666672,0.2913
HLA-A1101,0,KTLKINEVK,KTLKINEVE,KTLKINEVK,KTLKINEVK,9,0.1442,0.1442,0,9,KTLKINEVE,0.902943,9,9,"0,1,8",8,True,2,1,118.88888888888887,2.0877777777777777,-0.7666666666666665,10.506918999366462,-0.2922222222222222,0.19666666666666666,0.6022222222222222,-0.08666666666666667,0.1442
HLA-A1101,1,KTLTSVFQK,ETLTSVFQK,KTLTSVFQK,KTLTSVFQK,9,0.0043,0.0043,0,9,ETLTSVFQK,0.903608,9,9,"0,1,8",0,True,2,1,75.55555555555556,1.471111111111111,-0.3,10.805379563011229,-0.1122222222222222,0.06222222222222219,-0.07222222222222226,-0.012222222222222221,0.0043
HLA-A1101,1,KTLTSVFQKK,ETLTSVFQKK,KTLTSVFQK,KTLTSVFQK,10,0.0043,0.0541,0,9,ETLTSVFQK,0.903608,9,9,"0,1,8",0,True,2,1,75.55555555555556,1.471111111111111,-0.3,10.805379563011229,-0.1122222222222222,0.06222222222222219,-0.07222222222222226,-0.012222222222222221,0.0541
HLA-A1101,0,KTMCECMSFY,KTMCECMSSY,KTMCECMSFY,KTMECMSFY,10,1.4522,1.4522,0,10,KTMCECMSSY,0.903608,10,10,"0,1,9",8,False,2,-2,0.0,0.8229999999999998,0.14,6.133393515367061,0.11499999999999999,0.12499999999999997,-0.612,-0.18100000000000002,1.4522
HLA-A0101,0,KTMCECMSFY,KTMCECMSSY,KTMCECMSFY,KTMECMSFY,10,0.8971,0.8971,0,10,KTMCECMSSY,0.974185,10,10,"1,2,9",8,False,2,-2,0.0,0.8229999999999998,0.14,6.133393515367061,0.11499999999999999,0.12499999999999997,-0.612,-0.18100000000000002,0.8971
HLA-A0101,0,LGDIYNEKRY,LGDIYNEKGY,LGDIYNEKRY,LGDIYNERY,10,0.7906,0.7906,0,10,LGDIYNEKGY,0.944472,10,10,"1,2,9",8,False,6,-2,78.0,3.214,-1.3599999999999999,6.4809230216778815,-0.23099999999999993,0.16299999999999998,0.46099999999999997,-0.23900000000000002,0.7906
HLA-A0201,0,LLADQNFKFI,LLADQNLKFI,LLADQNFKFI,LLADQNFFI,10,0.8903,0.8903,0,10,LLADQNLKFI,0.982999,10,10,"0,1,2,4,9",6,False,6,0,127.00000000000003,0.392,0.51,6.3373671672306955,0.29100000000000004,0.16899999999999998,-0.011000000000000018,-0.277,0.8903
HLA-A0101,0,LLDLMAYDRY,LLGLMAYDRY,LLDLMAYDRY,LLDMAYDRY,10,0.1738,0.1738,0,10,LLGLMAYDRY,0.923745,10,10,"1,2,9",2,True,2,-1,127.0,1.3720000000000003,0.09999999999999998,4.1092495755292475,0.2690000000000001,0.292,-0.08199999999999999,-0.211,0.1738
HLA-A0201,0,LLGDPGWRV,LLGDPGRRV,LLGDPGWRV,LLGDPGWRV,9,0.0696,0.0696,0,9,LLGDPGRRV,0.964456,9,9,"1,3,8",6,False,2,-3,118.88888888888887,0.6166666666666668,0.055555555555555504,6.338718596380204,0.24222222222222228,-0.28777777777777774,0.45222222222222214,0.016666666666666635,0.0696
HLA-A0201,0,LLQAYRLISV,PLQAYRLISV,LQAYRLISV,LQAYRLISV,10,0.6214,1.4962,1,9,LQAYRLISV,0.967671,9,9,"1,3,8",-1,True,0,4,173.33333333333331,0.3766666666666667,0.8888888888888888,9.348807885311544,0.2677777777777778,0.11333333333333334,-0.04222222222222221,-0.2077777777777778,1.4962
HLA-A0201,1,LLQCTQQAV,LLQCTRQAV,LLQCTQQAV,LLQCTQQAV,9,1.5961,1.5961,0,9,LLQCTRQAV,0.975143,9,9,"1,3,8",5,False,2,1,129.99999999999997,0.24666666666666665,0.5444444444444444,5.922539790626615,0.06555555555555559,-0.14111111111111113,-0.3022222222222223,-0.3088888888888889,1.5961
HLA-A0101,0,LMDDSLMQIF,LMDDSLMQIS,LMDDSLMQIF,LMDDSLMQF,10,0.982,0.982,0,10,LMDDSLMQIS,0.912753,10,10,"1,2,9",9,True,2,-2,117.00000000000001,0.3940000000000002,0.74,3.49188149953261,0.36000000000000004,0.11299999999999999,-0.383,-0.21100000000000002,0.982
HLA-A0101,0,LSFFTVMAY,LSLFTVMAY,LSFFTVMAY,LSFFTVMAY,9,0.4867,0.4867,0,9,LSLFTVMAY,0.967762,9,9,"1,2,8",2,True,6,0,86.66666666666666,-1.4411111111111112,1.6111111111111112,6.093198032584041,0.6577777777777778,0.0822222222222222,-0.6344444444444445,-0.24777777777777782,0.4867
HLA-A1101,0,LSYNSHYSR,LSYNSHYFR,LSYNSHYSR,LSYNSHYSR,9,0.4731,0.4731,0,9,LSYNSHYFR,0.989648,9,9,"0,1,8",7,False,2,-2,43.33333333333333,3.531111111111111,-1.3777777777777775,9.17420503590256,-0.25777777777777783,0.08111111111111108,-0.08888888888888889,-0.07222222222222223,0.4731
HLA-A0101,0,LTDTSLTAL,PTDTSLTAL,LTDTSLTAL,LTDTSLTAL,9,0.5943,0.5943,0,9,PTDTSLTAL,0.910585,9,9,"1,2,8",0,False,4,-3,141.1111111111111,0.3622222222222224,0.7555555555555554,3.7499873605556786,0.15444444444444447,-0.3777777777777778,-0.2644444444444445,-0.055555555555555546,0.5943
HLA-A0101,0,LTDTSLTALS,PTDTSLTALS,LTDTSLTAL,LTDTSLTAL,10,0.5943,2.8576,0,9,PTDTSLTAL,0.846655,9,9,"1,2,8",0,False,4,-3,141.1111111111111,0.3622222222222224,0.7555555555555554,3.7499873605556786,0.15444444444444447,-0.3777777777777778,-0.2644444444444445,-0.055555555555555546,2.8576
HLA-A0101,0,LTERANFQY,LTERADFQY,LTERANFQY,LTERANFQY,9,0.0091,0.0091,0,9,LTERADFQY,0.955243,9,9,"1,2,8",5,False,2,1,54.44444444444444,2.99,-0.9555555555555557,6.403313373681158,-0.14444444444444443,0.19333333333333327,0.011111111111111096,-0.1988888888888889,0.0091
HLA-A0101,0,LTSMAYDCY,LTSMAYDRY,LTSMAYDCY,LTSMAYDCY,9,0.1527,0.1527,0,9,LTSMAYDRY,0.988111,9,9,"1,2,8",7,False,2,-3,54.44444444444444,0.5122222222222222,0.2666666666666666,3.7499706516973674,0.19555555555555554,-0.07888888888888894,-0.5944444444444446,-0.21666666666666667,0.1527
HLA-A1101,0,LVANFSQIK,LVANFSQIE,LVANFSQIK,LVANFSQIK,9,0.2274,0.2274,0,9,LVANFSQIE,0.94829,9,9,"0,1,8",8,True,2,1,129.99999999999997,0.2733333333333332,0.6000000000000001,9.700002531521022,0.14111111111111116,-0.051111111111111156,0.02555555555555553,-0.27,0.2274
HLA-A0101,0,LVEQALRFY,LVEQALRFH,LVEQALRFY,LVEQALRFY,9,0.2143,0.2143,0,9,LVEQALRFH,0.969668,9,9,"1,2,8",8,True,2,2,129.99999999999997,0.9711111111111109,0.39999999999999997,6.403313373681158,0.23888888888888893,0.31666666666666665,0.0,-0.2255555555555556,0.2143
HLA-A1101,0,LVKFPEMFQK,PVKFPEMFQK,LVKFPEMFQK,LVFPEMFQK,10,0.2755,0.2755,0,10,PVKFPEMFQK,0.978341,10,10,"0,1,9",0,True,4,-3,68.0,0.6179999999999999,-0.09,9.53730092663318,0.19100000000000011,0.372,0.009999999999999986,0.17,0.2755
HLA-A0101,0,LVVLAPLLY,PVVLAPLLY,LVVLAPLLY,LVVLAPLLY,9,0.5369,0.5369,0,9,PVVLAPLLY,0.968154,9,9,"1,2,8",0,False,4,-3,248.88888888888889,-3.27,2.5,6.093198032584041,0.8822222222222222,0.046666666666666634,-0.10555555555555556,0.0022222222222222244,0.5369
HLA-A2601,0,MIFFSIDRY,MISFSIDRY,MIFFSIDRY,MIFFSIDRY,9,0.1346,0.1346,0,9,MISFSIDRY,0.943924,9,9,"0,1,8",2,False,2,-2,86.66666666666666,1.0033333333333334,0.7111111111111111,6.3318953779526055,0.43444444444444447,0.4311111111111111,-0.4566666666666667,-0.03999999999999999,0.1346
HLA-A0201,0,MLAVFKLYPT,MLAVSKLYPT,MLAVFKLYP,MLAVFKLYP,10,6.4641,9.4293,0,9,MLAVSKLYP,0.946651,9,9,"1,3,8",4,False,2,-2,129.99999999999997,-1.7033333333333334,1.2777777777777777,9.298300650902092,0.6466666666666667,0.21777777777777774,-0.1588888888888889,0.059999999999999956,9.4293
HLA-A0201,0,MLFLRFCYI,MLFLRFRYI,MLFLRFCYI,MLFLRFCYI,9,1.5567,1.5567,0,9,MLFLRFRYI,0.879145,9,9,"1,3,8",6,False,2,-3,129.99999999999997,-1.0322222222222224,1.811111111111111,8.527213490568101,0.8177777777777777,0.591111111111111,-0.5322222222222224,-0.2588888888888889,1.5567
HLA-A0301,1,MLFSHGLVK,MLFSRGLVK,MLFSHGLVK,MLFSHGLVK,9,0.0114,0.0114,0,9,MLFSRGLVK,1.0,9,9,"0,1,8",4,False,2,0,118.88888888888887,-0.7266666666666667,0.911111111111111,9.702001779340208,0.3933333333333334,-0.07666666666666666,0.1844444444444444,-0.288888888888889,0.0114
HLA-A1101,0,MLNPLIYSFR,MLNPLIYSLR,MLNPLIYSFR,MLNPIYSFR,10,3.1344,3.1344,0,10,MLNPLIYSLR,0.94261,10,10,"0,1,9",8,False,6,0,117.00000000000001,0.501,0.5100000000000001,9.348807885311544,0.422,0.288,-0.195,0.09299999999999994,3.1344
HLA-A0201,0,MMPFSIVYI,VMPFSIVYI,MMPFSIVYI,MMPFSIVYI,9,0.6217,0.6217,0,9,VMPFSIVYI,0.979488,9,9,"1,3,8",0,False,1,1,118.88888888888887,-2.002222222222222,1.788888888888889,6.093198032584041,0.7777777777777778,0.20555555555555555,-0.6000000000000001,0.14444444444444443,0.6217
HLA-A0201,0,MMPFSIVYIV,VMPFSIVYIV,MMPFSIVYI,MMPFSIVYI,10,0.6217,2.1167,0,9,VMPFSIVYI,0.980789,9,9,"1,3,8",0,False,1,1,118.88888888888887,-2.002222222222222,1.788888888888889,6.093198032584041,0.7777777777777778,0.20555555555555555,-0.6000000000000001,0.14444444444444443,2.1167
HLA-A0201,0,MQANSHYARV,MQANPHYARV,MQANSHYARV,MQANSHYAV,10,7.103,7.103,0,10,MQANPHYARV,0.94838,10,10,"0,1,2,4,9",4,True,4,-1,49.0,2.529,-0.7100000000000001,9.351184298284352,-0.18399999999999997,-0.09200000000000007,0.078,-0.18100000000000002,7.103
HLA-A0201,0,MSFSHLFYL,MSSSHLFYL,MSFSHLFYL,MSFSHLFYL,9,0.7086,0.7086,0,9,MSSSHLFYL,1.0,9,9,"1,3,8",2,False,2,-2,86.66666666666666,-0.7277777777777777,1.0,7.542349207215011,0.6233333333333334,0.2744444444444444,-0.5188888888888888,-0.2188888888888889,0.7086
HLA-A1101,0,MSFYLREQGK,MSSYLREQGK,MSFYLREQGK,MSFYLREQK,10,1.5801,1.5801,0,10,MSSYLREQGK,0.95382,10,10,"0,1,9",2,False,2,-2,39.0,2.5170000000000003,-0.9400000000000001,9.297359791584313,-0.11499999999999996,0.14400000000000002,0.19399999999999995,-0.268,1.5801
HLA-A0101,0,MSHNTEMNNY,MSHDTEMNNY,MSHNTEMNNY,MSNTEMNNY,10,0.376,0.376,0,10,MSHDTEMNNY,0.984844,10,10,"1,2,9",3,False,2,1,0.0,3.28,-1.6200000000000003,5.363445803988725,-0.29600000000000004,-0.02300000000000004,-0.007999999999999985,-0.311,0.376
HLA-A0101,0,MSSYIASFTY,MSSYIASLTY,SSYIASFTY,SSYIASFTY,10,0.248,0.3185,1,9,SSYIASLTY,0.984844,9,9,"1,2,8",6,False,6,0,54.44444444444444,0.37111111111111106,0.3777777777777777,6.0866026296280324,0.20111111111111107,-0.16777777777777775,-0.6400000000000001,-0.12555555555555556,0.3185
HLA-A1101,0,MTFLGGNLVK,MTFLGGNPVK,MTFLGGNLVK,MTFGGNLVK,10,0.147,0.147,0,10,MTFLGGNPVK,0.98193,10,10,"0,1,9",7,False,4,-3,107.0,-0.6330000000000001,0.76,9.700002531521022,0.31100000000000005,-0.354,0.33199999999999996,-0.511,0.147
HLA-A2601,0,MVILYVVYY,MVISYVVYY,MVILYVVYY,MVILYVVYY,9,0.13,0.13,0,9,MVISYVVYY,0.938098,9,9,"0,1,8",3,False,2,-2,183.33333333333331,-2.6544444444444446,2.1,6.080201585311443,0.8611111111111112,0.45444444444444443,-0.5044444444444445,-0.3422222222222222,0.13
HLA-A1101,0,MVSSNENCRK,MVPSNENCRK,VSSNENCRK,VSSNENCRK,10,1.4458,2.0568,1,9,VPSNENCRK,0.97759,9,9,"0,1,8",1,True,4,-1,32.22222222222222,4.67111111111111,-1.5333333333333332,8.545125282369554,-0.6888888888888889,-0.16333333333333333,0.2411111111111111,-0.06888888888888892,2.0568
HLA-A0101,0,NSDLSPYLCH,NSDLSPYPCH,NSDLSPYLCH,NSDLSPYLH,10,0.6527,0.6527,0,10,NSDLSPYPCH,0.93408,10,10,"1,2,9",7,False,4,-3,78.0,1.584,-0.4600000000000001,5.2898178906179965,-0.017999999999999995,-0.162,-0.219,0.22399999999999998,0.6527
HLA-A0101,0,NSGGYPPLCY,NSGGYPPSCY,NSGGYPPLCY,NSGGPPLCY,10,0.3592,0.3592,0,10,NSGGYPPSCY,0.960293,10,10,"1,2,9",7,False,2,-2,39.0,0.22399999999999998,-0.4600000000000001,5.9165084338746965,0.11400000000000002,-0.5459999999999999,0.02799999999999996,0.19000000000000003,0.3592
HLA-A2601,0,NTASSSLAF,DTASSSLAF,NTASSSLAF,NTASSSLAF,9,0.0986,0.0986,0,9,DTASSSLAF,0.960293,9,9,"0,1,8",0,True,2,1,65.55555555555554,0.8766666666666664,0.3999999999999999,6.099999998230487,-0.017777777777777795,-0.6122222222222223,-0.2788888888888889,-0.20666666666666667,0.0986
HLA-A0101,0,NTLEQTVPY,NTPEQTVPY,NTLEQTVPY,NTLEQTVPY,9,0.2446,0.2446,0,9,NTPEQTVPY,1.0,9,9,"1,2,8",2,True,4,-3,75.55555555555556,1.701111111111111,-0.7555555555555555,3.8499827128835022,-0.09555555555555556,-0.036666666666666674,-0.1611111111111111,0.22,0.2446
HLA-A1101,0,QALRFYDYK,QALRFHDYK,QALRFYDYK,QALRFYDYK,9,0.8493,0.8493,0,9,QALRFHDYK,0.892449,9,9,"0,1,8",5,False,2,2,54.44444444444444,2.8111111111111113,-1.0666666666666667,9.145093667320907,-0.055555555555555546,0.4466666666666666,-0.005555555555555536,-0.13666666666666666,0.8493
HLA-A1101,0,QLFNCQALQK,QLFNCQALRK,QLFNCQALQK,QLFNQALQK,10,0.4888,0.4888,0,10,QLFNCQALRK,0.908415,10,10,"0,1,9",8,False,2,1,88.0,1.2899999999999998,-0.32000000000000006,8.545189979486167,-0.04699999999999997,0.07399999999999998,-0.06600000000000006,-0.4010000000000001,0.4888
HLA-A0101,0,QSARLYIVAY,QSARLYTVAY,QSARLYIVAY,QSARLIVAY,10,0.8842,0.8842,0,10,QSARLYTVAY,0.944316,10,10,"1,2,9",6,False,3,-1,127.0,0.6639999999999995,0.4699999999999999,9.171628129668534,0.18099999999999997,0.04799999999999993,-0.10600000000000001,-0.225,0.8842
HLA-A1101,0,QTACCACRK,QTARCACRK,QTACCACRK,QTACCACRK,9,2.3837,2.3837,0,9,QTARCACRK,0.935576,9,9,"0,1,8",3,False,2,-3,22.22222222222222,2.3466666666666667,-0.1666666666666667,8.52263127360493,-0.34444444444444444,-0.27888888888888885,-0.24111111111111116,-0.06555555555555555,2.3837
HLA-A0101,0,QTQSVVFLY,QTQSVVFSY,QTQSVVFLY,QTQSVVFLY,9,0.0643,0.0643,0,9,QTQSVVFSY,0.926711,9,9,"1,2,8",7,False,2,-2,107.77777777777777,0.1344444444444441,0.5777777777777778,6.093198032584041,0.23111111111111116,0.09888888888888883,-0.5022222222222221,-0.19111111111111112,0.0643
HLA-A1101,0,RIHTSAKPYK,RIHTSEKPYK,RIHTSAKPYK,RIHTSAPYK,10,0.3684,0.3684,0,10,RIHTSEKPYK,0.885313,10,10,"0,1,9",5,False,2,-1,49.0,3.0060000000000002,-1.36,10.901836457662284,-0.3,0.101,0.31100000000000005,0.4669999999999999,0.3684
HLA-A0201,0,RLAVCHFPCL,HLAVCHFPCL,RLAVCHFPCL,RLAVHFPCL,10,4.6667,4.6667,0,10,HLAVCHFPCL,0.962824,10,10,"0,1,2,4,9",0,True,2,0,117.0,-0.16499999999999995,1.2099999999999997,8.24295184481889,0.383,0.034999999999999996,-0.22300000000000003,0.27099999999999996,4.6667
HLA-A0201,0,RMLDKNPEV,RMLDKNPES,RMLDKNPEV,RMLDKNPEV,9,0.0111,0.0111,0,9,RMLDKNPES,0.962824,9,9,"1,3,8",8,True,0,-2,75.55555555555556,3.4811111111111117,-1.177777777777778,6.494323082733899,-0.29000000000000004,0.15333333333333332,0.37666666666666665,0.33,0.0111
HLA-A1101,0,RSNPYFVASR,RSNPYSVASR,RSNPYFVASR,RSNPFVASR,10,0.5243,0.5243,0,10,RSNPYSVASR,0.983679,10,10,"0,1,9",5,False,2,-2,39.0,3.4590000000000005,-0.82,11.147622928954661,-0.201,0.007999999999999985,-0.030999999999999982,0.34099999999999997,0.5243
HLA-A1101,0,RTMMFFAEH,RTMMFLAEH,RTMMFFAEH,RTMMFFAEH,9,0.8518,0.8518,0,9,RTMMFLAEH,0.917191,9,9,"0,1,8",5,False,6,0,11.11111111111111,1.832222222222222,-0.07777777777777789,7.5513127176091075,0.19888888888888887,0.28777777777777774,-0.18555555555555556,-0.03888888888888889,0.8518
HLA-A1101,0,RVRDFIQMK,RVGDFIQMK,RVRDFIQMK,RVRDFIQMK,9,0.0463,0.0463,0,9,RVGDFIQMK,0.954107,9,9,"0,1,8",2,False,6,-2,75.55555555555556,3.928888888888888,-0.7222222222222224,11.479699642397463,-0.18444444444444447,0.49666666666666676,0.16333333333333336,0.09999999999999998,0.0463
HLA-A0101,0,SASIRNANLY,SASIRDANLY,ASIRNANLY,ASIRNANLY,10,0.2469,0.4842,1,9,ASIRDANLY,0.923761,9,9,"1,2,8",4,False,2,1,108.88888888888889,2.031111111111111,-0.1888888888888889,9.348807885311544,-0.06444444444444444,-0.16000000000000003,0.19999999999999998,-0.3211111111111111,0.4842
HLA-A0101,0,SCDSLCGGY,SCDALCGGY,SCDSLCGGY,SCDSLCGGY,9,0.3976,0.3976,0,9,SCDALCGGY,0.925857,9,9,"1,2,8",3,False,4,1,43.33333333333333,0.7000000000000002,0.1777777777777778,3.7499551423825324,-0.062222222222222213,-0.7999999999999999,-0.14777777777777784,-0.38000000000000006,0.3976
HLA-A0101,0,SCSNFLLLAY,SCSNFSLLAY,CSNFLLLAY,CSNFLLLAY,10,0.4651,0.6786,1,9,CSNFSLLAY,0.938948,9,9,"1,2,8",4,False,2,-2,141.1111111111111,-1.1833333333333333,1.4333333333333331,5.919503211509436,0.5422222222222223,-0.004444444444444473,-0.3566666666666667,-0.43777777777777777,0.6786
HLA-A2601,0,SIPGIMGALY,SIPGTMGALY,SIPGIMGALY,SIPGIMALY,10,0.0834,0.0834,0,10,SIPGTMGALY,0.970424,10,10,"0,1,9",4,False,3,-1,127.00000000000003,-1.7259999999999998,1.2,6.093198032584041,0.4820000000000001,-0.562,0.14899999999999994,-0.15700000000000003,0.0834
HLA-A0101,0,SISSEQTFY,PISSEQTFY,SISSEQTFY,SISSEQTFY,9,0.1727,0.1727,0,9,PISSEQTFY,0.932827,9,9,"1,2,8",0,False,4,-1,43.33333333333333,1.9288888888888889,-0.4555555555555556,3.8499827128835022,-0.1211111111111111,-0.1166666666666667,-0.49444444444444446,-0.05777777777777778,0.1727
HLA-A1101,0,SIYSIVKIK,SIYSIVNIK,SIYSIVKIK,SIYSIVKIK,9,0.0691,0.0691,0,9,SIYSIVNIK,0.970288,9,9,"0,1,8",6,False,4,0,162.2222222222222,-0.08444444444444471,0.7777777777777776,10.24760792311281,0.1666666666666667,0.12888888888888886,0.033333333333333263,-0.05111111111111112,0.0691
HLA-A0201,0,SLDLPLNPL,SLDLPLDPL,SLDLPLNPL,SLDLPLNPL,9,0.4788,0.4788,0,9,SLDLPLDPL,0.958942,9,9,"1,3,8",6,False,2,1,173.33333333333331,-0.10222222222222221,0.46666666666666656,3.7499873605556786,0.34111111111111114,-0.15666666666666668,0.0066666666666666645,0.501111111111111,0.4788
HLA-A1101,0,SLFGLSFVR,SPFGLSFVR,SLFGLSFVR,SLFGLSFVR,9,0.518,0.518,0,9,SPFGLSFVR,0.940133,9,9,"0,1,8",1,True,4,-3,118.88888888888887,0.10444444444444459,1.2111111111111112,10.550002220086753,0.39000000000000007,-0.11777777777777776,-0.07888888888888891,-0.21777777777777776,0.518
HLA-A0201,0,SLFKGLHHKA,SLSKGLHHKA,SLFKGLHHKA,SLFKGLHHA,10,0.2894,0.2894,0,10,SLSKGLHHKA,0.889294,10,10,"0,1,2,4,9",2,True,2,-2,88.0,0.825,-0.32,10.805464482866228,0.03200000000000004,-0.12300000000000004,0.5680000000000001,-0.15899999999999997,0.2894
HLA-A1101,0,SLGDHNFLRK,SLGDHNFLRR,SLGDHNFLRK,SLGDHNFLK,10,0.5037,0.5037,0,10,SLGDHNFLRR,0.972077,10,10,"0,1,9",9,True,2,2,78.0,3.0130000000000003,-0.9400000000000001,9.697023999877274,-0.184,-0.04900000000000002,0.48199999999999993,-0.13000000000000003,0.5037
HLA-A0201,0,SLLSLLYAL,SSLSLLYAL,SLLSLLYAL,SLLSLLYAL,9,0.079,0.079,0,9,SSLSLLYAL,0.91934,9,9,"1,3,8",1,True,2,-2,227.77777777777777,-2.163333333333333,1.9888888888888887,6.093198032584041,0.6911111111111112,-0.05777777777777782,-0.16444444444444445,-0.43111111111111117,0.079
HLA-A0201,0,SLQDHCCRAV,SLQDLCCRAV,SLQDHCCRA,SLQDHCCRA,10,1.5509,2.9349,0,9,SLQDLCCRA,0.911191,9,9,"1,3,8",4,False,2,-3,54.44444444444444,3.105555555555556,-0.5444444444444445,7.253858075477183,-0.31222222222222223,-0.17777777777777778,-0.15111111111111114,0.02888888888888889,2.9349
HLA-A1101,0,SLSPIEMKK,SPSPIEMKK,SLSPIEMKK,SLSPIEMKK,9,0.0226,0.0226,0,9,SPSPIEMKK,0.957688,9,9,"0,1,8",1,True,4,-3,86.66666666666666,1.391111111111111,-0.47777777777777786,9.53730092663318,-0.11111111111111109,-0.0055555555555556095,0.19555555555555554,0.2922222222222222,0.0226
HLA-A0201,0,SLSSVTLLL,SSSSVTLLL,SLSSVTLLL,SLSSVTLLL,9,0.1072,0.1072,0,9,SSSSVTLLL,0.914954,9,9,"1,3,8",1,True,2,-2,205.55555555555554,-1.2166666666666668,1.8111111111111111,6.099999998230487,0.4277777777777778,-0.27666666666666667,-0.2922222222222222,-0.1988888888888889,0.1072
HLA-A0201,0,SLSTSLSSV,SLSTSSSSV,SLSTSLSSV,SLSTSLSSV,9,0.0874,0.0874,0,9,SLSTSSSSV,0.943154,9,9,"1,3,8",5,False,2,-2,118.88888888888887,0.632222222222222,0.7888888888888889,6.099999998230487,-0.02333333333333333,-0.5944444444444444,-0.45222222222222225,-0.036666666666666674,0.0874
HLA-A0101,0,SSDFTVLQEI,SSDFTILQEI,SSDFTVLQE,SSDFTVLQE,10,1.5485,2.6896,0,9,SSDFTILQE,0.906602,9,9,"1,2,8",5,False,3,3,75.55555555555556,2.0555555555555554,-0.22222222222222227,3.5500735570676625,-0.14777777777777776,-0.18555555555555556,-0.31333333333333335,-0.007777777777777774,2.6896
HLA-A0101,0,SSDSQEENY,SSDSQEGNY,SSDSQEENY,SSDSQEENY,9,0.0068,0.0068,0,9,SSDSQEGNY,0.905752,9,9,"1,2,8",6,False,2,-2,0.0,4.984444444444445,-2.3555555555555556,3.4247118630446494,-0.7622222222222221,-0.27111111111111114,-0.05555555555555555,-0.08888888888888888,0.0068
HLA-A0101,0,SSEMAENEDY,SPEMAENEDY,SSEMAENEDY,SSEMAENEY,10,0.0755,0.0755,0,10,SPEMAENEDY,0.985222,10,10,"1,2,9",1,True,4,-1,10.0,3.857,-1.67,3.33170502493158,-0.5249999999999999,-0.23700000000000002,0.07500000000000002,-0.164,0.0755
HLA-A0101,0,SSFLVPSLPY,PSFLVPSLPY,SSFLVPSLPY,SSFLVPSLY,10,0.3298,0.3298,0,10,PSFLVPSLPY,0.888617,10,10,"1,2,9",0,False,4,-1,107.0,-0.6520000000000001,0.77,6.093198032584041,0.404,-0.15300000000000002,-0.46699999999999997,0.546,0.3298
HLA-A1101,0,SSIYSIVKIK,SSIYSIVNIK,SIYSIVKIK,SIYSIVKIK,10,0.0691,0.1506,1,9,SIYSIVNIK,0.916464,9,9,"0,1,8",6,False,4,0,162.2222222222222,-0.08444444444444471,0.7777777777777776,10.24760792311281,0.1666666666666667,0.12888888888888886,0.033333333333333263,-0.05111111111111112,0.1506
HLA-A1101,0,SSSIYSIVK,SSSIYSIVN,SSSIYSIVK,SSSIYSIVK,9,0.1265,0.1265,0,9,SSSIYSIVN,1.0,9,9,"0,1,8",8,True,4,0,118.88888888888887,0.6011111111111109,0.5333333333333332,9.298300650902092,0.006666666666666672,-0.22000000000000003,-0.27222222222222225,-0.026666666666666672,0.1265
HLA-A0101,0,SSYIASFTY,SSYIASLTY,SSYIASFTY,SSYIASFTY,9,0.248,0.248,0,9,SSYIASLTY,0.933795,9,9,"1,2,8",6,False,6,0,54.44444444444444,0.37111111111111106,0.3777777777777777,6.0866026296280324,0.20111111111111107,-0.16777777777777775,-0.6400000000000001,-0.12555555555555556,0.248
HLA-A0101,0,SSYYEPWGY,PSYYEPWGY,SSYYEPWGY,SSYYEPWGY,9,0.1603,0.1603,0,9,PSYYEPWGY,0.928498,9,9,"1,2,8",0,False,4,-1,0.0,1.1955555555555555,-1.3222222222222222,3.8499816502444446,0.09222222222222222,0.014444444444444433,-0.27111111111111114,0.00555555555555556,0.1603
HLA-A0101,0,STEDCLILL,STEDCLIPL,STEDCLILL,STEDCLILL,9,1.1144,1.1144,0,9,STEDCLIPL,0.987019,9,9,"1,2,8",7,False,4,-3,173.33333333333331,0.0600000000000001,1.1000000000000003,3.550065870862454,0.24333333333333337,-0.11222222222222225,-0.22444444444444445,-0.12222222222222223,1.1144
HLA-A0101,0,STEDCLILLF,STEDCLIPLF,STEDCLILLF,STEDLILLF,10,0.3878,0.3878,0,10,STEDCLIPLF,0.95614,10,10,"1,2,9",7,False,4,-3,156.0,-0.2439999999999999,1.2700000000000002,3.550065870862454,0.37100000000000005,-0.005000000000000027,-0.335,-0.13,0.3878
HLA-A1101,0,STFFLAHGLK,STFSLAHGLK,STFFLAHGLK,STFFLAHLK,10,0.1793,0.1793,0,10,STFSLAHGLK,0.976133,10,10,"0,1,9",3,False,2,-2,88.0,-0.23700000000000002,0.5999999999999999,9.702001779340208,0.31000000000000005,-0.18900000000000003,0.09999999999999999,-0.21800000000000003,0.1793
HLA-A1101,0,STGLKMAMEK,STGLKMAMER,STGLKMAMEK,STLKMAMEK,10,0.2623,0.2623,0,10,STGLKMAMER,0.976133,10,10,"0,1,9",9,True,2,2,49.0,1.1509999999999998,-0.38,9.53730092663318,-0.11999999999999997,-0.2880000000000001,0.347,-0.302,0.2623
HLA-A3001,1,SVKSCKHTEK,SVKSCKHKEK,SVKSCKHTEK,SVKSKHTEK,10,0.1766,0.1766,0,10,SVKSCKHKEK,0.948684,10,10,"0,1,9",7,False,2,-1,28.999999999999996,3.2169999999999996,-1.4000000000000001,9.582615793682635,-0.586,-0.07500000000000002,0.28099999999999997,0.14500000000000002,0.1766
HLA-A2601,0,SVMYQGNTY,PVMYQGNTY,SVMYQGNTY,SVMYQGNTY,9,0.0576,0.0576,0,9,PVMYQGNTY,0.95973,9,9,"0,1,8",0,True,4,-1,32.22222222222222,1.2333333333333334,-0.6,6.0866026296280324,-0.018888888888888917,-0.20444444444444443,-0.2122222222222222,-0.4222222222222223,0.0576
HLA-A0201,0,SVVDVFFQL,SVVDVFSQL,SVVDVFFQL,SVVDVFFQL,9,0.1034,0.1034,0,9,SVVDVFSQL,0.934975,9,9,"1,3,8",6,False,2,-2,140.0,-0.5933333333333332,1.5777777777777777,3.7499873605556786,0.43333333333333335,0.052222222222222205,-0.4566666666666667,-0.09444444444444444,0.1034
HLA-A2601,0,SVVNPIIYF,SVVNPIIYS,SVVNPIIYF,SVVNPIIYF,9,0.0231,0.0231,0,9,SVVNPIIYS,0.978808,9,9,"0,1,8",8,True,2,-2,151.11111111111111,-1.1911111111111112,1.4444444444444444,6.093198032584041,0.5277777777777778,0.049999999999999996,-0.35444444444444445,0.20333333333333337,0.0231
HLA-A2601,0,SVVNPIIYFY,SVVNPIIYSY,SVVNPIIYF,SVVNPIIYF,10,0.0231,0.0644,0,9,SVVNPIIYS,0.957866,9,9,"0,1,8",8,True,2,-2,151.11111111111111,-1.1911111111111112,1.4444444444444444,6.093198032584041,0.5277777777777778,0.049999999999999996,-0.35444444444444445,0.20333333333333337,0.0644
HLA-A1101,0,TFFLAHGLK,TFSLAHGLK,TFFLAHGLK,TFFLAHGLK,9,2.7225,2.7225,0,9,TFSLAHGLK,0.918912,9,9,"0,1,8",2,False,2,-2,97.77777777777776,-0.6411111111111112,0.7555555555555554,9.702001779340208,0.41888888888888887,-0.09111111111111114,0.18222222222222217,-0.2544444444444445,2.7225
HLA-A1101,0,TITSSAELLK,TITSSAELFK,ITSSAELLK,ITSSAELLK,10,0.1089,0.3218,1,9,ITSSAELFK,0.988221,9,9,"0,1,8",7,False,6,0,141.1111111111111,0.5733333333333333,0.46666666666666656,6.408795645926148,0.012222222222222233,-0.24666666666666665,0.0922222222222222,-0.1211111111111111,0.3218
HLA-A0201,0,TLLGDPGWRV,TLLGDPGRRV,LLGDPGWRV,LLGDPGWRV,10,0.0696,0.1518,1,9,LLGDPGRRV,0.974818,9,9,"1,3,8",6,False,2,-3,118.88888888888887,0.6166666666666668,0.055555555555555504,6.338718596380204,0.24222222222222228,-0.28777777777777774,0.45222222222222214,0.016666666666666635,0.1518
HLA-A0101,0,TMCECMSFY,TMCECMSSY,TMCECMSFY,TMCECMSFY,9,0.9103,0.9103,0,9,TMCECMSSY,0.974818,9,9,"1,2,8",7,False,2,-2,0.0,0.2977777777777777,0.588888888888889,3.849940513726324,0.2577777777777778,0.06111111111111109,-0.8611111111111112,-0.21555555555555558,0.9103
HLA-A0101,0,TMMFFAEHDY,TMMFLAEHDY,MMFFAEHDY,MMFFAEHDY,10,1.0722,2.4142,1,9,MMFLAEHDY,0.966059,9,9,"1,2,8",3,False,6,0,11.11111111111111,0.8733333333333335,-0.033333333333333534,4.181152219418436,0.3400000000000001,0.2955555555555555,-0.34555555555555556,-0.17000000000000004,2.4142
HLA-A2601,0,TTATISGLV,TTATVSGLV,TTATISGLV,TTATISGLV,9,1.6355,1.6355,0,9,TTATVSGLV,0.959006,9,9,"0,1,8",4,False,3,3,129.99999999999997,-0.6133333333333333,1.2222222222222223,6.099999998230487,0.18333333333333335,-0.69,-0.10666666666666672,-0.14666666666666667,1.6355
HLA-A2601,0,TTTATISGL,TTTATVSGL,TTTATISGL,TTTATISGL,9,1.0496,1.0496,0,9,TTTATVSGL,0.931759,9,9,"0,1,8",5,False,3,3,97.77777777777776,0.1211111111111111,0.6777777777777777,6.099999998230487,0.06111111111111109,-0.7322222222222222,-0.16777777777777786,-0.09999999999999999,1.0496
HLA-A3101,1,VIAFGSAHLFR,VIAFGSAHLYR,AFGSAHLFR,AFGSAHLFR,11,0.247,0.9981,2,9,AFGSAHLYR,0.902487,9,9,"0,1,8",7,False,2,3,65.55555555555554,0.8377777777777777,0.4555555555555553,10.551758703775704,0.21444444444444438,-0.27888888888888885,0.1933333333333333,-0.1922222222222222,0.9981
HLA-A0201,0,VIIGITIDSV,VIIGITIASV,VIIGITIDSV,VIIGITISV,10,1.5047,1.5047,0,10,VIIGITIASV,0.908864,10,10,"0,1,2,4,9",7,False,2,-2,214.0,-1.4009999999999998,2.0999999999999996,3.7499873605556786,0.42400000000000004,-0.38,-0.05100000000000003,-0.08600000000000001,1.5047
HLA-A0101,0,VINLLSCLPY,VIDLLSCLPY,VINLLSCLPY,VINLLSCLY,10,3.1166,3.1166,0,10,VIDLLSCLPY,0.956457,10,10,"1,2,9",2,True,2,1,185.0,-1.482,1.5399999999999998,5.919503211509436,0.546,-0.0020000000000000018,-0.28300000000000003,0.014000000000000012,3.1166
HLA-A0201,0,VLMMPFSIV,VLVMPFSIV,VLMMPFSIV,VLMMPFSIV,9,1.1586,1.1586,0,9,VLVMPFSIV,0.944094,9,9,"1,3,8",2,False,1,1,151.11111111111111,-2.466666666666667,2.3222222222222224,6.099999998230487,0.8044444444444445,0.06333333333333332,-0.4933333333333334,0.1444444444444444,1.1586
HLA-A0101,0,VSDGFTAVM,VPDGFTAVM,VSDGFTAVM,VSDGFTAVM,9,0.4033,0.4033,0,9,VPDGFTAVM,0.980139,9,9,"1,2,8",1,True,4,-1,75.55555555555556,-0.16333333333333325,1.0555555555555556,3.7499873605556786,0.20444444444444446,-0.5511111111111112,-0.1888888888888889,-0.1888888888888889,0.4033
HLA-A0101,0,VSDMSLSLS,VSDMGLSLS,VSDMSLSLS,VSDMSLSLS,9,1.8251,1.8251,0,9,VSDMGLSLS,0.97107,9,9,"1,2,8",4,False,2,0,118.88888888888887,0.6766666666666666,0.7777777777777779,3.7499873605556786,0.07333333333333333,-0.4122222222222222,-0.3855555555555556,-0.10555555555555557,1.8251
HLA-A0101,0,VSDMSLSLSS,VSDMGLSLSS,VSDMSLSLS,VSDMSLSLS,10,1.8251,3.7289,0,9,VSDMGLSLS,0.949091,9,9,"1,2,8",4,False,2,0,118.88888888888887,0.6766666666666666,0.7777777777777779,3.7499873605556786,0.07333333333333333,-0.4122222222222222,-0.3855555555555556,-0.10555555555555557,3.7289
HLA-A0101,0,VTLGIFFFFY,VTLGIFSFFY,TLGIFFFFY,TLGIFFFFY,10,1.7737,1.8916,1,9,TLGIFSFFY,0.904032,9,9,"1,2,8",5,False,2,-2,86.66666666666666,-2.221111111111111,1.8999999999999997,6.093198032584041,0.9755555555555555,0.2766666666666666,-0.5711111111111111,-0.33555555555555555,1.8916
HLA-A1101,1,VVGAAGVGK,VVGAGGVGK,VVGAAGVGK,VVGAAGVGK,9,0.2061,0.2061,0,9,VVGAGGVGK,0.97053,9,9,"0,1,8",4,False,4,0,118.88888888888887,-1.4455555555555557,1.2333333333333334,9.700002531521022,0.09000000000000001,-1.1555555555555557,0.851111111111111,-0.548888888888889,0.2061
HLA-A1101,1,VVGADGVGK,VVGAGGVGK,VVGADGVGK,VVGADGVGK,9,0.4518,0.4518,0,9,VVGAGGVGK,0.970307,9,9,"0,1,8",4,False,2,-1,107.77777777777777,-0.2755555555555555,0.6444444444444445,6.3373671672306955,-0.05444444444444442,-1.051111111111111,0.8144444444444443,-0.43333333333333335,0.4518
HLA-A1101,1,VVGAVGVGK,VVGAGGVGK,VVGAVGVGK,VVGAVGVGK,9,0.1277,0.1277,0,9,VVGAGGVGK,0.949046,9,9,"0,1,8",4,False,4,-3,140.0,-1.6933333333333331,1.5000000000000002,9.700002531521022,0.15777777777777777,-1.0244444444444445,0.7844444444444444,-0.49888888888888894,0.1277
HLA-A0101,0,VVNPIIYFY,VVNPIIYSY,VVNPIIYFY,VVNPIIYFY,9,0.1702,0.1702,0,9,VVNPIIYSY,0.988196,9,9,"1,2,8",7,False,2,-2,151.11111111111111,-1.5533333333333335,1.3888888888888888,6.0866026296280324,0.67,0.29888888888888887,-0.38999999999999996,0.1333333333333333,0.1702
HLA-A0201,1,VVPCEPPEV,VVPYEPPEV,VVPCEPPEV,VVPCEPPEV,9,0.751,0.751,0,9,VVPYEPPEV,0.927885,9,9,"1,3,8",3,True,2,-2,96.66666666666666,0.024444444444444418,0.36666666666666686,3.61368223791942,0.08444444444444445,-0.25222222222222224,-0.12000000000000004,1.1600000000000001,0.751
HLA-A0101,0,WADWGHRTY,WADWGHRAY,WADWGHRTY,WADWGHRTY,9,0.0969,0.0969,0,9,WADWGHRAY,0.968963,9,9,"1,2,8",7,False,4,0,11.11111111111111,2.622222222222222,-1.5111111111111113,7.542962956242263,0.018888888888888893,0.1577777777777778,0.09555555555555559,-0.17888888888888893,0.0969
HLA-A0101,0,WLSFFTVMAY,WLSLFTVMAY,LSFFTVMAY,LSFFTVMAY,10,0.4867,1.9403,1,9,LSLFTVMAY,0.981298,9,9,"1,2,8",2,True,6,0,86.66666666666666,-1.4411111111111112,1.6111111111111112,6.093198032584041,0.6577777777777778,0.0822222222222222,-0.6344444444444445,-0.24777777777777782,1.9403
HLA-A0201,0,WMSDSGTRL,WMSDSGTGL,WMSDSGTRL,WMSDSGTRL,9,0.7418,0.7418,0,9,WMSDSGTGL,0.988841,9,9,"1,3,8",7,False,6,-2,43.33333333333333,2.4966666666666666,-0.6555555555555554,6.338718596380204,-0.07,-0.21222222222222223,-0.05777777777777782,-0.16555555555555557,0.7418
HLA-A0101,0,WSCLGHLGY,RSCLGHLGY,WSCLGHLGY,WSCLGHLGY,9,0.4178,0.4178,0,9,RSCLGHLGY,0.988841,9,9,"1,2,8",0,False,2,-3,86.66666666666666,-0.7922222222222222,0.3444444444444444,7.355498301796615,0.39,-0.30444444444444435,0.09888888888888886,-0.5244444444444445,0.4178
HLA-A2601,0,YLIGVIGNF,YLIGVIGNS,YLIGVIGNF,YLIGVIGNF,9,0.2147,0.2147,0,9,YLIGVIGNS,0.929992,9,9,"0,1,8",8,True,2,-2,162.2222222222222,-1.8755555555555559,1.5777777777777777,6.093198032584041,0.6000000000000001,-0.30111111111111116,0.21999999999999995,-0.5677777777777778,0.2147
HLA-A0201,0,YLTSLACVEI,YPTSLACVEI,YLTSLACVEI,YLTSLAVEI,10,2.5772,2.5772,0,10,YPTSLACVEI,0.943027,10,10,"0,1,2,4,9",1,True,4,-3,156.0,-0.8970000000000002,1.4300000000000002,3.849961610045284,0.35000000000000003,-0.13100000000000003,-0.29700000000000004,-0.20700000000000002,2.5772
HLA-A2601,0,YMAELFSFI,YMAELFPFI,YMAELFSFI,YMAELFSFI,9,3.5923,3.5923,0,9,YMAELFPFI,0.943854,9,9,"0,1,8",6,False,4,-1,97.77777777777776,-1.0677777777777777,1.3333333333333333,3.8499827128835022,0.6211111111111111,0.20666666666666664,-0.4366666666666667,-0.30000000000000004,3.5923
HLA-A0201,0,YMFSDCSTSL,YMFSDRSTSL,YMFSDCSTSL,YMFSDSTSL,10,0.3347,0.3347,0,10,YMFSDRSTSL,1.0,10,10,"0,1,2,4,9",5,False,2,-3,39.0,1.0100000000000002,0.30999999999999994,3.749971055891365,0.11800000000000002,-0.17100000000000004,-0.736,-0.09300000000000001,0.3347
HLA-A0101,0,YSSALDLCY,YSSALNLCY,YSSALDLCY,YSSALDLCY,9,0.0396,0.0396,0,9,YSSALNLCY,0.964434,9,9,"1,2,8",5,False,2,1,97.77777777777776,0.31888888888888894,0.4666666666666667,3.7499706516973674,0.1977777777777778,-0.1444444444444445,-0.47333333333333333,-0.2411111111111111,0.0396
HLA-A0101,0,YSSEENLIF,YSSEGNLIF,YSSEENLIF,YSSEENLIF,9,0.5513,0.5513,0,9,YSSEGNLIF,0.963897,9,9,"1,2,8",4,False,2,-2,86.66666666666666,1.5977777777777777,-0.25555555555555554,3.6136910975910723,0.00777777777777776,0.053333333333333295,-0.12222222222222223,-0.22333333333333336,0.5513
HLA-A0201,0,YTAPYPHPA,YTAPHPHPA,YTAPYPHPA,YTAPYPHPA,9,0.4598,0.4598,0,9,YTAPHPHPA,0.963897,9,9,"1,3,8",4,False,2,2,22.22222222222222,0.4322222222222221,-0.8555555555555557,7.534655152820051,0.15666666666666662,-0.2266666666666667,-0.1811111111111111,1.0799999999999998,0.4598
HLA-A0101,1,YTDFHCQYV,YTDFPCQYV,YTDFHCQY,YTD-FHCQY,9,0.0241,0.2237,0,8,YTDFPCQY,0.931488,8,8,"1,2,7",4,False,2,-2,0.0,2.1887499999999998,-1.025,5.289758428465575,0.005000000000000018,0.30374999999999996,-0.61125,-0.029999999999999985,0.2237
HLA-A0101,1,YTDFHCQYVK,YTDFPCQYVK,YTDFHCQY,YTD-FHCQY,10,0.0241,0.8414,0,8,YTDFPCQY,0.958733,8,8,"1,2,7",4,False,2,-2,0.0,2.1887499999999998,-1.025,5.289758428465575,0.005000000000000018,0.30374999999999996,-0.61125,-0.029999999999999985,0.8414
HLA-A2601,0,YTFLIFSDY,YTFLISSDY,YTFLIFSDY,YTFLIFSDY,9,0.1328,0.1328,0,9,YTFLISSDY,0.968015,9,9,"0,1,8",5,False,2,-2,86.66666666666666,-0.09222222222222219,0.7,3.7499865652062,0.5255555555555556,0.32111111111111107,-0.6733333333333333,-0.12555555555555556,0.1328
HLA-A0101,0,YTFLIFSDY,YTFLISSDY,YTFLIFSDY,YTFLIFSDY,9,0.3937,0.3937,0,9,YTFLISSDY,0.957358,9,9,"1,2,8",5,False,2,-2,86.66666666666666,-0.09222222222222219,0.7,3.7499865652062,0.5255555555555556,0.32111111111111107,-0.6733333333333333,-0.12555555555555556,0.3937
HLA-A2601,0,YTIEEFMEL,YTMEEFMEL,YTIEEFMEL,YTIEEFMEL,9,0.0888,0.0888,0,9,YTMEEFMEL,0.969401,9,9,"0,1,8",2,False,3,1,86.66666666666666,0.8855555555555554,0.055555555555555504,3.472799689974636,0.21000000000000005,0.33,-0.14333333333333334,-0.1888888888888889,0.0888
HLA-A0201,0,YTSEHAASV,YTPEHAASV,YTSEHAASV,YTSEHAASV,9,0.2463,0.2463,0,9,YTPEHAASV,0.964162,9,9,"1,3,8",2,False,4,-1,54.44444444444444,1.48,-0.2777777777777778,5.363445803988725,-0.18,-0.43555555555555553,-0.07888888888888888,-0.02555555555555555,0.2463
HLA-A0101,0,YVDVTYNFI,YVDVTYDFI,YVDVTYNF,YVD-VTYNF,9,1.1718,1.2849,0,8,YVDVTYDF,0.977687,8,8,"1,2,7",6,False,2,1,72.5,0.89375,0.11250000000000004,3.7499865652062,0.22250000000000003,0.20375,-0.47,-0.14375,1.2849
HLA-A0101,0,YVDVTYNFII,YVDVTYDFII,YVDVTYNF,YVD-VTYNF,10,1.1718,5.472,0,8,YVDVTYDF,0.977687,8,8,"1,2,7",6,False,2,1,72.5,0.89375,0.11250000000000004,3.7499865652062,0.22250000000000003,0.20375,-0.47,-0.14375,5.472
HLA-A2601,0,YVKLANLSY,YVKLANLPY,YVKLANLSY,YVKLANLSY,9,0.0914,0.0914,0,9,YVKLANLPY,0.916392,9,9,"0,1,8",7,False,4,-1,129.99999999999997,0.020000000000000004,0.31111111111111117,9.145600226707757,0.2244444444444445,0.08888888888888886,0.008888888888888872,-0.37222222222222223,0.0914
HLA-A2601,0,YVVTISSLL,HVVTISSLL,YVVTISSLL,YVVTISSLL,9,0.353,0.353,0,9,HVVTISSLL,0.897391,9,9,"0,1,8",0,True,2,2,194.44444444444443,-1.481111111111111,1.877777777777778,6.093198032584041,0.4933333333333334,-0.09333333333333335,-0.38999999999999996,-0.1488888888888889,0.353
