,Unnamed: 0,HLA,agg_label,Peptide,wild_type,icore_mut,core_mut,len,EL_rank_mut,EL_rank_wt,trueHLA_EL_rank,icore_mut_start,len_icore_mut,icore_wt_aligned,icore_dissimilarity_score,icore_len_mut,icore_len_wt,icore_anchor,icore_mutation_position,icore_anchor_mutation,icore_mut_score,icore_blsm_mut_score,aliphatic_index,boman,hydrophobicity,isoelectric_point,VHSE1,VHSE3,VHSE7,VHSE8,seq_id,core_wt_aligned,EL_rank_wt_aligned,ratio_rank,foreignness_score
0,0,HLA-B5701,1,AALGCISLLW,AALGCISLLC,AALGCISLLW,AALGISLLW,10,0.078,4.5333,0.2374,0,10,AALGCISLLC,0.964425,10,10,"1,9",9,True,2,-2,176.0,-2.4450000000000003,1.99,5.922539790626615,0.6460000000000001,-0.369,-0.045,-0.522,>seq_1,AALGISLLC,14.0361,0.07756654626285078,0.0
1,1,HLA-B5701,0,AAYGYWFKGW,AAYGYWFKGR,AAYGYWFKGW,AAYGYWFKW,10,0.3664,12.3294,0.4358,0,10,AAYGYWFKGR,0.965694,10,10,"1,9",9,True,2,-3,20.0,-0.7310000000000001,-0.27,9.145600226707757,0.4469999999999999,-0.0379999999999999,0.1099999999999999,-0.645,>seq_2,AAYGYWFKR,15.4303,0.35769965327958625,1.0
2,2,HLA-A3101,1,ALAPALWWR,ALAPALWWG,ALAPALWWR,ALAPALWWR,9,0.1434,25.6512,0.1684,0,9,ALAPALWWG,0.960976,9,9,"0,1,8",8,True,6,-2,120.0,-0.5566666666666666,0.5666666666666667,10.550002220086752,0.5466666666666666,0.1099999999999999,0.0366666666666666,0.0011111111111111,>seq_3,ALAPALWWG,26.5,0.1426240166037736,0.999970522893937
3,3,HLA-A1101,1,ALSYLVSFQR,ALSYLVSFQT,LSYLVSFQR,LSYLVSFQR,10,0.6257,9.2143,0.9644,1,9,LSYLVSFQT,0.976334,9,9,"0,1,8",8,True,2,-1,118.88888888888889,1.171111111111111,0.411111111111111,9.348807885311544,0.2044444444444444,0.2177777777777777,-0.2833333333333333,-0.15,>seq_4,LSYLVSFQT,17.0,0.6026705594117648,0.999999547346729
4,4,HLA-B5701,0,APKTSPPGRSF,APKTSPPGRSS,KTSPPGRSF,KTSPPGRSF,11,0.0222,4.7123,0.4298,2,9,KTSPPGRSS,0.972404,9,9,"1,8",8,True,2,-2,0.0,2.88,-1.2777777777777777,11.651775666512547,-0.2844444444444444,-0.38,0.1288888888888888,0.7944444444444444,>seq_5,KTSPPGRSS,4.7123,0.022095414128981604,0.0
5,5,HLA-A1101,0,ASAEWRRRR,DSAEWRRRR,ASAEWRRRR,ASAEWRRRR,9,1.2456,8.0798,1.5684,0,9,DSAEWRRRR,0.976956,9,9,"0,1,8",0,True,2,-2,22.22222222222222,7.104444444444444,-2.177777777777778,12.500054662115872,-0.6588888888888889,0.3422222222222222,0.5755555555555555,0.1822222222222222,>seq_6,DSAEWRRRR,8.0798,1.0535755241466374,0.0
6,6,HLA-A0301,0,ATKGSLVDDK,ATKGSLVDDE,ATKGSLVDDK,ATKGSLVDK,10,0.5168,30.4545,0.5414,0,10,ATKGSLVDDE,0.988379,10,10,"0,1,9",9,True,2,1,78.0,2.28,-0.69,6.4473000331781805,-0.358,-0.483,0.41,-0.0589999999999999,>seq_7,ATKGSLVDE,30.4545,0.5080301223136154,0.0
7,7,HLA-B0702,1,ATPKLRAPPL,ATPKLRAPPP,TPKLRAPPL,TPKLRAPPL,10,0.0238,1.0505,0.4477,1,9,TPKLRAPPP,0.965707,9,9,"1,8",8,True,4,-3,97.77777777777776,1.265555555555555,-0.5000000000000001,11.651775666512547,0.0611111111111111,-0.0822222222222222,0.2322222222222222,1.1455555555555557,>seq_8,TPKLRAPPP,1.0505,0.023260790099952404,0.0
8,8,HLA-C0702,0,ATPSRVPGF,ATPSRVPGS,ATPSRVPGF,ATPSRVPGF,9,1.3626,26.4,0.8692,0,9,ATPSRVPGS,0.969781,9,9,"1,8",8,True,2,-2,43.33333333333333,1.2355555555555555,-0.0888888888888889,10.550002220086752,0.0211111111111111,-0.5077777777777777,0.0322222222222221,0.711111111111111,>seq_9,ATPSRVPGS,26.4,1.2922712590909091,0.999941047525418
9,9,HLA-A3101,0,ATTKDTYRR,ATTKDTYRH,ATTKDTYRR,ATTKDTYRR,9,0.4316,3.7897,0.2864,0,9,ATTKDTYRH,0.972267,9,9,"0,1,8",8,True,2,0,11.11111111111111,5.572222222222223,-2.0,10.446455671451986,-0.6133333333333333,0.1044444444444444,0.1433333333333333,0.28,>seq_10,ATTKDTYRH,6.7483,0.4039962242342516,0.0
10,10,HLA-A3101,1,AWASREPLRPR,AWASREPLRPW,ASREPLRPR,ASREPLRPR,11,0.0145,0.8064,1.7384,2,9,ASREPLRPW,0.953798,9,9,"0,1,8",8,True,2,-3,54.44444444444444,5.36,-1.7111111111111112,12.199133926071228,-0.4788888888888888,0.0844444444444444,0.47,0.96,>seq_11,ASREPLRPW,5.1752,0.014459373550780648,0.0151242984958688
11,11,HLA-B5701,0,CSRSCGGGLW,CSRSCGGGLR,RSCGGGLW,RSCGGG-LW,10,0.5388,22.6767,0.7034,2,8,RSCGGGLR,0.941272,8,8,"0,1,7",7,True,2,-3,48.75,0.8712500000000003,-0.1375,8.549912034533918,0.0375,-0.7537499999999999,0.5187499999999998,-0.5925,>seq_12,RSCGGGLR-,34.8235,0.5304635191752695,0.5
12,12,HLA-A2501,0,DALSSLFNI,DGLSSLFNI,DALSSLFNI,DALSSLFNI,9,2.9695,17.504,1.9455,0,9,DGLSSLFNI,0.965957,9,9,"0,1,8",1,True,4,0,141.1111111111111,0.29,0.8999999999999999,3.749987360555679,0.2422222222222222,-0.2544444444444445,-0.1655555555555555,-0.2299999999999999,>seq_13,DGLSSLFNI,17.504,2.4657334180758683,0.0
13,13,HLA-A2501,1,DDIYPIDFY,DDIYPIDFH,DIYPIDFY,DIY-PIDFY,9,0.9639,18.5,1.8598,1,8,DIYPIDFH,0.961869,8,8,"0,1,2,7",7,True,2,2,97.5,0.6125000000000003,0.0749999999999999,3.491881173569709,0.4,0.3225,-0.4624999999999999,0.3975,>seq_14,DIY-PIDFH,18.5,0.913678204864865,0.0
14,14,HLA-C0602,1,DHYAYSYYL,DHYAYSYYP,DHYAYSYYL,DHYAYSYYL,9,1.063,4.646,0.7655,0,9,DHYAYSYYP,0.969272,9,9,"1,8",8,True,4,-3,54.44444444444444,1.178888888888889,-0.788888888888889,5.292017084080726,0.1888888888888889,0.2866666666666665,-0.3422222222222222,-0.2066666666666667,>seq_15,DHYAYSYYP,23.625,1.0151706243386243,0.5
15,15,HLA-B5101,0,DPPLLFDIL,DPPLLFDIS,DPPLLFDI,DP-PLLFDI,9,0.5175,0.5175,0.3961,0,8,DPPLLFDI,1.0,8,8,"1,7",-1,True,0,4,146.25,-0.0374999999999998,0.5874999999999999,3.49188149953261,0.45625,0.02,-0.20625,0.8337500000000001,>seq_16,DP-PLLFDI,0.5175,0.0,0.0
16,16,HLA-A2501,0,DTLGVGGFGL,DTLGVGGFGR,DTLGVGGFGL,DTLGGGFGL,10,1.8395,2.0185,0.9322,0,10,DTLGVGGFGR,0.980764,10,10,"0,1,9",9,True,4,-2,107.0,-0.9329999999999998,0.8800000000000001,3.749987360555679,0.271,-0.997,0.587,-0.588,>seq_17,DTLGVGFGR,7.4779,1.3869985958624746,0.666666666669632
17,17,HLA-A2501,0,DVKDISFLFR,DVKDISFLLR,DVKDISFLF,DVKDISFLF,10,0.0086,0.0875,1.9493,0,9,DVKDISFLL,0.982181,9,9,"0,1,8",8,True,6,0,118.88888888888889,0.7277777777777776,0.7111111111111111,4.109250801149756,0.2544444444444445,0.1355555555555555,-0.2144444444444444,0.02,>seq_18,DVKDISFLL,0.0875,0.007754742857142857,0.0
18,18,HLA-C0602,0,EADLRVQSL,EATLRTQSL,EADLRVQSL,EADLRVQSL,9,1.872,1.8023,1.5969,0,9,EATLRTQSL,0.888321,9,9,"1,8","2,5",True,0,-1,129.99999999999997,2.6333333333333337,-0.2444444444444444,4.184407676104456,-0.1999999999999999,-0.0844444444444444,0.1866666666666666,-0.0711111111111111,>seq_19,EATLRTQSL,1.8023,0.07239549464573056,0.0
19,19,HLA-A2501,0,EDDVKDISFLF,EDDVKDISFLL,DVKDISFLF,DVKDISFLF,11,0.0086,0.0875,1.4223,2,9,DVKDISFLL,0.982181,9,9,"0,1,8",8,True,6,0,118.88888888888889,0.7277777777777776,0.7111111111111111,4.109250801149756,0.2544444444444445,0.1355555555555555,-0.2144444444444444,0.02,>seq_20,DVKDISFLL,0.0875,0.007754742857142857,0.0
20,20,HLA-B1801,1,EEFRLLNL,EEFRLLNP,EEFRLLNL,EEF-RLLNL,8,0.1412,1.2525,0.4945,0,8,EEFRLLNP,0.952579,8,8,"1,7",7,True,4,-3,146.25,2.18,-0.0999999999999999,4.258147492539138,0.0975,0.38875,0.345,-0.24875,>seq_21,EEFRLLNP-,1.2525,0.1252818842315369,0.0
21,21,HLA-B1801,1,EEVSYFNVQY,EEVSYFNVQS,EEVSYFNVQY,EEVSFNVQY,10,0.0594,0.4841,0.0571,0,10,EEVSYFNVQS,0.979656,10,10,"0,1,9",9,True,2,-2,57.99999999999999,1.842,-0.6199999999999999,3.6136908694170415,-0.072,0.1899999999999999,-0.202,-0.236,>seq_22,EEVSFNVQS,5.8624,0.05879813728165939,0.0
22,22,HLA-C0701,1,EHMGMVLLL,EHMGMVLLP,EHMGMVLLL,EHMGMVLLL,9,0.5868,10.0,0.525,0,9,EHMGMVLLP,0.971805,9,9,"1,8",8,True,4,-3,162.2222222222222,-1.4411111111111112,1.3666666666666667,5.363507221918553,0.5611111111111112,-0.0433333333333333,0.2366666666666667,-0.4355555555555556,>seq_23,EHMGMVLLP,23.3,0.5720217064377682,0.0
23,23,HLA-A1101,0,FIKKPKSWK,FIKKPKSWE,FIKKPKSWK,FIKKPKSWK,9,1.5674,26.0,1.5808,0,9,FIKKPKSWE,0.982307,9,9,"0,1,8",8,True,2,1,43.33333333333333,1.7077777777777774,-1.2888888888888888,11.278334052301943,-0.0933333333333333,0.4755555555555555,0.3544444444444444,0.3344444444444445,>seq_24,FIKKPKSWE,30.1667,1.4859611034683937,0.0
24,24,HLA-A0201,1,FISAFRLSV,PISAFRLSV,FISAFRLSV,FISAFRLSV,9,0.4909,9.8426,0.5114,0,9,PISAFRLSV,0.961726,9,9,"1,3,8",0,False,0,-4,129.99999999999997,0.0077777777777777,1.5333333333333334,10.550002220086752,0.4188888888888889,0.0177777777777778,-0.288888888888889,-0.0677777777777777,>seq_25,PISAFRLSV,9.8426,0.4664163462906143,0.0
25,25,HLA-A0201,0,FLYDPSFNEAT,FPYDPSFNEAT,FLYDPSFNEA,FLYDPSFEA,11,0.0628,9.7882,0.4464,0,10,FPYDPSFNEA,0.944447,10,10,"0,1,2,4,9",1,True,4,-3,49.0,1.3019999999999998,-0.3000000000000001,3.550073361489922,0.1389999999999999,-0.0149999999999999,-0.2339999999999999,0.143,>seq_26,FYDPSFNEA,9.7882,0.06239708220101755,5.89524745824429e-05
26,26,HLA-B5701,0,GGEVDSQALW,GGEVDSQALQ,GGEVDSQALW,GGVDSQALW,10,0.8989,47.6923,0.6244,0,10,GGEVDSQALQ,0.972335,10,10,"1,9",9,True,0,-2,78.0,0.9490000000000002,-0.3199999999999999,3.5500735570676625,-0.0589999999999999,-0.583,0.3309999999999999,-0.438,>seq_27,GGVDSQALQ,59.0,0.8852047252542374,3.47580404973379e-09
27,27,HLA-A1101,0,GLVELVQLK,GRVELVQLK,GLVELVQLK,GLVELVQLK,9,0.4274,1.5605,0.3944,0,9,GRVELVQLK,0.952738,9,9,"0,1,8",1,True,4,-2,194.44444444444443,-0.6533333333333333,0.9444444444444444,6.408795645926148,0.2322222222222223,-0.1011111111111111,0.4566666666666666,-0.3911111111111112,>seq_28,GRVELVQLK,4.304,0.3849579089219331,0.0
28,28,HLA-C0702,1,GMVDPSLNF,GMVDPSLNP,GMVDPSLNF,GMVDPSLNF,9,1.2226,47.0,0.694,0,9,GMVDPSLNP,0.957857,9,9,"1,8",8,True,0,-4,75.55555555555556,0.3922222222222222,0.3222222222222222,3.749987360555679,0.2066666666666667,-0.3777777777777777,-0.0455555555555555,0.0622222222222222,>seq_29,GMVDPSLNP,47.0,1.1907967923404255,0.0
29,29,HLA-C0602,0,GREREGSFY,GREREGSFH,GREREGSFY,GREREGSFY,9,5.3934,15.2673,1.5852,0,9,GREREGSFH,0.977575,9,9,"1,8",8,True,2,2,0.0,4.682222222222222,-1.788888888888889,6.526612716726959,-0.4711111111111111,-0.1688888888888888,0.6122222222222221,-0.1766666666666667,>seq_30,GREREGSFH,19.5455,3.905141139392699,0.0
30,30,HLA-A0301,0,HLRAPAEPMAK,HLRAPAEPMAE,HLRAPAEPMAK,HLRAPPMAK,11,0.1598,7.5548,0.2813,0,11,HLRAPAEPMAE,0.991325,11,11,"0,1,10",10,True,2,1,62.72727272727272,1.7490909090909093,-0.6545454545454544,9.697026920504868,-0.0899999999999999,-0.1681818181818182,0.4263636363636363,0.5463636363636364,>seq_31,HLRAPPMAE,13.0739,0.15784679246437558,9.05359508832148e-07
31,31,HLA-A1101,0,ILSCSDTSIFK,ILSCSDTSIFE,LSCSDTSIFK,LSSDTSIFK,11,0.4795,18.2105,1.4381,1,10,LSCSDTSIFE,0.988943,10,10,"0,1,9",9,True,2,1,78.0,1.294,0.31,6.160569088067859,-0.0339999999999999,-0.231,-0.407,0.027,>seq_32,LSSDTSIFE,24.2308,0.470011239826997,8.006456762952278e-11
32,32,HLA-B5101,0,IPALQLLL,ILALQLLL,IPALQLLL,IPA-LQLLL,8,0.1713,11.5005,0.232,0,8,ILALQLLL,0.931185,8,8,"1,7",1,True,4,-3,256.25,-2.60875,2.05,6.099999998230487,0.765,0.0087499999999999,0.01625,0.0075,>seq_33,ILA-LQLLL,11.5005,0.16874848571801226,0.0
33,33,HLA-C0702,0,IRPSYRQDY,IGPSYRQDY,IRPSYRQDY,IRPSYRQDY,9,0.0509,2.4198,0.3384,0,9,IGPSYRQDY,0.934481,9,9,"1,8",1,True,6,-2,43.33333333333333,4.762222222222222,-1.8333333333333333,9.171062766574323,-0.3344444444444444,0.3688888888888889,-0.0533333333333333,0.4788888888888889,>seq_34,IGPSYRQDY,2.4198,0.04982932887015456,0.0
34,34,HLA-C0602,0,IRPYSEMVI,IRPYSEMVT,IRPYSEMVI,IRPYSEMVI,9,0.2283,2.2622,0.3956,0,9,IRPYSEMVT,0.980174,9,9,"1,8",8,True,3,-1,118.88888888888889,1.0044444444444445,0.3777777777777777,6.403313373681158,0.2022222222222222,0.2,-0.1111111111111111,0.3366666666666666,>seq_35,IRPYSEMVT,6.5611,0.2203560744387374,0.0
35,35,HLA-A0301,0,ISKGDFPLEK,ISKGDFPLEE,ISKGDFPLEK,ISKDFPLEK,10,0.6961,19.5439,0.5819,0,10,ISKGDFPLEE,0.986708,10,10,"0,1,9",9,True,2,1,78.0,1.627,-0.65,6.492975460831076,-0.1169999999999999,-0.149,0.3969999999999999,0.2219999999999999,>seq_36,ISKDFPLEE,24.44,0.6762736820785598,0.0
36,36,HLA-B5701,0,KGSLQGELQI,KGPLQGELQI,KGSLQGELQI,KSLQGELQI,10,1.6381,12.9393,1.389,0,10,KGPLQGELQI,0.944637,10,10,"1,9",2,False,4,-1,117.0,1.0199999999999998,-0.39,6.408795645926148,-0.1349999999999999,-0.415,0.5519999999999998,-0.461,>seq_37,KGLQGELQI,12.9393,1.4307184870897187,0.996175543718793
37,37,HLA-A3101,0,KIQQALNIQR,KIQQALNIQQ,KIQQALNIQR,KIQQALIQR,10,0.1219,12.9133,0.2636,0,10,KIQQALNIQQ,0.987677,10,10,"0,9",9,True,2,1,127.00000000000004,2.716,-0.78,11.651775666512547,-0.246,0.172,0.318,-0.243,>seq_38,KIQQALIQQ,15.8264,0.12096108717080321,0.0
38,38,HLA-C0602,0,KPRQPVVHIW,KPLQPVVHIW,PRQPVVHIW,PRQPVVHIW,10,0.9616,4.7049,1.6225,1,9,PLQPVVHIW,0.942282,9,9,"1,8",1,True,4,-2,107.77777777777776,1.087777777777778,-0.2666666666666666,10.551758703775704,0.2077777777777778,0.2822222222222222,2.4671622769447922e-17,0.7944444444444444,>seq_39,PLQPVVHIW,10.3023,0.8718458130708676,5.89559499766902e-05
39,39,HLA-C0602,0,KQRPPRLERM,KQRPPRLERT,QRPPRLERM,QRPPRLERM,10,0.0429,2.2945,1.2456,1,9,QRPPRLERT,0.977997,9,9,"1,8",8,True,1,-1,43.33333333333333,5.5377777777777775,-2.0,12.199133926071228,-0.4155555555555555,0.4211111111111111,0.3833333333333333,0.88,>seq_40,QRPPRLERT,2.2945,0.04209790368271955,0.0
40,40,HLA-C0602,1,KRIPLPPHLC,ERIPLPPHLC,KRIPLPPHL,KRIPLPPHL,10,0.0067,0.0283,1.8949,0,9,ERIPLPPHL,0.983637,9,9,"1,8",0,False,2,1,129.99999999999997,1.152222222222222,-0.4777777777777779,11.651789722032843,0.1755555555555556,0.2033333333333333,0.3655555555555555,1.2133333333333336,>seq_41,ERIPLPPHL,0.0283,0.005113780918727915,0.999999773659969
41,41,HLA-B5701,1,KSKLVRHQRI,KSKLVRHQRT,KSKLVRHQRI,KSKLVHQRI,10,3.3559,6.326,1.8242,0,10,KSKLVRHQRT,0.985184,10,10,"1,9",9,True,3,-1,107.0,4.066,-1.1800000000000002,12.531747774221005,-0.3949999999999999,0.3849999999999999,0.563,0.149,>seq_42,KSKLVHQRT,16.9126,2.6900021008005868,0.0
42,42,HLA-A0301,1,KTGYTGVFR,KTGYTGVFG,KTGYTGVFR,KTGYTGVFR,9,0.8182,30.5455,0.5055,0,9,KTGYTGVFG,0.968678,9,9,"0,1,8",8,True,6,-2,32.22222222222222,1.8722222222222225,-0.5444444444444444,10.454924617893994,-0.0922222222222222,-0.2733333333333333,0.3155555555555555,-0.1877777777777778,>seq_43,KTGYTGVFG,39.0,0.8010345835897437,0.0
43,43,HLA-B5701,0,KTSPPGRSFCP,KTSPPGRSSCP,KTSPPGRSF,KTSPPGRSF,11,0.0222,3.4639,1.1474,0,9,KTSPPGRSS,0.972404,9,9,"1,8",8,True,2,-2,0.0,2.88,-1.2777777777777777,11.651775666512547,-0.2844444444444444,-0.38,0.1288888888888888,0.7944444444444444,>seq_44,KTSPPGRSS,4.7123,0.022095414128981604,0.0
44,44,HLA-A1101,0,KVLNMAAK,KVLNMAAE,KVLNMAAK,KVL-NMAAK,8,2.5693,34.5,1.9096,0,8,KVLNMAAE,0.978373,8,8,"0,1,2,3,7",7,True,2,1,110.0,0.3512499999999999,0.2750000000000001,10.805379563011227,0.0125,-0.13125,0.4612499999999999,-0.35375,>seq_45,KVL-NMAAE,34.5,2.37795789884058,0.0
45,45,HLA-A1101,0,LADNHKTSK,LPDNHKTSK,LADNHKTSK,LADNHKTSK,9,1.3015,6.926,1.3915,0,9,LPDNHKTSK,0.948567,9,9,"0,1,8",1,True,4,-1,54.44444444444444,3.373333333333333,-1.5444444444444445,9.53937175590545,-0.4899999999999999,-0.18,0.44,0.0077777777777777,>seq_46,LPDNHKTSK,6.926,1.0569284940802774,0.0
46,46,HLA-B5701,0,LAHARRPIAQW,LAHARRPIAQR,HARRPIAQW,HARRPIAQW,11,0.0166,6.8127,0.611,2,9,HARRPIAQR,0.958259,9,9,"1,8",8,True,2,-3,65.55555555555554,3.2411111111111106,-1.1222222222222225,12.50011018011719,-0.1155555555555555,0.2133333333333333,0.2988888888888889,0.3911111111111111,>seq_47,HARRPIAQR,6.8127,0.016559552013151905,3.47580404973379e-09
47,47,HLA-B1801,0,LEQPDAEQW,LGQPDAEQW,LEQPDAEQW,LEQPDAEQW,9,0.5744,7.0606,0.5858,0,9,LGQPDAEQW,0.94125,9,9,"1,8",1,True,2,-2,54.44444444444444,2.7066666666666666,-1.6,3.42471199342981,-0.2444444444444443,0.0499999999999999,0.0766666666666666,0.1544444444444444,>seq_48,LGQPDAEQW,11.2049,0.5449543681782077,0.0
48,48,HLA-A0201,0,LLLPAFQPL,LPLPAFQPL,LLLPAFQPL,LLLPAFQPL,9,0.2865,17.8516,0.5147,0,9,LPLPAFQPL,0.931431,9,9,"1,3,8",1,True,4,-3,184.44444444444443,-2.103333333333333,1.4555555555555553,6.099999998230487,0.7322222222222223,0.0255555555555555,-0.1366666666666666,0.3944444444444444,>seq_49,LPLPAFQPL,17.8516,0.28190196677048557,3.50249223875953e-09
49,49,HLA-B5101,0,LPFLEEIL,LPFLEEIS,LPFLEEIL,LPF-LEEIL,8,0.3253,7.9863,0.25,0,8,LPFLEEIS,0.965566,8,8,"1,7",7,True,2,-2,195.0,-1.13,1.2625,3.613691325765103,0.59125,0.2549999999999999,0.0474999999999999,0.17625,>seq_50,LPFLEEIS-,7.9863,0.312049797778696,0.0
50,50,HLA-C0702,0,LRMDMLASF,LRMDMLAST,LRMDMLASF,LRMDMLASF,9,0.0843,5.8092,0.0188,0,9,LRMDMLAST,0.974278,9,9,"1,8",8,True,0,-2,97.77777777777776,0.8566666666666668,0.7999999999999998,6.338718596380204,0.3466666666666667,0.1055555555555555,-0.2044444444444444,-0.1977777777777777,>seq_51,LRMDMLAST,5.8092,0.0830766835364594,0.0
51,51,HLA-C0602,0,LRVQSLRDV,LRVQHLRDH,LRVQSLRDV,LRVQSLRDV,9,0.436,3.3802,0.7951,0,9,LRVQHLRDH,0.878138,9,9,"1,8","4,8",True,0,-4,151.11111111111111,3.286666666666667,-0.0888888888888888,10.397768874652684,-0.1644444444444444,0.1733333333333333,0.1633333333333333,0.0688888888888889,>seq_52,LRVQHLRDH,3.3802,0.3797619075794332,0.0
52,52,HLA-B5101,0,LSSITMPKI,LSSITMPKM,SSITMPKI,SSI-TMPKI,9,1.2595,3.9568,1.9205,1,8,SSITMPKM,0.978729,8,8,"1,7",7,True,3,1,97.5,0.3412499999999999,0.3874999999999999,9.700002531521022,0.1149999999999999,-0.1825,-0.22625,0.42,>seq_53,SSI-TMPKM,3.9568,0.8585850561059443,0.0
53,53,HLA-B5701,0,LSTWAGLKPSW,LSTWAGLKPSR,STWAGLKPSW,STWGLKPSW,11,0.0119,9.4941,0.6456,1,10,STWAGLKPSR,0.967437,10,10,"1,9",9,True,2,-3,49.0,0.259,-0.44,9.700002531521022,0.168,-0.253,-0.02,0.016,>seq_54,STWAGLPSR,9.4941,0.011885084420850844,0.0
54,54,HLA-B5701,0,LTAIQSFFF,LTAICLFFG,LTAIQSFFF,LTAIQSFFF,9,0.4438,5.2774,1.2749,0,9,LTAICLFFG,0.809796,9,9,"1,8","4,5,8",True,2,-8,97.77777777777776,-1.008888888888889,1.5,6.099999998230487,0.5966666666666667,0.0833333333333332,-0.5933333333333333,-0.1933333333333333,>seq_55,LTAICLFFG,28.5574,0.43690306820648933,0.0
55,55,HLA-B5701,0,LTLVPYTLVW,LTLVPYTLVR,LTLVPYTLVW,LTLPYTLVW,10,0.0188,2.3103,0.2768,0,10,LTLVPYTLVR,0.970898,10,10,"1,9",9,True,2,-3,175.0,-1.989,1.46,6.093198032584041,0.725,0.2099999999999999,-0.3979999999999999,0.105,>seq_56,LTLPYTLVR,12.7044,0.01877217971726331,0.0225166095766581
56,56,HLA-C1502,1,LVRRTLLHV,LVRRTLLHA,LVRRTLLHV,LVRRTLLHV,9,1.3372,7.6695,1.8239,0,9,LVRRTLLHA,0.984607,9,9,"1,8",8,True,4,0,194.44444444444443,1.5811111111111111,0.7666666666666666,12.50011018011719,0.21,0.3377777777777778,0.2777777777777778,0.0866666666666666,>seq_57,LVRRTLLHA,7.6695,1.104055226546711,0.0
57,57,HLA-B1801,0,MEGNGNGY,MEGNGNGH,MEGNGNGY,ME-GNGNGY,8,0.5057,4.1293,0.4393,0,8,MEGNGNGH,0.968885,8,8,"1,7",7,True,2,2,0.0,1.8825,-1.3875,3.8499827128835022,-0.2674999999999999,-0.86625,0.8225,-0.8500000000000001,>seq_58,MEG-NGNGH,4.1293,0.44376880342915265,0.0
58,58,HLA-A2501,1,NISEDVIFF,NISEDVIFS,NISEDVIFF,NISEDVIFF,9,0.2942,8.4263,0.2223,0,9,NISEDVIFS,0.972689,9,9,"0,1,8",8,True,2,-2,118.88888888888889,0.6366666666666667,0.8333333333333334,3.5500735570676625,0.2611111111111112,0.0666666666666666,-0.2433333333333333,-0.0888888888888888,>seq_59,NISEDVIFS,29.6667,0.2912824648511631,0.0
59,59,HLA-A0301,0,NLNQIGHQK,NLNQIGHQE,NLNQIGHQK,NLNQIGHQK,9,0.4144,16.84,0.3811,0,9,NLNQIGHQE,0.982444,9,9,"0,1,8",8,True,2,1,86.66666666666666,2.643333333333333,-1.4666666666666668,9.702001779340208,-0.341111111111111,-0.1422222222222222,0.6166666666666667,-0.4144444444444445,>seq_60,NLNQIGHQE,16.84,0.4042024133016627,0.0
60,60,HLA-B5101,1,PVKNLPQV,PVKNLPQM,PVKNLPQV,-PVKNLPQV,8,1.0429,3.3911,1.3715,0,8,PVKNLPQM,0.974742,8,8,"1,7",7,True,1,1,121.25,0.5912499999999998,-0.2375000000000001,9.700002531521022,0.0249999999999999,-0.05875,0.1725,0.67,>seq_61,-PVKNLPQM,3.3911,0.7221661938603993,5.89524745840161e-05
61,61,HLA-B5701,1,QSAHFRGW,QRAHFRGW,QSAHFRGW,QSA-HFRGW,8,0.5715,6.0439,0.5848,0,8,QRAHFRGW,0.939632,8,8,"0,1,7",1,True,6,-1,12.5,2.5575,-1.0875,10.551758703775704,-0.0699999999999999,-0.0637499999999999,0.1774999999999999,-0.21125,>seq_62,Q-RAHFRGW,6.0439,0.5174600175383444,0.0
62,62,HLA-A1101,0,QTFPRESCK,QNFPRESCK,QTFPRESCK,QTFPRESCK,9,0.1587,3.878,0.4471,0,9,QNFPRESCK,0.952145,9,9,"0,1,8",1,True,2,0,0.0,3.836666666666667,-1.4666666666666668,8.545125282369554,-0.43,0.0666666666666666,-0.1022222222222222,0.471111111111111,>seq_63,QNFPRESCK,3.878,0.1522054951005673,0.0
63,63,HLA-A3101,0,RANLSSQALR,RANLSSQALQ,RANLSSQALR,RANSSQALR,10,0.3855,12.5408,0.3115,0,10,RANLSSQALQ,0.988828,10,10,"0,9",9,True,2,1,98.0,3.536,-0.64,12.500109306536617,-0.3209999999999999,-0.183,0.273,-0.1529999999999999,>seq_64,RALSSQALQ,22.6812,0.3789478665149992,0.0
64,64,HLA-A0301,0,RAPAEPMAK,RAPAEPMAE,RAPAEPMAK,RAPAEPMAK,9,0.7542,26.7895,0.6402,0,9,RAPAEPMAE,0.984534,9,9,"0,1,8",8,True,2,1,33.33333333333333,2.1666666666666665,-0.8666666666666666,9.6950276857242,-0.2133333333333333,-0.2866666666666667,0.4088888888888888,0.6644444444444444,>seq_65,RAPAEPMAE,26.7895,0.7329671423505477,0.0
65,65,HLA-B5701,0,RASRLTSQM,RASRLTSQT,RASRLTSQM,RASRLTSQM,9,1.2199,11.9322,0.4293,0,9,RASRLTSQT,0.980195,9,9,"1,8",8,True,1,-1,54.44444444444444,3.963333333333333,-0.811111111111111,12.500109306536617,-0.3400000000000001,-0.0655555555555555,-0.0099999999999999,0.0088888888888888,>seq_66,RASRLTSQT,11.9322,1.0951823444125979,0.0
66,66,HLA-A3101,0,RHTIAPRNWR,RHTIAPRNWG,HTIAPRNWR,HTIAPRNWR,10,0.0443,16.1385,0.1038,1,9,HTIAPRNWG,0.961125,9,9,"0,1,8",8,True,6,-2,54.44444444444444,3.85,-1.4,12.50011018011719,-0.1733333333333333,0.2411111111111111,0.2744444444444444,0.4444444444444444,>seq_67,HTIAPRNWG,29.7037,0.044233931126425326,0.0
67,67,HLA-A1101,0,RMTATGSGK,RMTATGSGE,RMTATGSGK,RMTATGSGK,9,1.2724,33.5,0.7453,0,9,RMTATGSGE,0.986036,9,9,"0,1,8",8,True,2,1,11.11111111111111,2.5522222222222224,-0.8555555555555556,11.651775666512547,-0.3588888888888888,-0.7122222222222222,0.47,-0.2211111111111111,>seq_68,RMTATGSGE,33.5,1.2240715892537315,4.52679959335127e-07
68,68,HLA-A0301,0,RNTLNPMWNK,RNTLNPMWNE,RNTLNPMWNK,RTLNPMWNK,10,0.1365,9.5435,0.1218,0,10,RNTLNPMWNE,0.985045,10,10,"0,1,9",9,True,2,1,39.0,3.336,-1.64,11.651775666512547,-0.186,0.236,0.235,0.0359999999999999,>seq_69,RTLNPMWNE,9.5435,0.13454765023314297,0.0
69,69,HLA-A3101,0,RSPYWACKR,RSPYWACKG,RSPYWACKR,RSPYWACKR,9,0.5942,8.247,0.6899,0,9,RSPYWACKG,0.962401,9,9,"0,1,8",8,True,6,-2,11.11111111111111,3.723333333333333,-1.4666666666666666,10.456812216900287,-0.2355555555555555,0.3066666666666666,0.0199999999999999,0.38,>seq_70,RSPYWACKG,53.2353,0.5875676782135162,0.999999547320041
70,70,HLA-A1101,0,RSSTRPPAER,RSSTRPPAEM,SSTRPPAER,SSTRPPAER,10,0.6004,9.738,1.711,1,9,SSTRPPAEM,0.9741,9,9,"0,1,8",8,True,1,-1,11.11111111111111,4.912222222222223,-1.8000000000000005,10.397771482355893,-0.5788888888888889,-0.2733333333333333,0.1577777777777777,0.9922222222222222,>seq_71,SSTRPPAEM,10.8845,0.5672813303321237,0.999999547320253
71,71,HLA-A1101,1,RTSSTQQDNPK,RTSSTQQDNPQ,RTSSTQQDNPK,RTSSTQQPK,11,0.2968,8.976,1.9886,0,11,RTSSTQQDNPQ,0.992122,11,11,"0,1,10",10,True,2,1,0.0,5.35,-2.4545454545454546,9.695024739019573,-0.7727272727272727,-0.2018181818181818,0.0218181818181818,0.4054545454545454,>seq_72,RTSSTQNPQ,8.976,0.28698602495543674,0.0
72,72,HLA-C0501,1,SPDHKLHLF,SPHHKLHLF,SPDHKLHLF,SPDHKLHLF,9,0.1556,3.0965,0.3465,0,9,SPHHKLHLF,0.913101,9,9,"1,2,8",2,True,2,-1,86.66666666666666,1.5744444444444443,-0.6444444444444446,7.7129859095439315,0.0677777777777778,0.1266666666666666,0.1688888888888888,0.4688888888888888,>seq_73,SPHHKLHLF,3.0965,0.14778105603100272,0.500029476237291
73,73,HLA-B5101,0,SPTKALLSI,SPTKALLST,SPTKALLSI,SPTKALLSI,9,0.0685,4.3442,0.1567,0,9,SPTKALLST,0.983155,9,9,"1,8",8,True,3,-1,141.1111111111111,-0.1833333333333333,0.6777777777777777,9.700002531521022,0.1677777777777778,-0.3133333333333333,-0.03,0.2722222222222221,>seq_74,SPTKALLST,4.3442,0.06741988168132222,0.0
74,74,HLA-C0602,0,SRTSFRVANL,SKTSFRVANL,SRTSFRVANL,SRTSFRVAL,10,1.2394,1.5843,0.7218,0,10,SKTSFRVANL,0.983231,10,10,"0,1,9",1,True,2,2,78.0,3.2099999999999995,-0.22,12.500109306536617,-0.182,-0.078,0.0129999999999999,0.0139999999999999,>seq_75,SKTSFRVAL,9.9952,1.085714995197695,0.0
75,75,HLA-A2501,0,SSAWVQHADY,PSAWVQHADY,SSAWVQHADY,SSAWVQHAY,10,1.4945,3.5765,1.7697,0,10,PSAWVQHADY,0.980013,10,10,"0,1,9",0,True,4,-1,49.0,1.5870000000000002,-0.62,5.292197432834655,-0.071,-0.191,-0.2009999999999999,-0.1339999999999999,>seq_76,PSAWVQHAY,10.5857,1.2835049547975097,0.0
76,76,HLA-A1101,1,SSEDDGFFLGK,SSEDDGFFLGE,SSEDDGFFLGK,SSDGFFLGK,11,0.7154,9.842,1.6701,0,11,SSEDDGFFLGE,0.990959,11,11,"0,1,10",10,True,2,1,35.45454545454545,2.1672727272727275,-0.6727272727272727,3.8760120566003033,-0.1809090909090908,-0.4672727272727272,0.2509090909090908,-0.2009090909090909,>seq_77,SSDGFFLGE,27.0,0.6964445496296298,0.0
77,77,HLA-C1502,0,SSIRLPEPV,SSTRLPEPV,SSIRLPEPV,SSIRLPEPV,9,0.9664,2.1219,1.7848,0,9,SSTRLPEPV,0.94597,9,9,"1,8",2,False,3,-1,118.88888888888889,1.627777777777778,-0.0333333333333333,6.410149741452187,-0.0177777777777777,-0.1455555555555555,0.0255555555555555,0.8233333333333333,>seq_78,SSTRLPEPV,2.1219,0.5262619350582025,0.999941047525418
78,78,HLA-A3101,1,SSQLAQIQR,SSQLAQIQC,SSQLAQIQR,SSQLAQIQR,9,0.1877,28.5667,0.2415,0,9,SSQLAQIQC,0.963089,9,9,"0,1,8",8,True,2,-3,97.77777777777776,2.9655555555555555,-0.7222222222222222,10.550002220086752,-0.3233333333333333,-0.1166666666666666,-0.0333333333333333,-0.1566666666666666,>seq_79,SSQLAQIQC,28.5667,0.1864667007389723,0.0
79,79,HLA-B5701,1,STALRLTAF,SRALRLTAF,STALRLTAF,STALRLTAF,9,1.0889,2.787,0.6356,0,9,SRALRLTAF,0.957451,9,9,"1,8",1,True,2,-1,108.88888888888889,0.7799999999999999,0.8111111111111111,10.550002220086752,0.1911111111111111,-0.2166666666666666,-0.1522222222222222,-0.0755555555555555,>seq_80,SRALRLTAF,15.3333,1.0115713616768731,3.47580404973379e-09
80,80,HLA-B5101,0,TATYDLVSSI,TATYDLVSST,TATYDLVSSI,TAYDLVSSI,10,0.5975,11.8147,0.2949,0,10,TATYDLVSST,0.987232,10,10,"0,1,4,9",9,True,3,-1,117.0,0.5110000000000001,0.65,3.7499869628809392,0.098,-0.3340000000000001,-0.375,-0.0219999999999999,>seq_81,TAYDLVSST,11.8147,0.5672828764166674,0.0
81,81,HLA-A3101,0,TQAHHALLR,TQAHHALLQ,TQAHHALLR,TQAHHALLR,9,0.5217,23.3729,0.491,0,9,TQAHHALLQ,0.983649,9,9,"0,1,8",8,True,2,1,108.88888888888889,2.098888888888889,-0.4333333333333334,10.553501105867326,-0.0677777777777777,-0.0411111111111111,0.3388888888888888,-0.0099999999999999,>seq_82,TQAHHALLQ,23.3729,0.5100552794047808,0.0
82,82,HLA-B5701,0,TSKDPVGRNWC,TGKDPVGRNWC,TSKDPVGRNW,TSKPVGRNW,11,0.0479,0.4278,1.3349,0,10,TGKDPVGRNW,0.968758,10,10,"1,9",1,True,2,0,29.0,3.4490000000000003,-1.56,9.695024739019573,-0.351,-0.197,0.2829999999999999,0.256,>seq_83,TGDPVGRNW,0.4278,0.04253672276764843,2.0491933110931699e-13
83,83,HLA-B5701,1,TSLPQTQGL,TSLPQTQGP,TSLPQTQGL,TSLPQTQGL,9,1.7705,9.9595,0.9547,0,9,TSLPQTQGP,0.966509,9,9,"1,8",8,True,4,-3,86.66666666666666,0.982222222222222,-0.4000000000000001,6.099999998230487,-0.0588888888888888,-0.4688888888888888,-0.0711111111111111,0.1166666666666666,>seq_84,TSLPQTQGP,9.9595,1.45575827099754,0.0
84,84,HLA-A2501,0,TVGESSKSSY,TFGESSKSSY,TVGESSKSSY,TVGESSSSY,10,0.9688,5.0316,1.4734,0,10,TFGESSKSSY,0.972638,10,10,"0,1,9",1,True,2,-1,29.0,2.369,-0.8800000000000001,6.40200117090717,-0.4199999999999999,-0.5660000000000001,-3.3306690738754695e-17,-0.091,>seq_85,TFGESSSSY,5.0316,0.7822642181413467,0.0
85,85,HLA-A3101,0,VARASHRQQR,VARASHRQQG,VARASHRQQR,VAASHRQQR,10,1.0792,15.5509,1.4176,0,10,VARASHRQQG,0.97914,10,10,"0,9",9,True,6,-2,49.0,5.6240000000000006,-1.67,12.801071322523056,-0.637,0.0509999999999999,0.427,0.144,>seq_86,VARASHQQG,71.0,1.0627961599999998,0.0
86,86,HLA-B5101,0,VPPDQLPL,VPPDQLPP,VPPDQLPL,VPPDQLP-L,8,0.6322,8.1384,0.8767,0,8,VPPDQLPP,0.949172,8,8,"1,7",7,True,4,-3,133.75,0.0475000000000001,0.0,3.749987360555679,0.25375,-0.1475,-0.1025,1.195,>seq_87,VPPDQLP-P,8.1384,0.5830899980340116,0.0
87,87,HLA-A0101,1,VTLGHGLPELY,VTLGHGLPELH,VTLGHGLPELY,VTLGHGLLY,11,0.2997,4.5801,0.3322,0,11,VTLGHGLPELH,0.985908,11,11,"1,10",10,True,2,2,132.72727272727272,-0.5909090909090909,0.4090909090909091,5.363445803988725,0.3018181818181818,-0.3418181818181818,0.3563636363636364,-0.0427272727272727,>seq_88,VTLGHGLLH,4.5801,0.28008905482413055,0.0
88,88,HLA-A2501,0,WIFPYFFEF,WIFPYFFES,WIFPYFFEF,WIFPYFFEF,9,1.0449,33.25,0.9854,0,9,WIFPYFFES,0.972411,9,9,"0,1,8",8,True,2,-2,43.33333333333333,-1.3577777777777778,0.9333333333333332,3.8499827128835022,0.9444444444444444,0.7444444444444445,-0.7477777777777779,0.1422222222222222,>seq_89,WIFPYFFES,33.25,1.0120634282706766,6.16331420881316e-13
89,89,HLA-A2501,0,YGYGGLGCGY,CGYGGLGCGY,YGYGGLGCGY,YGYGGLGGY,10,4.4309,11.5488,1.6152,0,10,CGYGGLGCGY,0.970269,10,10,"0,1,9",0,True,2,-2,39.0,-1.0479999999999996,0.0399999999999999,5.9135543233715,0.237,-0.974,0.5639999999999998,-0.907,>seq_90,CGYGGLGCY,15.1758,3.1372037988112655,0.999999999999998
90,90,HLA-A0201,0,YLFSREKMYL,YPFSREKMYL,YLFSREKMYL,YLFSEKMYL,10,0.1231,15.8044,0.1491,0,10,YPFSREKMYL,0.950637,10,10,"0,1,2,4,9",1,True,4,-3,78.0,1.5790000000000002,-0.3,9.145097539760172,0.1980000000000001,0.542,-0.075,-0.207,>seq_91,YPFSEKMYL,15.8044,0.12214117777327832,0.0
91,91,HLA-C0602,0,YLKPKGPQSL,YLKPKGPQSP,LKPKGPQSL,LKPKGPQSL,10,0.4029,6.2252,1.0683,1,9,LKPKGPQSP,0.967494,9,9,"1,8",8,True,4,-3,86.66666666666666,1.028888888888889,-0.8999999999999998,10.805379563011227,-0.1122222222222221,-0.2666666666666666,0.4677777777777778,0.5,>seq_92,LKPKGPQSP,20.8158,0.39510167324820566,0.0225161770524397
92,92,HLA-C0602,0,YRNWYTDEPF,YRNWYTDEPS,YRNWYTDEPF,YRNWYTDEF,10,2.2357,9.2996,0.7752,0,10,YRNWYTDEPS,0.976475,10,10,"0,1,9",9,True,2,-2,0.0,3.463,-1.8,4.184406020212919,-0.0669999999999999,0.4599999999999999,-0.227,0.247,>seq_93,YRNWYTDES,33.4286,2.08617670288316,1.5734275536184001e-15
93,93,HLA-C0501,0,YSESGVQL,DSESGVQL,YSESGVQL,YSE-SGVQL,8,0.1432,2.5508,1.0418,0,8,DSESGVQL,0.951424,8,8,"1,2,7",0,False,2,-3,85.0,1.17375,-0.2875000000000001,3.8499827128835022,-0.11875,-0.39125,0.0399999999999999,-0.3350000000000001,>seq_94,DSE-SGVQL,2.5508,0.1351608593382468,0.0
