Peptide,Gene Symbols,Total Peptide TPM,Median Peptide TPM,Max Peptide TPM,Total Scaled Peptide TPM,Median Scaled Peptide TPM,Max Scaled Peptide TPM,Total Gene TPM,Median Gene TPM,Max Gene TPM,Gene ENSG IDs,Gene TPMs,Peptide TPMs,Scaled Peptide TPMs,Proteins Encoded by Gene,Proteins Containing Peptide (per Gene),Fraction of Proteins Containing Peptide (per Gene),Gene Mean Occurrences per Protein
IYMNIMLAF,MT-ND4L,5611.22,5611.22,5611.22,5611.22,5611.22,5611.22,5611.22,5611.225,5611.22,ENSG00000212907,5611.22,5611.220,5611.220,1,1,1.000,1.000
YVRSKGRKF,RPL18,1848.83,1848.83,1848.83,1233.17,1233.17,1233.17,1848.83,1848.834,1848.83,ENSG00000063177,1848.83,1848.830,1233.170,9,6,0.667,1.000
YVTTSTRTY,VIM,579.434,579.434,579.434,482.669,482.669,482.669,579.434,579.434,579.434,ENSG00000026025,579.434,579.434,482.669,6,5,0.833,1.000
YYFTYDPWI,SAT1,372.707,372.707,372.707,248.596,248.596,248.596,372.707,372.707,372.707,ENSG00000130066,372.707,372.707,248.596,3,2,0.667,1.000
HWHTVAKET,APP,329.812,329.812,329.812,296.831,296.831,296.831,329.812,329.812,329.812,ENSG00000142192,329.812,329.812,296.831,10,9,0.900,1.000
YYYVGFAYL,EIF3L,319.44,319.44,319.44,159.72,159.72,159.72,319.44,319.44,319.44,ENSG00000100129,319.44,319.440,159.720,10,5,0.500,1.000
YQRMLVVLL,ANXA5,235.437,235.437,235.437,188.35,188.35,188.35,235.437,235.437,235.437,ENSG00000164111,235.437,235.437,188.350,5,4,0.800,1.000
YVYRLCPFK,PRKCSH,223.278,223.278,223.278,111.639,111.639,111.639,223.278,223.278,223.278,ENSG00000130175,223.278,223.278,111.639,12,6,0.500,1.000
YVGNLGNNGNK,SRSF3,212.07,212.07,212.07,212.07,212.07,212.07,212.07,212.07,212.07,ENSG00000112081,212.07,212.070,212.070,4,4,1.000,1.000
YLNQLLQE,PSME2,202.223,202.223,202.223,86.754,86.754,86.754,202.223,202.223,202.223,ENSG00000100911,202.223,202.223,86.754,7,3,0.429,1.000
YYPSYPPSY,SARAF,165.467,165.467,165.467,60.23,60.23,60.23,165.467,165.467,165.467,ENSG00000133872,165.467,165.467,60.230,11,4,0.364,1.000
YVLRGSCGL,SARAF,165.467,165.467,165.467,75.287,75.287,75.287,165.467,165.467,165.467,ENSG00000133872,165.467,165.467,75.287,11,5,0.455,1.000
YVTMGSGSL,PSMB7,151.073,151.073,151.073,75.537,75.537,75.537,151.073,151.073,151.073,ENSG00000136930,151.073,151.073,75.537,2,1,0.500,1.000
YQCLWDMQA,DYNC1H1,143.42,143.42,143.42,134.528,134.528,134.528,143.42,143.42,143.42,ENSG00000197102,143.42,143.420,134.528,32,30,0.938,1.000
YVGWAASGLL,CLDN4,131.699,131.699,131.699,131.699,131.699,131.699,131.699,131.699,131.699,ENSG00000189143,131.699,131.699,131.699,3,3,1.000,1.000
YWLTFHLV,YIF1B;YIF1A,126.773,63.387,84.261,59.317,29.659,36.148,126.773,63.387,84.2614,ENSG00000167645;ENSG00000174851,42.5121;84.2614,42.512;84.261,23.169;36.148,11;7,6;3,0.545;0.429,1.000;1.000
YYFPVKNVI,SF3B3,125.097,125.097,125.097,17.889,17.889,17.889,125.097,125.097,125.097,ENSG00000189091,125.097,125.097,17.889,7,1,0.143,1.000
YVKAGSVPS,TMEM14C,119.793,119.793,119.793,119.793,119.793,119.793,119.793,119.793,119.793,ENSG00000111843,119.793,119.793,119.793,2,2,1.000,1.000
YYELIRKPVDF,SMARCA2;SMARCA4,109.933,54.967,71.363,75.665,37.833,53.95,109.933,54.966,71.3628,ENSG00000080503;ENSG00000127616,38.5698;71.3628,38.570;71.363,21.715;53.950,48;41,27;31,0.563;0.756,1.000;1.000
YYQYHRDTW,CRTAP,103.15,103.15,103.15,103.15,103.15,103.15,103.15,103.15,103.15,ENSG00000170275,103.15,103.150,103.150,2,2,1.000,1.000
YVPEHWEYY,NDUFB5,95.003,95.003,95.003,63.367,63.367,63.367,95.0029,95.003,95.0029,ENSG00000136521,95.0029,95.003,63.367,9,6,0.667,1.000
YVLEALRKP,CNOT1,94.753,94.753,94.753,33.827,33.827,33.827,94.753,94.753,94.753,ENSG00000125107,94.753,94.753,33.827,14,5,0.357,1.000
GIHLYFTHL,C1S,90.134,90.134,90.134,70.124,70.124,70.124,90.134,90.134,90.134,ENSG00000182326,90.134,90.134,70.124,9,7,0.778,1.000
YWAKDIVFL,GPAA1,85.77,85.77,85.77,42.885,42.885,42.885,85.7699,85.77,85.7699,ENSG00000197858,85.7699,85.770,42.885,8,4,0.500,1.000
YYHARVYEF,PSMD3,77.081,77.081,77.081,51.413,51.413,51.413,77.0808,77.081,77.0808,ENSG00000108344,77.0808,77.081,51.413,3,2,0.667,1.000
YYSIPFPTP,UBAP2L,75.893,75.893,75.893,44.246,44.246,44.246,75.8933,75.893,75.8933,ENSG00000143569,75.8933,75.893,44.246,12,7,0.583,1.000
MVSRVMKAL,SSRP1,74.162,74.162,74.162,18.541,18.541,18.541,74.1616,74.162,74.1616,ENSG00000149136,74.1616,74.162,18.541,4,1,0.250,1.000
YYWAPLAQH,CTNND1,73.563,73.563,73.563,66.207,66.207,66.207,73.5626,73.563,73.5626,ENSG00000198561,73.5626,73.563,66.207,40,36,0.900,1.000
YVHYFFGCR,QSOX1,73.171,73.171,73.171,36.586,36.586,36.586,73.171,73.171,73.171,ENSG00000116260,73.171,73.171,36.586,4,2,0.500,1.000
YVHRIGRTGRV,DDX3Y;DDX3X,70.48,35.24,70.239,49.499,24.75,49.378,70.48,35.24,70.239,ENSG00000067048;ENSG00000215301,0.240999;70.239,0.241;70.239,0.121;49.378,4;37,2;26,0.500;0.703,1.000;1.000
YGSHSEVQH,CAMTA1,66.741,66.741,66.741,6.674,6.674,6.674,66.7409,66.741,66.7409,ENSG00000171735,66.7409,66.741,6.674,10,1,0.100,1.000
YYTHPFQGY,ADAR,66.34,66.34,66.34,23.219,23.219,23.219,66.3397,66.34,66.3397,ENSG00000160710,66.3397,66.340,23.219,20,7,0.350,1.000
YYKATEPVI,AK1,63.593,63.593,63.593,38.156,38.156,38.156,63.5932,63.593,63.5932,ENSG00000106992,63.5932,63.593,38.156,5,3,0.600,1.000
YYDEYLKQV,NUCB2,62.03,62.03,62.03,39.885,39.885,39.885,62.0302,62.03,62.0302,ENSG00000070081,62.0302,62.030,39.885,14,9,0.643,1.000
YPFPPVPTV,ATN1,60.64,60.64,60.64,60.64,60.64,60.64,60.6401,60.64,60.6401,ENSG00000111676,60.6401,60.640,60.640,2,2,1.000,1.000
YVGSRPIKL,RBM42,59.45,59.45,59.45,59.45,59.45,59.45,59.4498,59.45,59.4498,ENSG00000126254,59.4498,59.450,59.450,6,6,1.000,1.000
YVMSGPAWQLM,ODC1,59.429,59.429,59.429,39.639,39.639,39.639,59.4292,59.429,59.4292,ENSG00000115758,59.4292,59.429,39.639,3,2,0.667,1.000
YVWAMDLRPEL,PIEZO1,56.161,56.161,56.161,9.379,9.379,9.379,56.1611,56.161,56.1611,ENSG00000103335,56.1611,56.161,9.379,6,1,0.167,1.000
YVIQKFFEF,PUM2;PUM1,55.843,27.922,29.411,27.179,13.59,16.15,55.8431,27.922,29.4113,ENSG00000055917;ENSG00000134644,29.4113;26.4317,29.411;26.432,11.029;16.150,8;18,3;11,0.375;0.611,1.000;1.000
YLGFTVFPT,CLK1,51.439,51.439,51.439,30.863,30.863,30.863,51.4393,51.439,51.4393,ENSG00000013441,51.4393,51.439,30.863,5,3,0.600,1.000
YYMGFRQNQ,SMN1;SMN2,49.063,24.532,25.062,25.612,12.806000000000001,13.081,49.0621,24.531,25.0615,ENSG00000172062;ENSG00000205571,25.0615;24.0006,25.062;24.001,12.531;13.081,8;11,4;6,0.500;0.545,1.000;1.000
YRVTGDRKY,MAN1B1,45.541,45.541,45.541,16.576999999999998,16.576999999999998,16.576999999999998,45.5412,45.541,45.5412,ENSG00000177239,45.5412,45.541,16.577,22,8,0.364,1.000
EEAGVKGKL,NUDT10;NUDT4;NUDT4B;NUDT11,44.923,3.9210000000000003,36.72,44.923,3.9210000000000003,36.72,44.9233,3.9210000000000003,36.7201,ENSG00000122824;ENSG00000173598;ENSG00000177144;ENSG00000196368,0.361007;36.7201;7.16119;0.680987,0.361;36.720;7.161;0.681,0.361;36.720;7.161;0.681,2;7;1;1,2;7;1;1,1.000;1.000;1.000;1.000,1.000;1.000;1.000;1.000
YWSDVRTQA,LRP1,44.53,44.53,44.53,7.437,7.437,7.437,44.5298,44.53,44.5298,ENSG00000123384,44.5298,44.530,7.437,6,1,0.167,1.000
YYHKASDQL,TOMM40,44.342,44.342,44.342,31.66,31.66,31.66,44.3419,44.342,44.3419,ENSG00000130204,44.3419,44.342,31.660,7,5,0.714,1.000
YTANQMVNV,MAN2C1,44.06,44.06,44.06,16.963,16.963,16.963,44.0601,44.06,44.0601,ENSG00000140400,44.0601,44.060,16.963,13,5,0.385,1.000
GVIWPCTFP,ELOVL5,43.941,43.941,43.941,21.971,21.971,21.971,43.9411,43.941,43.9411,ENSG00000012660,43.9411,43.941,21.971,4,2,0.500,1.000
YWGGPAFL,SQOR,43.832,43.832,43.832,10.958,10.958,10.958,43.8316,43.832,43.8316,ENSG00000137767,43.8316,43.832,10.958,8,2,0.250,1.000
DKDGNLRPW,ECE1,43.201,43.201,43.201,28.815,28.815,28.815,43.2012,43.201,43.2012,ENSG00000117298,43.2012,43.201,28.815,9,6,0.667,1.000
YVLEGVPHQ,INPPL1,42.562,42.562,42.562,9.449,9.449,9.449,42.5622,42.562,42.5622,ENSG00000165458,42.5622,42.562,9.449,9,2,0.222,1.000
AVLNVALRV,RNF145,38.482,38.482,38.482,38.482,38.482,38.482,38.481700000000004,38.482,38.481700000000004,ENSG00000145860,38.4817,38.482,38.482,7,7,1.000,1.000
RVPVQEKTNLA,TSC2,36.922,36.922,36.922,20.935,20.935,20.935,36.9218,36.922,36.9218,ENSG00000103197,36.9218,36.922,20.935,30,17,0.567,1.000
YVVAVGLEC,ELP2,36.172,36.172,36.172,16.711,16.711,16.711,36.172,36.172,36.172,ENSG00000134759,36.172,36.172,16.711,13,6,0.462,1.000
YVLHSVDL,SYVN1,36.052,36.052,36.052,27.039,27.039,27.039,36.0518,36.052,36.0518,ENSG00000162298,36.0518,36.052,27.039,8,6,0.750,1.000
YVNGGDLMF,PRKCZ;PRKCI;PRKCE,35.943,14.661,17.941,19.757,3.983,14.661,35.9431,14.661,17.9411,ENSG00000067606;ENSG00000163558;ENSG00000171132,17.9411;14.6609;3.34105,17.941;14.661;3.341,3.983;14.661;1.113,18;1;3,4;1;1,0.222;1.000;0.333,1.000;1.000;1.000
YVIRHLIQE,TTC3,35.771,35.771,35.771,25.254,25.254,25.254,35.7705,35.771,35.7705,ENSG00000182670,35.7705,35.771,25.254,17,12,0.706,1.000
VTGPRVEEA,QTRT1,35.612,35.612,35.612,23.753,23.753,23.753,35.6122,35.612,35.6122,ENSG00000213339,35.6122,35.612,23.753,6,4,0.667,1.000
LVKSFTTTL,SLC6A8,35.09,35.09,35.09,11.685,11.685,11.685,35.0903,35.09,35.0903,ENSG00000130821,35.0903,35.090,11.685,6,2,0.333,1.000
YWNSQKDFL,HLA-DRB5,34.85,34.85,34.85,34.85,34.85,34.85,34.8503,34.85,34.8503,ENSG00000198502,34.8503,34.850,34.850,1,1,1.000,1.000
YGDRKVHHM,DROSHA,34.802,34.802,34.802,17.401,17.401,17.401,34.802,34.802,34.802,ENSG00000113360,34.802,34.802,17.401,6,3,0.500,1.000
YVHDYYVL,DGAT1,34.06,34.06,34.06,17.03,17.03,17.03,34.0598,34.06,34.0598,ENSG00000185000,34.0598,34.060,17.030,2,1,0.500,1.000
HVICLAEEF,SLX1A;SLX1B,33.482,16.741,25.011,22.332,11.166,16.682,33.482,16.741,25.0112,ENSG00000132207;ENSG00000181625,25.0112;8.47081,25.011;8.471,16.682;5.650,3;3,2;2,0.667;0.667,1.000;1.000
YVLDDLIVA,EXOC3,32.591,32.591,32.591,26.073,26.073,26.073,32.591,32.591,32.591,ENSG00000180104,32.591,32.591,26.073,5,4,0.800,1.000
YYAQSSLDL,NUP85,31.551,31.551,31.551,10.506,10.506,10.506,31.5507,31.551,31.5507,ENSG00000125450,31.5507,31.551,10.506,15,5,0.333,1.000
YYVWLQHTL,CFLAR,31.442,31.442,31.442,6.98,6.98,6.98,31.4415,31.442,31.4415,ENSG00000003402,31.4415,31.442,6.980,18,4,0.222,1.000
YKVYLGDIP,ECPAS,31.361,31.361,31.361,20.918,20.918,20.918,31.361,31.361,31.361,ENSG00000136813,31.361,31.361,20.918,6,4,0.667,1.000
YLAEVMVRL,SLC41A3,30.671,30.671,30.671,9.017,9.017,9.017,30.6709,30.671,30.6709,ENSG00000114544,30.6709,30.671,9.017,17,5,0.294,1.000
FEVVQKLKF,CPNE3,30.4,30.4,30.4,22.8,22.8,22.8,30.4,30.4,30.4,ENSG00000085719,30.4,30.400,22.800,8,6,0.750,1.000
YYQILGVPR,DNAJA3,29.901,29.901,29.901,12.828,12.828,12.828,29.9005,29.901,29.9005,ENSG00000103423,29.9005,29.901,12.828,7,3,0.429,1.000
YYKGLSKTL,COP1,29.781,29.781,29.781,9.917,9.917,9.917,29.7806,29.781,29.7806,ENSG00000143207,29.7806,29.781,9.917,9,3,0.333,1.000
YLQSTQAI,SETD3,29.532,29.532,29.532,12.669,12.669,12.669,29.5319,29.532,29.5319,ENSG00000183576,29.5319,29.532,12.669,7,3,0.429,1.000
YYQTLHLM,RIOK3,28.84,28.84,28.84,17.304,17.304,17.304,28.84,28.84,28.84,ENSG00000101782,28.84,28.840,17.304,5,3,0.600,1.000
YVSEHCTNT,TNFRSF21,28.1,28.1,28.1,28.1,28.1,28.1,28.1,28.1,28.1,ENSG00000146072,28.1,28.100,28.100,1,1,1.000,1.000
AWKDTAQLHK,ATP13A2,27.831,27.831,27.831,19.482,19.482,19.482,27.8306,27.831,27.8306,ENSG00000159363,27.8306,27.831,19.482,10,7,0.700,1.000
YVFFTTSV,NIPA2,27.141,27.141,27.141,22.201,22.201,22.201,27.141,27.141,27.141,ENSG00000140157,27.141,27.141,22.201,11,9,0.818,1.000
YVQSGMMMS,NIPBL,26.751,26.751,26.751,20.063,20.063,20.063,26.7506,26.751,26.7506,ENSG00000164190,26.7506,26.751,20.063,4,3,0.750,1.000
YLTNQEKA,PIK3C3,26.371,26.371,26.371,6.593,6.593,6.593,26.3714,26.371,26.3714,ENSG00000078142,26.3714,26.371,6.593,8,2,0.250,1.000
KVLRSFDSM,GSR,26.2,26.2,26.2,8.725,8.725,8.725,26.2001,26.2,26.2001,ENSG00000104687,26.2001,26.200,8.725,6,2,0.333,1.000
YYAYLPAK,TMEM63B,25.641,25.641,25.641,17.103,17.103,17.103,25.6413,25.641,25.6413,ENSG00000137216,25.6413,25.641,17.103,6,4,0.667,1.000
YVLHEGECC,VWF,25.48,25.48,25.48,8.485,8.485,8.485,25.4801,25.48,25.4801,ENSG00000110799,25.4801,25.480,8.485,3,1,0.333,1.000
FWICATLVF,YIPF1,25.471,25.471,25.471,16.989,16.989,16.989,25.4713,25.471,25.4713,ENSG00000058799,25.4713,25.471,16.989,3,2,0.667,1.000
YIHDLSDLI,SRGAP2C;SRGAP2B;SRGAP1;SRGAP2,25.444,4.676,13.361,14.975,3.236,6.681,25.4443,4.676,13.3614,ENSG00000171943;ENSG00000196369;ENSG00000196935;ENSG00000266028,3.59104;5.76092;2.73094;13.3614,3.591;5.761;2.731;13.361,3.591;2.881;1.822;6.681,2;4;3;8,2;2;2;4,1.000;0.500;0.667;0.500,1.000;1.000;1.000;1.000
YWLPGDEIDW,ZMYND11,25.301,25.301,25.301,13.485,13.485,13.485,25.3006,25.301,25.3006,ENSG00000015171,25.3006,25.301,13.485,15,8,0.533,1.000
YYVKFLSL,CPVL,25.062,25.062,25.062,9.123,9.123,9.123,25.0615,25.061,25.0615,ENSG00000106066,25.0615,25.062,9.123,11,4,0.364,1.000
YWRDKLDTV,USP4,24.402,24.402,24.402,14.641,14.641,14.641,24.4015,24.402,24.4015,ENSG00000114316,24.4015,24.402,14.641,5,3,0.600,1.000
VVMDVSLSM,INTS14,24.041,24.041,24.041,11.227,11.227,11.227,24.0406,24.041,24.0406,ENSG00000138614,24.0406,24.041,11.227,15,7,0.467,1.000
YCILAGSLV,SLC30A9,23.692,23.692,23.692,11.846,11.846,11.846,23.6915,23.692,23.6915,ENSG00000014824,23.6915,23.692,11.846,2,1,0.500,1.000
YDNRIRMY,UBE3A,23.551,23.551,23.551,12.765,12.765,12.765,23.5507,23.551,23.5507,ENSG00000114062,23.5507,23.551,12.765,24,13,0.542,1.000
VHDNQILI,DHX8,23.43,23.43,23.43,11.715,11.715,11.715,23.4302,23.43,23.4302,ENSG00000067596,23.4302,23.430,11.715,6,3,0.500,1.000
YVEDYEQGL,P2RX4,22.651,22.651,22.651,9.717,9.717,9.717,22.651,22.651,22.651,ENSG00000135124,22.651,22.651,9.717,7,3,0.429,1.000
YVVDLKKF,UGGT2;UGGT1,22.292,11.146,14.581,4.458,2.229,2.916,22.2917,11.146,14.5808,ENSG00000102595;ENSG00000136731,7.7109;14.5808,7.711;14.581,1.542;2.916,5;5,1;1,0.200;0.200,1.000;1.000
AVLAVIGGI,HERC2,22.28,22.28,22.28,5.57,5.57,5.57,22.2803,22.28,22.2803,ENSG00000128731,22.2803,22.280,5.570,4,1,0.250,1.000
YYSMDQRGQ,R3HDM2,22.081,22.081,22.081,17.179,17.179,17.179,22.0805,22.08,22.0805,ENSG00000179912,22.0805,22.081,17.179,9,7,0.778,1.000
YYSNSLRSV,INPP5K,21.901,21.901,21.901,4.687,4.687,4.687,21.9006,21.901,21.9006,ENSG00000132376,21.9006,21.901,4.687,14,3,0.214,1.000
SEEEAVTLI,VCAN,21.781,21.781,21.781,9.344,9.344,9.344,21.781,21.781,21.781,ENSG00000038427,21.781,21.781,9.344,7,3,0.429,1.000
YVDSSHTIPL,VCAN,21.781,21.781,21.781,9.344,9.344,9.344,21.781,21.781,21.781,ENSG00000038427,21.781,21.781,9.344,7,3,0.429,1.000
YVNIYGLKI,WASHC5,21.601,21.601,21.601,14.408,14.408,14.408,21.6006,21.601,21.6006,ENSG00000164961,21.6006,21.601,14.408,3,2,0.667,1.000
YWKDIAIAQ,MORC2,21.551,21.551,21.551,8.62,8.62,8.62,21.5513,21.551,21.5513,ENSG00000133422,21.5513,21.551,8.620,5,2,0.400,1.000
YYRVNIGEV,PRPF4B,20.541,20.541,20.541,20.541,20.541,20.541,20.5405,20.541,20.5405,ENSG00000112739,20.5405,20.541,20.541,3,3,1.000,1.000
YVNFVNHCY,ITPR3;ITPR2,20.372,10.186,15.651,16.831,8.416,15.651,20.3722,10.186,15.6512,ENSG00000096433;ENSG00000123104,15.6512;4.72102,15.651;4.721,15.651;1.180,2;4,2;1,1.000;0.250,1.000;1.000
YVDDPPRI,GCHFR,20.27,20.27,20.27,13.52,13.52,13.52,20.2704,20.27,20.2704,ENSG00000137880,20.2704,20.270,13.520,6,4,0.667,1.000
VTVMQNNPL,NCK1,20.231,20.231,20.231,6.737,6.737,6.737,20.2311,20.231,20.2311,ENSG00000158092,20.2311,20.231,6.737,9,3,0.333,1.000
YVPVKGDHV,EXOSC3,20.111,20.111,20.111,16.089,16.089,16.089,20.1108,20.111,20.1108,ENSG00000107371,20.1108,20.111,16.089,5,4,0.800,1.000
DVSPVKINQI,VPS41,20.001,20.001,20.001,11.121,11.121,11.121,20.001,20.001,20.001,ENSG00000006715,20.001,20.001,11.121,9,5,0.556,1.000
QTLSLKQL,SMC3,19.791,19.791,19.791,19.791,19.791,19.791,19.7914,19.791,19.7914,ENSG00000108055,19.7914,19.791,19.791,1,1,1.000,1.000
YVHKVVDNK,USP48,19.551,19.551,19.551,7.82,7.82,7.82,19.5514,19.551,19.5514,ENSG00000090686,19.5514,19.551,7.820,10,4,0.400,1.000
RVVVKEGQM,MYLK,19.261,19.261,19.261,5.412,5.412,5.412,19.2609,19.261,19.2609,ENSG00000065534,19.2609,19.261,5.412,32,9,0.281,1.000
YQNQPYCL,SOS2;SOS1,19.082,9.541,9.951,10.455,5.228,5.479,19.0819,9.541,9.95071,ENSG00000100485;ENSG00000115904,9.95071;9.13117,9.951;9.131,4.976;5.479,4;10,2;6,0.500;0.600,1.000;1.000
TVSGKPGTP,ELK1,18.601,18.601,18.601,12.407,12.407,12.407,18.6009,18.601,18.6009,ENSG00000126767,18.6009,18.601,12.407,3,2,0.667,1.000
YVLYPLDLY,CYFIP2,18.511,18.511,18.511,9.256,9.256,9.256,18.5109,18.511,18.5109,ENSG00000055163,18.5109,18.511,9.256,12,6,0.500,1.000
VRLMAPFNM,YJU2,18.511,18.511,18.511,9.256,9.256,9.256,18.5109,18.511,18.5109,ENSG00000105248,18.5109,18.511,9.256,2,1,0.500,1.000
LVRLEEEQKL,LSG1,18.432,18.432,18.432,12.294,12.294,12.294,18.4315,18.431,18.4315,ENSG00000041802,18.4315,18.432,12.294,3,2,0.667,1.000
VINAIPPTL,MAOA,18.261,18.261,18.261,18.261,18.261,18.261,18.2611,18.261,18.2611,ENSG00000189221,18.2611,18.261,18.261,6,6,1.000,1.000
YVSQALLF,SLC12A9,17.642,17.642,17.642,7.568,7.568,7.568,17.6415,17.641,17.6415,ENSG00000146828,17.6415,17.642,7.568,7,3,0.429,1.000
YVKRPGAAL,ACACA,17.591,17.591,17.591,5.031,5.031,5.031,17.5914,17.591,17.5914,ENSG00000278540,17.5914,17.591,5.031,14,4,0.286,1.000
YYRAKGNVEA,FBXO22,17.571,17.571,17.571,4.393,4.393,4.393,17.5707,17.571,17.5707,ENSG00000167196,17.5707,17.571,4.393,8,2,0.250,1.000
YVLEPIYAK,TMEM218,17.471,17.471,17.471,11.234,11.234,11.234,17.4711,17.471,17.4711,ENSG00000150433,17.4711,17.471,11.234,14,9,0.643,1.000
YVQLMPALV,TIMM10B,17.322,17.322,17.322,17.322,17.322,17.322,17.3216,17.322,17.3216,ENSG00000132286,17.3216,17.322,17.322,4,4,1.000,1.000
PVPPRPPAA,PTPN23,17.071,17.071,17.071,5.6850000000000005,5.6850000000000005,5.6850000000000005,17.0713,17.071,17.0713,ENSG00000076201,17.0713,17.071,5.685,3,1,0.333,1.000
VWDYTDHVW,NGLY1,16.891,16.891,16.891,4.223,4.223,4.223,16.8912,16.891,16.8912,ENSG00000151092,16.8912,16.891,4.223,12,3,0.250,1.000
YVRVSNNNQ,NGLY1,16.891,16.891,16.891,9.847,9.847,9.847,16.8912,16.891,16.8912,ENSG00000151092,16.8912,16.891,9.847,12,7,0.583,1.000
YYDPMISKL,PCCA,16.811,16.811,16.811,6.002,6.002,6.002,16.8106,16.811,16.8106,ENSG00000175198,16.8106,16.811,6.002,14,5,0.357,1.000
YYPNPPLVL,NT5DC1,16.311,16.311,16.311,5.432,5.432,5.432,16.3113,16.311,16.3113,ENSG00000178425,16.3113,16.311,5.432,3,1,0.333,1.000
VLFWGVASI,SACM1L,16.091,16.091,16.091,8.046,8.046,8.046,16.0912,16.091,16.0912,ENSG00000211456,16.0912,16.091,8.046,8,4,0.500,1.000
YVIEDDVNM,MCM2,15.931000000000001,15.931000000000001,15.931000000000001,5.305,5.305,5.305,15.9314,15.931000000000001,15.9314,ENSG00000073111,15.9314,15.931,5.305,6,2,0.333,1.000
VLYPQVMEF,PNPO,15.761,15.761,15.761,7.881,7.881,7.881,15.7611,15.761,15.7611,ENSG00000108439,15.7611,15.761,7.881,12,6,0.500,1.000
YYNAISVTT,CTR9,15.651,15.651,15.651,5.212,5.212,5.212,15.6512,15.651,15.6512,ENSG00000198730,15.6512,15.651,5.212,3,1,0.333,1.000
YWRLLVPGTY,CPD,15.641,15.641,15.641,9.385,9.385,9.385,15.6414,15.641,15.6414,ENSG00000108582,15.6414,15.641,9.385,5,3,0.600,1.000
YYIDDVFHA,RIT1,15.631,15.631,15.631,8.925,8.925,8.925,15.6306,15.631,15.6306,ENSG00000143622,15.6306,15.631,8.925,7,4,0.571,1.000
YYETWNVK,CLN5,15.491,15.491,15.491,3.873,3.873,3.873,15.4914,15.491,15.4914,ENSG00000102805,15.4914,15.491,3.873,12,3,0.250,1.000
VGLLGYSSH,MTOR,15.151,15.151,15.151,5.045,5.045,5.045,15.1506,15.151,15.1506,ENSG00000198793,15.1506,15.151,5.045,3,1,0.333,1.000
SLDEDSKI,CAMK1,14.911,14.911,14.911,7.456,7.456,7.456,14.9109,14.911,14.9109,ENSG00000134072,14.9109,14.911,7.456,4,2,0.500,1.000
VTIDTDTLL,IPO8,14.911,14.911,14.911,2.982,2.982,2.982,14.9109,14.911,14.9109,ENSG00000133704,14.9109,14.911,2.982,10,2,0.200,1.000
YYESPSTQC,HMGXB3,14.781,14.781,14.781,11.086,11.086,11.086,14.7813,14.781,14.7813,ENSG00000113716,14.7813,14.781,11.086,4,3,0.750,1.000
YGFTLRAIR,MAST2;MAST1,14.562,7.281,13.850999999999999,9.417,4.709,9.239,14.5618,7.281,13.8508,ENSG00000086015;ENSG00000105613,13.8508;0.710989,13.851;0.711,9.239;0.178,3;4,2;1,0.667;0.250,1.000;1.000
YEVTVVTS,RSPRY1,14.441,14.441,14.441,4.13,4.13,4.13,14.441,14.441,14.441,ENSG00000159579,14.441,14.441,4.130,7,2,0.286,1.000
YVPYTGEK,TMOD3,13.811,13.811,13.811,3.453,3.453,3.453,13.8106,13.811,13.8106,ENSG00000138594,13.8106,13.811,3.453,4,1,0.250,1.000
YYDNTIFHRV,CWC27,13.791,13.791,13.791,11.612,11.612,11.612,13.7914,13.791,13.7914,ENSG00000153015,13.7914,13.791,11.612,19,16,0.842,1.000
YVLERLCV,MICAL1,13.641,13.641,13.641,8.185,8.185,8.185,13.6412,13.641,13.6412,ENSG00000135596,13.6412,13.641,8.185,5,3,0.600,1.000
YYNGHTFHR,PPWD1,13.551,13.551,13.551,4.065,4.065,4.065,13.5507,13.551,13.5507,ENSG00000113593,13.5507,13.551,4.065,10,3,0.300,1.000
YVKSYKLEV,NRP2,12.941,12.941,12.941,11.09,11.09,11.09,12.9412,12.941,12.9412,ENSG00000118257,12.9412,12.941,11.090,7,6,0.857,1.000
YYLGGHSSQ,ACBD5,12.841,12.841,12.841,10.542,10.542,10.542,12.8411,12.841,12.8411,ENSG00000107897,12.8411,12.841,10.542,28,23,0.821,1.000
YWSPLSHPL,TTC7A,12.741,12.741,12.741,6.371,6.371,6.371,12.7409,12.741,12.7409,ENSG00000068724,12.7409,12.741,6.371,6,3,0.500,1.000
WLLVYARY,HIRA,12.621,12.621,12.621,8.418,8.418,8.418,12.6214,12.621,12.6214,ENSG00000100084,12.6214,12.621,8.418,3,2,0.667,1.000
VLNEEDLQK,MET,12.511,12.511,12.511,8.345,8.345,8.345,12.5108,12.511,12.5108,ENSG00000105976,12.5108,12.511,8.345,6,4,0.667,1.000
FWVSKWVDY,PLK1,12.511,12.511,12.511,3.128,3.128,3.128,12.5108,12.511,12.5108,ENSG00000166851,12.5108,12.511,3.128,4,1,0.250,1.000
YVLQVSLQR,ASCC3,12.291,12.291,12.291,2.458,2.458,2.458,12.2907,12.291,12.2907,ENSG00000112249,12.2907,12.291,2.458,5,1,0.200,1.000
YYSLLDVF,TCAIM,12.071,12.071,12.071,3.018,3.018,3.018,12.0712,12.071,12.0712,ENSG00000179152,12.0712,12.071,3.018,8,2,0.250,1.000
YVANELTQS,POLE,12.061,12.061,12.061,3.015,3.015,3.015,12.0612,12.061,12.0612,ENSG00000177084,12.0612,12.061,3.015,8,2,0.250,1.000
YKNLWGAVL,ACOX3,11.951,11.951,11.951,5.976,5.976,5.976,11.9513,11.951,11.9513,ENSG00000087008,11.9513,11.951,5.976,4,2,0.500,1.000
MYSVSQGHR,RIPK2,11.861,11.861,11.861,3.95,3.95,3.95,11.8614,11.861,11.8614,ENSG00000104312,11.8614,11.861,3.950,3,1,0.333,1.000
VYVDNNIHL,LRRC28,11.801,11.801,11.801,4.296,4.296,4.296,11.8007,11.801,11.8007,ENSG00000168904,11.8007,11.801,4.296,11,4,0.364,1.000
SVIGTPFYV,ACAD10,11.661,11.661,11.661,7.288,7.288,7.288,11.6608,11.661,11.6608,ENSG00000111271,11.6608,11.661,7.288,8,5,0.625,1.000
YYRPALMTA,SHLD2,11.651,11.651,11.651,7.771,7.771,7.771,11.6511,11.651,11.6511,ENSG00000122376,11.6511,11.651,7.771,3,2,0.667,1.000
VMACGKHTV,DGCR8,11.651,11.651,11.651,8.738,8.738,8.738,11.6511,11.651,11.6511,ENSG00000128191,11.6511,11.651,8.738,4,3,0.750,1.000
HATKAMTHF,TBK1,11.611,11.611,11.611,2.5540000000000003,2.5540000000000003,2.5540000000000003,11.6108,11.611,11.6108,ENSG00000183735,11.6108,11.611,2.554,50,11,0.220,1.000
YWLIQYQRL,LRSAM1,11.611,11.611,11.611,4.726,4.726,4.726,11.6108,11.611,11.6108,ENSG00000148356,11.6108,11.611,4.726,27,11,0.407,1.000
LPYALGGGY,B3GALT6,11.571,11.571,11.571,11.571,11.571,11.571,11.5707,11.571,11.5707,ENSG00000176022,11.5707,11.571,11.571,1,1,1.000,1.000
EIRDGNQV,NSUN4,11.471,11.471,11.471,3.281,3.281,3.281,11.4708,11.471,11.4708,ENSG00000117481,11.4708,11.471,3.281,7,2,0.286,1.000
YYEIIRMHQ,ARMH3,11.451,11.451,11.451,3.813,3.813,3.813,11.451,11.451,11.451,ENSG00000120029,11.451,11.451,3.813,3,1,0.333,1.000
LVSETIRRF,HSD17B14,11.371,11.371,11.371,5.686,5.686,5.686,11.3711,11.371,11.3711,ENSG00000087076,11.3711,11.371,5.686,4,2,0.500,1.000
YYLADRRY,DIS3L,11.331,11.331,11.331,2.833,2.833,2.833,11.331,11.331,11.331,ENSG00000166938,11.331,11.331,2.833,8,2,0.250,1.000
IYPTNLKTP,TTL,11.151,11.151,11.151,11.151,11.151,11.151,11.151,11.151,11.151,ENSG00000114999,11.151,11.151,11.151,1,1,1.000,1.000
YYQTNAPPS,TAF1,11.051,11.051,11.051,4.299,4.299,4.299,11.051,11.051,11.051,ENSG00000147133,11.051,11.051,4.299,18,7,0.389,1.000
WTDAYLECI,SORL1,10.921,10.921,10.921,2.184,2.184,2.184,10.9207,10.921,10.9207,ENSG00000137642,10.9207,10.921,2.184,5,1,0.200,1.000
YVKSIIPGSA,PATJ,10.901,10.901,10.901,3.27,3.27,3.27,10.9011,10.901,10.9011,ENSG00000132849,10.9011,10.901,3.270,10,3,0.300,1.000
YVVYENLKI,SLC25A25,10.691,10.691,10.691,8.318,8.318,8.318,10.6908,10.691,10.6908,ENSG00000148339,10.6908,10.691,8.318,9,7,0.778,1.000
YYRLLSVLH,TUBGCP3,10.531,10.531,10.531,10.531,10.531,10.531,10.5312,10.531,10.5312,ENSG00000126216,10.5312,10.531,10.531,5,5,1.000,1.000
SSHLKSHL,KLF16,10.491,10.491,10.491,7.868,7.868,7.868,10.4911,10.491,10.4911,ENSG00000129911,10.4911,10.491,7.868,4,3,0.750,1.000
YYVMDLVLI,CPT1B,10.221,10.221,10.221,8.759,8.759,8.759,10.2213,10.221,10.2213,ENSG00000205560,10.2213,10.221,8.759,7,6,0.857,1.000
VILDNLRWL,C1GALT1,10.191,10.191,10.191,7.643,7.643,7.643,10.1908,10.191,10.1908,ENSG00000106392,10.1908,10.191,7.643,4,3,0.750,1.000
YAAFAAEL,UBR3,10.091,10.091,10.091,2.018,2.018,2.018,10.091,10.091,10.091,ENSG00000144357,10.091,10.091,2.018,5,1,0.200,1.000
YYPLEEVL,IDE,9.831,9.831,9.831,5.151,5.151,5.151,9.83074,9.831,9.83074,ENSG00000119912,9.83074,9.831,5.151,21,11,0.524,1.000
YVPELGMSFQV,MDN1,9.776,9.776,9.776,4.888,4.888,4.888,9.77577,9.776,9.77577,ENSG00000112159,9.77577,9.776,4.888,4,2,0.500,1.000
YYQEVLQQL,CCDC88C,9.501,9.501,9.501,2.375,2.375,2.375,9.50114,9.501,9.50114,ENSG00000015133,9.50114,9.501,2.375,4,1,0.250,1.000
YVRGEENLA,KIF1B;KIF1A,9.392,4.696,9.101,5.492,2.746,5.351,9.39184,4.696,9.10084,ENSG00000054523;ENSG00000130294,9.10084;0.291002,9.101;0.291,5.351;0.141,17;29,10;14,0.588;0.483,1.000;1.000
EVSSSSNQE,TP53INP1,9.381,9.381,9.381,9.381,9.381,9.381,9.38073,9.381,9.38073,ENSG00000164938,9.38073,9.381,9.381,2,2,1.000,1.000
YYLVVYYV,SLC19A1,9.321,9.321,9.321,6.217,6.217,6.217,9.3211,9.321,9.3211,ENSG00000173638,9.3211,9.321,6.217,9,6,0.667,1.000
YVHILWNEV,SLC19A1,9.321,9.321,9.321,6.217,6.217,6.217,9.3211,9.321,9.3211,ENSG00000173638,9.3211,9.321,6.217,9,6,0.667,1.000
YWMTGYPQQL,MAF,9.211,9.211,9.211,9.211,9.211,9.211,9.21127,9.211,9.21127,ENSG00000178573,9.21127,9.211,9.211,3,3,1.000,1.000
YRQAEFQIL,MORC4,9.051,9.051,9.051,6.037,6.037,6.037,9.05114,9.051,9.05114,ENSG00000133131,9.05114,9.051,6.037,3,2,0.667,1.000
RAQGIFLV,RAB15,9.031,9.031,9.031,7.902,7.902,7.902,9.03109,9.031,9.03109,ENSG00000139998,9.03109,9.031,7.902,8,7,0.875,1.000
YVHGVVANL,MGAT4A,9.001,9.001,9.001,7.201,7.201,7.201,9.00109,9.001,9.00109,ENSG00000071073,9.00109,9.001,7.201,5,4,0.800,1.000
YWPKDRVMINR,CHD9,8.911,8.911,8.911,4.456,4.456,4.456,8.91108,8.911,8.91108,ENSG00000177200,8.91108,8.911,4.456,12,6,0.500,1.000
YRLRKKFPL,SIX5,8.871,8.871,8.871,5.917,5.917,5.917,8.87102,8.871,8.87102,ENSG00000177045,8.87102,8.871,5.917,3,2,0.667,1.000
YDLGQDGQGM,NUP155,8.581,8.581,8.581,6.436,6.436,6.436,8.58073,8.581,8.58073,ENSG00000113569,8.58073,8.581,6.436,4,3,0.750,1.000
YSVPVLEER,MTERF2,8.541,8.541,8.541,4.271,4.271,4.271,8.54097,8.541,8.54097,ENSG00000120832,8.54097,8.541,4.271,6,3,0.500,1.000
TTYKDYEL,SIPA1L2,8.391,8.391,8.391,7.342,7.342,7.342,8.39075,8.391,8.39075,ENSG00000116991,8.39075,8.391,7.342,8,7,0.875,1.000
YVIPELSI,SIPA1L2,8.391,8.391,8.391,7.342,7.342,7.342,8.39075,8.391,8.39075,ENSG00000116991,8.39075,8.391,7.342,8,7,0.875,1.000
VPPHLSPDK,PARG,8.261,8.261,8.261,4.131,4.131,4.131,8.26091,8.261,8.26091,ENSG00000227345,8.26091,8.261,4.131,4,2,0.500,1.000
YVSPSGSLL,MBD5,8.201,8.201,8.201,4.5600000000000005,4.5600000000000005,4.5600000000000005,8.201,8.201,8.201,ENSG00000204406,8.201,8.201,4.560,9,5,0.556,1.000
TIYDSETLQ,DIP2B,8.171,8.171,8.171,4.086,4.086,4.086,8.17093,8.171,8.17093,ENSG00000066084,8.17093,8.171,4.086,2,1,0.500,1.000
YVMKTDTDV,B3GALNT1,8.131,8.131,8.131,5.659,5.659,5.659,8.13082,8.131,8.13082,ENSG00000169255,8.13082,8.131,5.659,46,32,0.696,1.000
YWGGSSNAL,TBC1D9,8.041,8.041,8.041,8.041,8.041,8.041,8.04114,8.041,8.04114,ENSG00000109436,8.04114,8.041,8.041,1,1,1.000,1.000
YQYVTVIF,PCNX1,8.031,8.031,8.031,4.819,4.819,4.819,8.03111,8.031,8.03111,ENSG00000100731,8.03111,8.031,4.819,5,3,0.600,1.000
VTSVEENTV,DSC2,7.941,7.941,7.941,7.941,7.941,7.941,7.9408900000000004,7.941,7.9408900000000004,ENSG00000134755,7.94089,7.941,7.941,4,4,1.000,1.000
YKDEKEESI,PLEKHA6,7.771,7.771,7.771,6.217,6.217,6.217,7.771,7.771,7.771,ENSG00000143850,7.771,7.771,6.217,5,4,0.800,1.000
YVYKNSIKV,ARHGEF25,7.571,7.571,7.571,7.571,7.571,7.571,7.57108,7.571,7.57108,ENSG00000240771,7.57108,7.571,7.571,3,3,1.000,1.000
YVYEMGSST,WDR27,7.531,7.531,7.531,1.371,1.371,1.371,7.53078,7.531,7.53078,ENSG00000184465,7.53078,7.531,1.371,11,2,0.182,1.000
DVLPGKNQR,BSPRY,7.511,7.511,7.511,7.511,7.511,7.511,7.51097,7.511,7.51097,ENSG00000119411,7.51097,7.511,7.511,1,1,1.000,1.000
YVSELVGPR,SLC2A10,7.311,7.311,7.311,3.656,3.656,3.656,7.31116,7.311,7.31116,ENSG00000197496,7.31116,7.311,3.656,2,1,0.500,1.000
LLLKPCPET,LDAH,7.211,7.211,7.211,5.408,5.408,5.408,7.211,7.211,7.211,ENSG00000118961,7.211,7.211,5.408,12,9,0.750,1.000
YYYDTHTNT,SLC12A2,7.161,7.161,7.161,7.161,7.161,7.161,7.16119,7.161,7.16119,ENSG00000064651,7.16119,7.161,7.161,4,4,1.000,1.000
YKSEKILEQ,ERCC6L2,7.081,7.081,7.081,2.755,2.755,2.755,7.08123,7.081,7.08123,ENSG00000182150,7.08123,7.081,2.755,18,7,0.389,1.000
YLTLVKARL,ABCA7,6.9510000000000005,6.9510000000000005,6.9510000000000005,1.738,1.738,1.738,6.9509,6.9510000000000005,6.9509,ENSG00000064687,6.9509,6.951,1.738,8,2,0.250,1.000
YWENLLSEY,POGLUT1,6.831,6.831,6.831,1.141,1.141,1.141,6.8310200000000005,6.831,6.8310200000000005,ENSG00000163389,6.83102,6.831,1.141,6,1,0.167,1.000
YFPEHGYFR,MMRN2,6.831,6.831,6.831,1.366,1.366,1.366,6.8310200000000005,6.831,6.8310200000000005,ENSG00000173269,6.83102,6.831,1.366,5,1,0.200,1.000
TWLCAQDLKDL,WDSUB1,6.761,6.761,6.761,6.761,6.761,6.761,6.76083,6.761,6.76083,ENSG00000196151,6.76083,6.761,6.761,5,5,1.000,1.000
TVGSVDGHMKL,POLR3F,6.7010000000000005,6.7010000000000005,6.7010000000000005,6.7010000000000005,6.7010000000000005,6.7010000000000005,6.70111,6.7010000000000005,6.70111,ENSG00000132664,6.70111,6.701,6.701,1,1,1.000,1.000
QVYSGLWRD,DIPK1B,6.691,6.691,6.691,6.691,6.691,6.691,6.6909,6.691,6.6909,ENSG00000165716,6.6909,6.691,6.691,2,2,1.000,1.000
YQLASGCFK,FRY,6.601,6.601,6.601,3.769,3.769,3.769,6.60107,6.601,6.60107,ENSG00000073910,6.60107,6.601,3.769,7,4,0.571,1.000
YVISGDVAA,B3GNT5,6.421,6.421,6.421,3.211,3.211,3.211,6.42101,6.421,6.42101,ENSG00000176597,6.42101,6.421,3.211,6,3,0.500,1.000
AVSGLSHV,ACAD11,6.401,6.401,6.401,3.201,3.201,3.201,6.40101,6.401,6.40101,ENSG00000240303,6.40101,6.401,3.201,4,2,0.500,1.000
YVSGSLHYF,GLB1L,6.391,6.391,6.391,3.196,3.196,3.196,6.39082,6.391,6.39082,ENSG00000163521,6.39082,6.391,3.196,8,4,0.500,1.000
YTGPKTPFV,MARVELD2,6.361,6.361,6.361,3.976,3.976,3.976,6.3612,6.361,6.3612,ENSG00000152939,6.3612,6.361,3.976,8,5,0.625,1.000
YSYYKQML,DPY19L3,6.321,6.321,6.321,3.609,3.609,3.609,6.32121,6.321,6.32121,ENSG00000178904,6.32121,6.321,3.609,7,4,0.571,1.000
YVKHLVKL,PTPN13,6.261,6.261,6.261,5.366,5.366,5.366,6.26103,6.261,6.26103,ENSG00000163629,6.26103,6.261,5.366,7,6,0.857,1.000
YGLKLFSPV,PCNX2,6.181,6.181,6.181,2.25,2.25,2.25,6.18083,6.181,6.18083,ENSG00000135749,6.18083,6.181,2.250,11,4,0.364,1.000
TVTDPGLSS,SSX2IP,6.161,6.161,6.161,2.643,2.643,2.643,6.16115,6.161,6.16115,ENSG00000117155,6.16115,6.161,2.643,7,3,0.429,1.000
YWKKIPGSV,TECPR2,5.9510000000000005,5.9510000000000005,5.9510000000000005,2.976,2.976,2.976,5.95087,5.9510000000000005,5.95087,ENSG00000196663,5.95087,5.951,2.976,2,1,0.500,1.000
YVSETLDL,LYST,5.821,5.821,5.821,2.911,2.911,2.911,5.82113,5.821,5.82113,ENSG00000143669,5.82113,5.821,2.911,2,1,0.500,1.000
LQNAIHSVL,SAMD9L,5.751,5.751,5.751,2.157,2.157,2.157,5.75095,5.751,5.75095,ENSG00000177409,5.75095,5.751,2.157,8,3,0.375,1.000
YYILQHPNI,LMTK2,5.721,5.721,5.721,5.721,5.721,5.721,5.7211300000000005,5.721,5.7211300000000005,ENSG00000164715,5.72113,5.721,5.721,1,1,1.000,1.000
YVMDILVF,LRP6,5.561,5.561,5.561,3.337,3.337,3.337,5.56083,5.561,5.56083,ENSG00000070018,5.56083,5.561,3.337,5,3,0.600,1.000
YYGQYAYGL,ZNF608,5.461,5.461,5.461,2.731,2.731,2.731,5.46113,5.461,5.46113,ENSG00000168916,5.46113,5.461,2.731,6,3,0.500,1.000
YVVPVESSL,APAF1,5.461,5.461,5.461,4.855,4.855,4.855,5.46113,5.461,5.46113,ENSG00000120868,5.46113,5.461,4.855,9,8,0.889,1.000
YYCETCCSK,USP46,5.451,5.451,5.451,2.726,2.726,2.726,5.45092,5.451,5.45092,ENSG00000109189,5.45092,5.451,2.726,6,3,0.500,1.000
TILPELGGY,XRN1,5.341,5.341,5.341,2.291,2.291,2.291,5.34096,5.341,5.34096,ENSG00000114127,5.34096,5.341,2.291,7,3,0.429,1.000
YVMSLQNLM,CCP110,5.291,5.291,5.291,3.021,3.021,3.021,5.29085,5.291,5.29085,ENSG00000103540,5.29085,5.291,3.021,7,4,0.571,1.000
YYISPLVGV,SLC41A2,5.191,5.191,5.191,0.5760000000000001,0.5760000000000001,0.5760000000000001,5.1909600000000005,5.191,5.1909600000000005,ENSG00000136052,5.19096,5.191,0.576,9,1,0.111,1.000
YIRAVHALQ,BBS10,5.161,5.161,5.161,5.161,5.161,5.161,5.16118,5.161,5.16118,ENSG00000179941,5.16118,5.161,5.161,1,1,1.000,1.000
VLWDDNRFT,AGO1,5.091,5.091,5.091,4.073,4.073,4.073,5.09083,5.091,5.09083,ENSG00000092847,5.09083,5.091,4.073,5,4,0.800,1.000
YWNTSAGIK,ADGRF5,5.071,5.071,5.071,5.071,5.071,5.071,5.0711,5.071,5.0711,ENSG00000069122,5.0711,5.071,5.071,2,2,1.000,1.000
YSLLTKKWK,RIC1,5.041,5.041,5.041,1.679,1.679,1.679,5.04097,5.041,5.04097,ENSG00000107036,5.04097,5.041,1.679,6,2,0.333,1.000
YVPGKLSAM,SUGCT,4.991,4.991,4.991,3.329,3.329,3.329,4.9909,4.991,4.9909,ENSG00000175600,4.9909,4.991,3.329,6,4,0.667,1.000
YGIDSLFSF,ACTR5,4.971,4.971,4.971,4.971,4.971,4.971,4.97088,4.971,4.97088,ENSG00000101442,4.97088,4.971,4.971,1,1,1.000,1.000
YVKARPYLT,ZNF292,4.931,4.931,4.931,1.642,1.642,1.642,4.93107,4.931,4.93107,ENSG00000188994,4.93107,4.931,1.642,6,2,0.333,1.000
YWASEPSQF,JMJD7-PLA2G4B;PLA2G4B,4.842,2.421,2.581,3.23,1.615,1.722,4.84201,2.421,2.58095,ENSG00000168970;ENSG00000243708,2.26106;2.58095,2.261;2.581,1.508;1.722,3;3,2;2,0.667;0.667,1.000;1.000
VLIPHGIIV,PRTFDC1,4.791,4.791,4.791,4.791,4.791,4.791,4.79091,4.791,4.79091,ENSG00000099256,4.79091,4.791,4.791,3,3,1.000,1.000
YYDAILSKI,TCP11L1,4.531,4.531,4.531,1.509,1.509,1.509,4.53091,4.531,4.53091,ENSG00000176148,4.53091,4.531,1.509,9,3,0.333,1.000
RQLTEVLVF,EXOC8,4.521,4.521,4.521,4.521,4.521,4.521,4.52087,4.521,4.52087,ENSG00000116903,4.52087,4.521,4.521,1,1,1.000,1.000
SVSEKINSA,PEX12,4.421,4.421,4.421,2.949,2.949,2.949,4.42108,4.421,4.42108,ENSG00000108733,4.42108,4.421,2.949,3,2,0.667,1.000
YVRSKIAEY,AMY1B;AMY1C;AMY1A;AMY2B;AMY2A,4.365,0.001,4.361,2.9130000000000003,0.001,2.909,4.36512,0.001,4.36112,ENSG00000174876;ENSG00000187733;ENSG00000237763;ENSG00000240038;ENSG00000243480,0.000999989;0.000999989;0.000999989;4.36112;0.000999989,0.001;0.001;0.001;4.361;0.001,0.001;0.001;0.001;2.909;0.001,3;4;2;6;2,2;4;1;4;1,0.667;1.000;0.500;0.667;0.500,1.000;1.000;1.000;1.000;1.000
YVLAEVKEF,MYO9A,4.341,4.341,4.341,2.366,2.366,2.366,4.34092,4.341,4.34092,ENSG00000066933,4.34092,4.341,2.366,11,6,0.545,1.000
YVSKLNAET,DZIP3,4.251,4.251,4.251,1.416,1.416,1.416,4.25099,4.251,4.25099,ENSG00000198919,4.25099,4.251,1.416,6,2,0.333,1.000
VLNPVKSSK,MAP1B,4.051,4.051,4.051,2.431,2.431,2.431,4.05106,4.051,4.05106,ENSG00000131711,4.05106,4.051,2.431,5,3,0.600,1.000
YYFSKFIEL,ELOVL7,4.001,4.001,4.001,2.857,2.857,2.857,4.00111,4.001,4.00111,ENSG00000164181,4.00111,4.001,2.857,7,5,0.714,1.000
EVRQPPVGI,BAHCC1,3.911,3.911,3.911,3.911,3.911,3.911,3.9109,3.911,3.9109,ENSG00000266074,3.9109,3.911,3.911,3,3,1.000,1.000
YEDKSGMSKY,MAP2,3.851,3.851,3.851,1.54,1.54,1.54,3.85091,3.851,3.85091,ENSG00000078018,3.85091,3.851,1.540,10,4,0.400,1.000
YYGNKRLEL,POLR3B,3.801,3.801,3.801,3.801,3.801,3.801,3.80106,3.801,3.80106,ENSG00000013503,3.80106,3.801,3.801,3,3,1.000,1.000
YYRFVSQKN,RBP5,3.761,3.761,3.761,3.761,3.761,3.761,3.76096,3.761,3.76096,ENSG00000139194,3.76096,3.761,3.761,3,3,1.000,1.000
VYDKDIEQI,USP51;USP27X,3.722,1.861,2.531,3.127,1.564,2.531,3.72201,1.861,2.53099,ENSG00000247746;ENSG00000273820,1.19102;2.53099,1.191;2.531,0.596;2.531,2;1,1;1,0.500;1.000,1.000;1.000
YYVGIYSSSL,SLAMF7,3.721,3.721,3.721,2.069,2.069,2.069,3.72102,3.721,3.72102,ENSG00000026751,3.72102,3.721,2.069,9,5,0.556,1.000
YVDEHHFRL,PUS10,3.651,3.651,3.651,1.46,1.46,1.46,3.65102,3.651,3.65102,ENSG00000162927,3.65102,3.651,1.460,5,2,0.400,1.000
NAAPHIGHL,MARS2,3.6310000000000002,3.6310000000000002,3.6310000000000002,3.6310000000000002,3.6310000000000002,3.6310000000000002,3.63108,3.6310000000000002,3.63108,ENSG00000247626,3.63108,3.631,3.631,1,1,1.000,1.000
YYDEKVVKL,MARS2,3.6310000000000002,3.6310000000000002,3.6310000000000002,3.6310000000000002,3.6310000000000002,3.6310000000000002,3.63108,3.6310000000000002,3.63108,ENSG00000247626,3.63108,3.631,3.631,1,1,1.000,1.000
YYKDHLERI,KCTD7,3.6109999999999998,3.6109999999999998,3.6109999999999998,1.643,1.643,1.643,3.6109999999999998,3.6109999999999998,3.6109999999999998,ENSG00000243335,3.611,3.611,1.643,11,5,0.455,1.000
YYFAYHVHV,COL8A2,3.601,3.601,3.601,3.601,3.601,3.601,3.60101,3.601,3.60101,ENSG00000171812,3.60101,3.601,3.601,3,3,1.000,1.000
YVPNNYLV,HYLS1,3.571,3.571,3.571,3.571,3.571,3.571,3.57093,3.571,3.57093,ENSG00000198331,3.57093,3.571,3.571,3,3,1.000,1.000
YVRLDGTMSI,RAD54L,3.501,3.501,3.501,0.875,0.875,0.875,3.50108,3.501,3.50108,ENSG00000085999,3.50108,3.501,0.875,16,4,0.250,1.000
YWSDWGDQA,LRP8,3.491,3.491,3.491,2.283,2.283,2.283,3.4909,3.491,3.4909,ENSG00000157193,3.4909,3.491,2.283,26,17,0.654,1.000
LLAQAVDRA,CDH24,3.461,3.461,3.461,3.461,3.461,3.461,3.46103,3.461,3.46103,ENSG00000139880,3.46103,3.461,3.461,4,4,1.000,1.000
YWMSWVRQA,IGHV3-7,3.291,3.291,3.291,3.291,3.291,3.291,3.29094,3.291,3.29094,ENSG00000211938,3.29094,3.291,3.291,1,1,1.000,1.000
SNIHYHTL,CHAF1B,3.101,3.101,3.101,3.101,3.101,3.101,3.10093,3.101,3.10093,ENSG00000159259,3.10093,3.101,3.101,1,1,1.000,1.000
YQSFQVSEYV,CD109,3.071,3.071,3.071,3.071,3.071,3.071,3.07098,3.071,3.07098,ENSG00000156535,3.07098,3.071,3.071,3,3,1.000,1.000
MVSPTPKWFV,TLCD5,3.021,3.021,3.021,2.015,2.015,2.015,3.02095,3.021,3.02095,ENSG00000181264,3.02095,3.021,2.015,3,2,0.667,1.000
YVTGIIGKW,ARSG,2.981,2.981,2.981,1.988,1.988,1.988,2.98101,2.981,2.98101,ENSG00000141337,2.98101,2.981,1.988,3,2,0.667,1.000
YYSSYTKNC,ARSK,2.8609999999999998,2.8609999999999998,2.8609999999999998,1.1440000000000001,1.1440000000000001,1.1440000000000001,2.86096,2.8609999999999998,2.86096,ENSG00000164291,2.86096,2.861,1.144,5,2,0.400,1.000
YVSSDGSYR,SNED1,2.8609999999999998,2.8609999999999998,2.8609999999999998,1.634,1.634,1.634,2.86096,2.8609999999999998,2.86096,ENSG00000162804,2.86096,2.861,1.634,7,4,0.571,1.000
VPQNPTTGI,CD33,2.791,2.791,2.791,2.791,2.791,2.791,2.79103,2.791,2.79103,ENSG00000105383,2.79103,2.791,2.791,4,4,1.000,1.000
YYQEQHQNW,AK9,2.761,2.761,2.761,0.503,0.503,0.503,2.7610200000000003,2.761,2.7610200000000003,ENSG00000155085,2.76102,2.761,0.503,11,2,0.182,1.000
ELQLTASDM,PCDH18,2.731,2.731,2.731,0.909,0.909,0.909,2.73094,2.731,2.73094,ENSG00000189184,2.73094,2.731,0.909,6,2,0.333,1.000
YLVLKNGVLA,TLCD4;TLCD4-RWDD3,2.7119999999999997,1.3559999999999999,2.081,2.7119999999999997,1.3559999999999999,2.081,2.71203,1.3559999999999999,2.08103,ENSG00000152078;ENSG00000271092,2.08103;0.630995,2.081;0.631,2.081;0.631,3;2,3;2,1.000;1.000,1.000;1.000
YVNAINTA,DENND5B,2.661,2.661,2.661,1.064,1.064,1.064,2.66106,2.661,2.66106,ENSG00000170456,2.66106,2.661,1.064,5,2,0.400,1.000
VWAMEQEY,ALKBH8,2.6310000000000002,2.6310000000000002,2.6310000000000002,1.316,1.316,1.316,2.63098,2.6310000000000002,2.63098,ENSG00000137760,2.63098,2.631,1.316,6,3,0.500,1.000
YVTSDELL,PRICKLE2,2.561,2.561,2.561,1.921,1.921,1.921,2.5609900000000003,2.561,2.5609900000000003,ENSG00000163637,2.56099,2.561,1.921,4,3,0.750,1.000
YWDNSIQVM,NBEAL1,2.541,2.541,2.541,1.06,1.06,1.06,2.54101,2.541,2.54101,ENSG00000144426,2.54101,2.541,1.060,12,5,0.417,1.000
YVTPVTRAI,NBEAL1,2.541,2.541,2.541,0.846,0.846,0.846,2.54101,2.541,2.54101,ENSG00000144426,2.54101,2.541,0.846,12,4,0.333,1.000
YVPPPPLAA,HOXD9,2.481,2.481,2.481,2.481,2.481,2.481,2.48096,2.481,2.48096,ENSG00000128709,2.48096,2.481,2.481,1,1,1.000,1.000
YVLRGWVDL,TTC21A,2.471,2.471,2.471,1.236,1.236,1.236,2.47101,2.471,2.47101,ENSG00000168026,2.47101,2.471,1.236,6,3,0.500,1.000
YWRTTAFSV,ELAPOR1,2.341,2.341,2.341,0.78,0.78,0.78,2.34096,2.341,2.34096,ENSG00000116299,2.34096,2.341,0.780,9,3,0.333,1.000
YYYKSRRNR,SHPRH,2.331,2.331,2.331,1.457,1.457,1.457,2.33092,2.331,2.33092,ENSG00000146414,2.33092,2.331,1.457,8,5,0.625,1.000
YVLGYVLIV,NEMP2,2.311,2.311,2.311,0.462,0.462,0.462,2.31097,2.311,2.31097,ENSG00000189362,2.31097,2.311,0.462,5,1,0.200,1.000
YYKGNLVAV,NPR1,2.281,2.281,2.281,2.281,2.281,2.281,2.28105,2.281,2.28105,ENSG00000169418,2.28105,2.281,2.281,1,1,1.000,1.000
VWAKILSSF,ABCB1,2.271,2.271,2.271,1.703,1.703,1.703,2.27096,2.271,2.27096,ENSG00000085563,2.27096,2.271,1.703,4,3,0.750,1.000
YADYSPTRR,CACNA1H,2.261,2.261,2.261,1.583,1.583,1.583,2.26106,2.261,2.26106,ENSG00000196557,2.26106,2.261,1.583,10,7,0.700,1.000
YMKQLVKL,MMS22L,2.261,2.261,2.261,0.97,0.97,0.97,2.26106,2.261,2.26106,ENSG00000146263,2.26106,2.261,0.970,7,3,0.429,1.000
YVSSFVRDYM,CNTNAP1,2.261,2.261,2.261,1.131,1.131,1.131,2.26106,2.261,2.26106,ENSG00000108797,2.26106,2.261,1.131,2,1,0.500,1.000
VQEKRPLGF,ARHGAP42,2.241,2.241,2.241,1.345,1.345,1.345,2.24093,2.241,2.24093,ENSG00000165895,2.24093,2.241,1.345,5,3,0.600,1.000
AVLKHFKIV,SACS,2.171,2.171,2.171,0.543,0.543,0.543,2.17106,2.171,2.17106,ENSG00000151835,2.17106,2.171,0.543,16,4,0.250,1.000
AQHSIHNF,ZC3H6,2.011,2.011,2.011,2.011,2.011,2.011,2.01098,2.011,2.01098,ENSG00000188177,2.01098,2.011,2.011,2,2,1.000,1.000
YWDEDSGLL,CEMIP,1.9609999999999999,1.9609999999999999,1.9609999999999999,1.177,1.177,1.177,1.96101,1.9609999999999999,1.96101,ENSG00000103888,1.96101,1.961,1.177,5,3,0.600,1.000
AVHTGDKPY,ZNF665,1.931,1.931,1.931,1.931,1.931,1.931,1.93094,1.931,1.93094,ENSG00000197497,1.93094,1.931,1.931,3,3,1.000,1.000
YQDDLRVL,TAF5,1.901,1.901,1.901,0.9510000000000001,0.9510000000000001,0.9510000000000001,1.9010500000000001,1.901,1.9010500000000001,ENSG00000148835,1.90105,1.901,0.951,4,2,0.500,1.000
YVLYVRLAI,DAGLA,1.881,1.881,1.881,0.9410000000000001,0.9410000000000001,0.9410000000000001,1.881,1.881,1.881,ENSG00000134780,1.881,1.881,0.941,2,1,0.500,1.000
YFAIITCCL,TRGC1;TRGC2,1.862,0.931,1.391,1.862,0.931,1.391,1.86198,0.931,1.39098,ENSG00000211689;ENSG00000227191,0.471;1.39098,0.471;1.391,0.471;1.391,1;1,1;1,1.000;1.000,1.000;1.000
YWDEDAPGC,PCSK5,1.831,1.831,1.831,0.785,0.785,0.785,1.8309600000000001,1.831,1.8309600000000001,ENSG00000099139,1.83096,1.831,0.785,7,3,0.429,1.000
YWDEDAPGCK,PCSK5,1.831,1.831,1.831,0.785,0.785,0.785,1.8309600000000001,1.831,1.8309600000000001,ENSG00000099139,1.83096,1.831,0.785,7,3,0.429,1.000
YVMQPTGAV,RBMS3,1.751,1.751,1.751,1.168,1.168,1.168,1.75103,1.751,1.75103,ENSG00000144642,1.75103,1.751,1.168,9,6,0.667,1.000
YVVEYGSNM,CD274,1.691,1.691,1.691,0.846,0.846,0.846,1.69103,1.691,1.69103,ENSG00000120217,1.69103,1.691,0.846,2,1,0.500,1.000
GVKDLATVF,TRAM1L1,1.681,1.681,1.681,1.681,1.681,1.681,1.68098,1.681,1.68098,ENSG00000174599,1.68098,1.681,1.681,1,1,1.000,1.000
YVLFSMAK,RASD2,1.681,1.681,1.681,1.681,1.681,1.681,1.68098,1.681,1.68098,ENSG00000100302,1.68098,1.681,1.681,1,1,1.000,1.000
YWNPRNSSE,ZGRF1,1.651,1.651,1.651,0.733,0.733,0.733,1.65095,1.651,1.65095,ENSG00000138658,1.65095,1.651,0.733,9,4,0.444,1.000
RLEDIAMA,CBFA2T3,1.621,1.621,1.621,0.54,0.54,0.54,1.6210200000000001,1.621,1.6210200000000001,ENSG00000129993,1.62102,1.621,0.540,9,3,0.333,1.000
YVHKISHTEEK,ZNF90,1.591,1.591,1.591,0.53,0.53,0.53,1.59096,1.591,1.59096,ENSG00000213988,1.59096,1.591,0.530,3,1,0.333,1.000
VPFLASTAG,SCNN1B,1.491,1.491,1.491,1.242,1.242,1.242,1.49102,1.491,1.49102,ENSG00000168447,1.49102,1.491,1.242,6,5,0.833,1.000
YVKAEEDPM,PCLO,1.451,1.451,1.451,0.726,0.726,0.726,1.45095,1.451,1.45095,ENSG00000186472,1.45095,1.451,0.726,6,3,0.500,1.000
YLWQDNRA,GALNT16,1.341,1.341,1.341,1.341,1.341,1.341,1.3409900000000001,1.341,1.3409900000000001,ENSG00000100626,1.34099,1.341,1.341,4,4,1.000,1.000
RYLFLLDVI,TBX6,1.331,1.331,1.331,1.331,1.331,1.331,1.33099,1.331,1.33099,ENSG00000149922,1.33099,1.331,1.331,4,4,1.000,1.000
YWEPEALYTL,BTBD11,1.321,1.321,1.321,0.9430000000000001,0.9430000000000001,0.9430000000000001,1.32097,1.321,1.32097,ENSG00000151136,1.32097,1.321,0.943,7,5,0.714,1.000
NVLFATMAV,SLC22A4,1.311,1.311,1.311,1.311,1.311,1.311,1.3110300000000001,1.311,1.3110300000000001,ENSG00000197208,1.31103,1.311,1.311,1,1,1.000,1.000
YVWSLPSDL,LILRA2,1.301,1.301,1.301,1.084,1.084,1.084,1.30098,1.301,1.30098,ENSG00000239998,1.30098,1.301,1.084,6,5,0.833,1.000
YVQAFPEWV,CNTN1,1.221,1.221,1.221,0.611,0.611,0.611,1.22103,1.221,1.22103,ENSG00000018236,1.22103,1.221,0.611,10,5,0.500,1.000
YYCLASNNY,CNTN1,1.221,1.221,1.221,0.611,0.611,0.611,1.22103,1.221,1.22103,ENSG00000018236,1.22103,1.221,0.611,10,5,0.500,1.000
YVLGAFTGL,VNN2,1.201,1.201,1.201,0.17200000000000001,0.17200000000000001,0.17200000000000001,1.20097,1.201,1.20097,ENSG00000112303,1.20097,1.201,0.172,14,2,0.143,1.000
YYRPHKVSPY,LAMA1,1.171,1.171,1.171,1.171,1.171,1.171,1.17097,1.171,1.17097,ENSG00000101680,1.17097,1.171,1.171,1,1,1.000,1.000
YYWAAPEAY,LAMA1,1.171,1.171,1.171,1.171,1.171,1.171,1.17097,1.171,1.17097,ENSG00000101680,1.17097,1.171,1.171,1,1,1.000,1.000
YVQLWLPTA,PLA2G4F,1.1280000000000001,1.1280000000000001,1.1280000000000001,0.5640000000000001,0.5640000000000001,0.5640000000000001,1.12767,1.1280000000000001,1.12767,ENSG00000168907,1.12767,1.128,0.564,6,3,0.500,1.000
VYFHIDLSL,ATP6V1C2,1.111,1.111,1.111,0.833,0.833,0.833,1.11103,1.111,1.11103,ENSG00000143882,1.11103,1.111,0.833,4,3,0.750,1.000
YVSERVKEH,CYP2E1,1.071,1.071,1.071,0.714,0.714,0.714,1.07103,1.071,1.07103,ENSG00000130649,1.07103,1.071,0.714,6,4,0.667,1.000
YLVLAQTHI,CFAP70,1.051,1.051,1.051,0.6000000000000001,0.6000000000000001,0.6000000000000001,1.05103,1.051,1.05103,ENSG00000156042,1.05103,1.051,0.600,7,4,0.571,1.000
TAFYIVECI,PROKR1;APLF,1.032,0.516,1.021,0.266,0.133,0.255,1.03201,0.516,1.02101,ENSG00000169618;ENSG00000169621,0.0109996;1.02101,0.011;1.021,0.011;0.255,1;4,1;1,1.000;0.250,1.000;1.000
YYLPDAEGA,ERFE,1.021,1.021,1.021,0.34,0.34,0.34,1.02101,1.021,1.02101,ENSG00000178752,1.02101,1.021,0.340,3,1,0.333,1.000
VLVRVEDYQV,C6orf141,1.011,1.011,1.011,0.758,0.758,0.758,1.01101,1.011,1.01101,ENSG00000197261,1.01101,1.011,0.758,4,3,0.750,1.000
YYDLDKQTR,RIPOR3,1.001,1.001,1.001,1.001,1.001,1.001,1.00097,1.001,1.00097,ENSG00000042062,1.00097,1.001,1.001,2,2,1.000,1.000
YVPPKHREL,CORO6,1.001,1.001,1.001,0.4,0.4,0.4,1.00097,1.001,1.00097,ENSG00000167549,1.00097,1.001,0.400,10,4,0.400,1.000
YVHKGIWL,CYSLTR1,0.9510000000000001,0.9510000000000001,0.9510000000000001,0.9510000000000001,0.9510000000000001,0.9510000000000001,0.950989,0.9510000000000001,0.950989,ENSG00000173198,0.950989,0.951,0.951,2,2,1.000,1.000
YWEMSNQDV,EPHA3;EPHA6,0.872,0.436,0.761,0.533,0.267,0.508,0.872014,0.436,0.7610169999999999,ENSG00000044524;ENSG00000080224,0.761017;0.110998,0.761;0.111,0.508;0.025,3;9,2;2,0.667;0.222,1.000;1.000
YYLQVRGRE,TP73,0.861,0.861,0.861,0.861,0.861,0.861,0.8610089999999999,0.861,0.8610089999999999,ENSG00000078900,0.861009,0.861,0.861,11,11,1.000,1.000
AYNLTHTF,TMEM130,0.801,0.801,0.801,0.641,0.641,0.641,0.801014,0.801,0.801014,ENSG00000166448,0.801014,0.801,0.641,5,4,0.800,1.000
QQALMRSTV,RGS9,0.801,0.801,0.801,0.801,0.801,0.801,0.801014,0.801,0.801014,ENSG00000108370,0.801014,0.801,0.801,5,5,1.000,1.000
YYITGEAEGF,ESR1,0.781,0.781,0.781,0.391,0.391,0.391,0.781003,0.781,0.781003,ENSG00000091831,0.781003,0.781,0.391,10,5,0.500,1.000
YVQSQQEL,GLI1,0.761,0.761,0.761,0.508,0.508,0.508,0.7610169999999999,0.761,0.7610169999999999,ENSG00000111087,0.761017,0.761,0.508,6,4,0.667,1.000
YYETDSVIA,EPHB1,0.711,0.711,0.711,0.508,0.508,0.508,0.710989,0.711,0.710989,ENSG00000154928,0.710989,0.711,0.508,7,5,0.714,1.000
YVLGAQLSH,ADGRG5,0.6910000000000001,0.6910000000000001,0.6910000000000001,0.6910000000000001,0.6910000000000001,0.6910000000000001,0.6910200000000001,0.6910000000000001,0.6910200000000001,ENSG00000159618,0.69102,0.691,0.691,3,3,1.000,1.000
YYHDGQAVR,FCRLB,0.6910000000000001,0.6910000000000001,0.6910000000000001,0.6910000000000001,0.6910000000000001,0.6910000000000001,0.6910200000000001,0.6910000000000001,0.6910200000000001,ENSG00000162746,0.69102,0.691,0.691,5,5,1.000,1.000
VRDSAVYEY,GRID1,0.681,0.681,0.681,0.681,0.681,0.681,0.680987,0.681,0.680987,ENSG00000182771,0.680987,0.681,0.681,2,2,1.000,1.000
YVQSRHLRI,FREM1,0.671,0.671,0.671,0.336,0.336,0.336,0.671007,0.671,0.671007,ENSG00000164946,0.671007,0.671,0.336,4,2,0.500,1.000
YVFNPNPGL,CFAP221,0.641,0.641,0.641,0.099,0.099,0.099,0.641002,0.641,0.641002,ENSG00000163075,0.641002,0.641,0.099,13,2,0.154,1.000
YVRKEHHLV,CFAP221,0.641,0.641,0.641,0.247,0.247,0.247,0.641002,0.641,0.641002,ENSG00000163075,0.641002,0.641,0.247,13,5,0.385,1.000
YVGAKDHIF,SEMA3A,0.641,0.641,0.641,0.385,0.385,0.385,0.641002,0.641,0.641002,ENSG00000075213,0.641002,0.641,0.385,5,3,0.600,1.000
YLDCPELTE,FAT4,0.631,0.631,0.631,0.631,0.631,0.631,0.630995,0.631,0.630995,ENSG00000196159,0.630995,0.631,0.631,3,3,1.000,1.000
YRSNAYTI,GPR19,0.621,0.621,0.621,0.466,0.466,0.466,0.621015,0.621,0.621015,ENSG00000183150,0.621015,0.621,0.466,4,3,0.750,1.000
VVCVVAANE,LRRN4CL,0.621,0.621,0.621,0.621,0.621,0.621,0.621015,0.621,0.621015,ENSG00000177363,0.621015,0.621,0.621,1,1,1.000,1.000
YQKLLISL,CFAP43,0.611,0.611,0.611,0.306,0.306,0.306,0.610981,0.611,0.610981,ENSG00000197748,0.610981,0.611,0.306,6,3,0.500,1.000
YWSESLNKV,CACNA2D3,0.601,0.601,0.601,0.534,0.534,0.534,0.600985,0.601,0.600985,ENSG00000157445,0.600985,0.601,0.534,9,8,0.889,1.000
YYAISNATRL,COL28A1,0.551,0.551,0.551,0.11,0.11,0.11,0.550991,0.551,0.550991,ENSG00000215018,0.550991,0.551,0.110,5,1,0.200,1.000
VIINNKVPL,DNAI7,0.541,0.541,0.541,0.361,0.361,0.361,0.541,0.541,0.541,ENSG00000118307,0.541,0.541,0.361,12,8,0.667,1.000
YWTDRGKSL,EGF,0.541,0.541,0.541,0.541,0.541,0.541,0.541,0.541,0.541,ENSG00000138798,0.541,0.541,0.541,4,4,1.000,1.000
YVQAPRSF,LGI2,0.541,0.541,0.541,0.271,0.271,0.271,0.541,0.541,0.541,ENSG00000153012,0.541,0.541,0.271,2,1,0.500,1.000
YVSHHNTPA,FAM83B,0.521,0.521,0.521,0.521,0.521,0.521,0.5210159999999999,0.521,0.5210159999999999,ENSG00000168143,0.521016,0.521,0.521,1,1,1.000,1.000
YVAEEAGCPL,RET,0.511,0.511,0.511,0.153,0.153,0.153,0.511002,0.511,0.511002,ENSG00000165731,0.511002,0.511,0.153,10,3,0.300,1.000
WSPPTLIDL,PRLR,0.501,0.501,0.501,0.29,0.29,0.29,0.501006,0.501,0.501006,ENSG00000113494,0.501006,0.501,0.290,19,11,0.579,1.000
YFLKVKNQM,ACE2,0.491,0.491,0.491,0.442,0.442,0.442,0.491002,0.491,0.491002,ENSG00000130234,0.491002,0.491,0.442,10,9,0.900,1.000
YVTYDEDYEQ,SCUBE3,0.461,0.461,0.461,0.461,0.461,0.461,0.46098799999999995,0.461,0.46098799999999995,ENSG00000146197,0.460988,0.461,0.461,1,1,1.000,1.000
VQRENLYKY,NTNG2,0.451,0.451,0.451,0.451,0.451,0.451,0.451,0.451,0.451,ENSG00000196358,0.451,0.451,0.451,1,1,1.000,1.000
YVLLRSGL,;CFAP206,0.432,0.216,0.311,0.328,0.164,0.20700000000000002,0.432005,0.216,0.311003,ENSG00000213204;ENSG00000272514,0.121002;0.311003,0.121;0.311,0.121;0.207,1;3,1;2,1.000;0.667,1.000;1.000
YVWFCYAVL,TMEM145,0.401,0.401,0.401,0.321,0.321,0.321,0.401007,0.401,0.401007,ENSG00000167619,0.401007,0.401,0.321,5,4,0.800,1.000
YVILYLMVM,KCNE2,0.391,0.391,0.391,0.391,0.391,0.391,0.390989,0.391,0.390989,ENSG00000159197,0.390989,0.391,0.391,1,1,1.000,1.000
YVNSIDNLL,DNAH9,0.361,0.361,0.361,0.10300000000000001,0.10300000000000001,0.10300000000000001,0.36100699999999997,0.361,0.36100699999999997,ENSG00000007174,0.361007,0.361,0.103,7,2,0.286,1.000
YYPFPQRKT,C9orf152,0.311,0.311,0.311,0.311,0.311,0.311,0.311003,0.311,0.311003,ENSG00000188959,0.311003,0.311,0.311,1,1,1.000,1.000
YVTQLAEK,DUOX2,0.311,0.311,0.311,0.311,0.311,0.311,0.311003,0.311,0.311003,ENSG00000140279,0.311003,0.311,0.311,2,2,1.000,1.000
YVIEKSYL,CATSPERE,0.311,0.311,0.311,0.311,0.311,0.311,0.311003,0.311,0.311003,ENSG00000179397,0.311003,0.311,0.311,4,4,1.000,1.000
YVNGKKVTE,KIF1A,0.291,0.291,0.291,0.13,0.13,0.13,0.291002,0.291,0.291002,ENSG00000130294,0.291002,0.291,0.130,29,13,0.448,1.000
YWLQQQRRV,CCDC87,0.291,0.291,0.291,0.291,0.291,0.291,0.291002,0.291,0.291002,ENSG00000182791,0.291002,0.291,0.291,1,1,1.000,1.000
YYPEVNEEE,KIF1A,0.291,0.291,0.291,0.13,0.13,0.13,0.291002,0.291,0.291002,ENSG00000130294,0.291002,0.291,0.130,29,13,0.448,1.000
YVSAPWEL,PKD1L2,0.281,0.281,0.281,0.14100000000000001,0.14100000000000001,0.14100000000000001,0.28099199999999996,0.281,0.28099199999999996,ENSG00000166473,0.280992,0.281,0.141,6,3,0.500,1.000
YYVITVTER,VSTM5,0.241,0.241,0.241,0.121,0.121,0.121,0.240999,0.241,0.240999,ENSG00000214376,0.240999,0.241,0.121,2,1,0.500,1.000
YVIEILDES,TDRD6,0.241,0.241,0.241,0.161,0.161,0.161,0.240999,0.241,0.240999,ENSG00000180113,0.240999,0.241,0.161,3,2,0.667,1.000
WSNNPKVHR,IGSF11,0.231,0.231,0.231,0.17300000000000001,0.17300000000000001,0.17300000000000001,0.231006,0.231,0.231006,ENSG00000144847,0.231006,0.231,0.173,8,6,0.750,1.000
YVSGKYREL,ADAMTS16,0.231,0.231,0.231,0.116,0.116,0.116,0.231006,0.231,0.231006,ENSG00000145536,0.231006,0.231,0.116,2,1,0.500,1.000
YVKPTLSDG,GRIN1,0.221,0.221,0.221,0.193,0.193,0.193,0.220997,0.221,0.220997,ENSG00000176884,0.220997,0.221,0.193,8,7,0.875,1.000
YVQSVPRMM,KLHL31,0.201,0.201,0.201,0.201,0.201,0.201,0.201005,0.201,0.201005,ENSG00000124743,0.201005,0.201,0.201,2,2,1.000,1.000
YPHLPRSQV,FUT7,0.201,0.201,0.201,0.201,0.201,0.201,0.201005,0.201,0.201005,ENSG00000180549,0.201005,0.201,0.201,1,1,1.000,1.000
YVRIKENLA,DSC3,0.201,0.201,0.201,0.134,0.134,0.134,0.201005,0.201,0.201005,ENSG00000134762,0.201005,0.201,0.134,3,2,0.667,1.000
YYDTKIEDK,CASP5,0.181,0.181,0.181,0.121,0.121,0.121,0.181005,0.181,0.181005,ENSG00000137757,0.181005,0.181,0.121,9,6,0.667,1.000
YWREHHIVSL,OTOA,0.171,0.171,0.171,0.14200000000000002,0.14200000000000002,0.14200000000000002,0.171004,0.171,0.171004,ENSG00000155719,0.171004,0.171,0.142,6,5,0.833,1.000
YSHKKFQLC,TECTA,0.171,0.171,0.171,0.171,0.171,0.171,0.171004,0.171,0.171004,ENSG00000109927,0.171004,0.171,0.171,4,4,1.000,1.000
KVGRAMSRA,GRM2,0.171,0.171,0.171,0.128,0.128,0.128,0.171004,0.171,0.171004,ENSG00000164082,0.171004,0.171,0.128,4,3,0.750,1.000
YVLSIELPT,DNAH3,0.151,0.151,0.151,0.151,0.151,0.151,0.150998,0.151,0.150998,ENSG00000158486,0.150998,0.151,0.151,2,2,1.000,1.000
YWVAPLNTD,OLFM4,0.151,0.151,0.151,0.151,0.151,0.151,0.150998,0.151,0.150998,ENSG00000102837,0.150998,0.151,0.151,1,1,1.000,1.000
IVRERGEKV,RYR3,0.151,0.151,0.151,0.047,0.047,0.047,0.150998,0.151,0.150998,ENSG00000198838,0.150998,0.151,0.047,13,4,0.308,1.000
EVPQILAQL,ADGRF3,0.14100000000000001,0.14100000000000001,0.14100000000000001,0.101,0.101,0.101,0.141003,0.14100000000000001,0.141003,ENSG00000173567,0.141003,0.141,0.101,7,5,0.714,1.000
YWKLSQLTH,MUC16,0.14100000000000001,0.14100000000000001,0.14100000000000001,0.14100000000000001,0.14100000000000001,0.14100000000000001,0.141003,0.14100000000000001,0.141003,ENSG00000181143,0.141003,0.141,0.141,4,4,1.000,1.000
YWSQKPTPSS,A2ML1,0.14100000000000001,0.14100000000000001,0.14100000000000001,0.07100000000000001,0.07100000000000001,0.07100000000000001,0.141003,0.14100000000000001,0.141003,ENSG00000166535,0.141003,0.141,0.071,6,3,0.500,1.000
YYDNVKPRPGF,ST8SIA5,0.131,0.131,0.131,0.079,0.079,0.079,0.130996,0.131,0.130996,ENSG00000101638,0.130996,0.131,0.079,5,3,0.600,1.000
YLHNRNGSEL,CASP12,0.131,0.131,0.131,0.107,0.107,0.107,0.130996,0.131,0.130996,ENSG00000204403,0.130996,0.131,0.107,11,9,0.818,1.000
YVYRLTKPS,OIT3,0.091,0.091,0.091,0.091,0.091,0.091,0.09099929999999999,0.091,0.09099929999999999,ENSG00000138315,0.0909993,0.091,0.091,2,2,1.000,1.000
YYTLQGTRL,MAB21L3,0.091,0.091,0.091,0.091,0.091,0.091,0.09099929999999999,0.091,0.09099929999999999,ENSG00000173212,0.0909993,0.091,0.091,3,3,1.000,1.000
VTCKHRPEY,CAPN14,0.091,0.091,0.091,0.046,0.046,0.046,0.09099929999999999,0.091,0.09099929999999999,ENSG00000214711,0.0909993,0.091,0.046,2,1,0.500,1.000
YALGQATGL,TCHH,0.081,0.081,0.081,0.081,0.081,0.081,0.0810019,0.081,0.0810019,ENSG00000159450,0.0810019,0.081,0.081,1,1,1.000,1.000
VQVFFAGQK,OTOF,0.081,0.081,0.081,0.027,0.027,0.027,0.0810019,0.081,0.0810019,ENSG00000115155,0.0810019,0.081,0.027,6,2,0.333,1.000
YVVERRDVA,TTN,0.081,0.081,0.081,0.032,0.032,0.032,0.0810019,0.081,0.0810019,ENSG00000155657,0.0810019,0.081,0.032,15,6,0.400,1.000
YVNNSLSFF,ANO3,0.07100000000000001,0.07100000000000001,0.07100000000000001,0.057,0.057,0.057,0.07100179999999999,0.07100000000000001,0.07100179999999999,ENSG00000134343,0.0710018,0.071,0.057,5,4,0.800,1.000
VPKTHGGPC,,0.07100000000000001,0.07100000000000001,0.07100000000000001,0.07100000000000001,0.07100000000000001,0.07100000000000001,0.07100179999999999,0.07100000000000001,0.07100179999999999,ENSG00000268655,0.0710018,0.071,0.071,1,1,1.000,1.000
YFGPQPPQL,,0.07100000000000001,0.07100000000000001,0.07100000000000001,0.07100000000000001,0.07100000000000001,0.07100000000000001,0.07100179999999999,0.07100000000000001,0.07100179999999999,ENSG00000268655,0.0710018,0.071,0.071,1,1,1.000,1.000
YLGKYLQEV,KLB,0.07100000000000001,0.07100000000000001,0.07100000000000001,0.07100000000000001,0.07100000000000001,0.07100000000000001,0.07100179999999999,0.07100000000000001,0.07100179999999999,ENSG00000134962,0.0710018,0.071,0.071,1,1,1.000,1.000
YWLPWLVGM,ACMSD,0.07100000000000001,0.07100000000000001,0.07100000000000001,0.07100000000000001,0.07100000000000001,0.07100000000000001,0.07100179999999999,0.07100000000000001,0.07100179999999999,ENSG00000153086,0.0710018,0.071,0.071,2,2,1.000,1.000
YVVDEGCII,PKDREJ,0.061,0.061,0.061,0.061,0.061,0.061,0.061002,0.061,0.061002,ENSG00000130943,0.061002,0.061,0.061,1,1,1.000,1.000
YVVSKPVGV,WDR49,0.061,0.061,0.061,0.034,0.034,0.034,0.061002,0.061,0.061002,ENSG00000174776,0.061002,0.061,0.034,9,5,0.556,1.000
WQVFSVPAV,PKDREJ,0.061,0.061,0.061,0.061,0.061,0.061,0.061002,0.061,0.061002,ENSG00000130943,0.061002,0.061,0.061,1,1,1.000,1.000
YYFTNGWNLF,SCN11A,0.051000000000000004,0.051000000000000004,0.051000000000000004,0.04,0.04,0.04,0.050998499999999995,0.051000000000000004,0.050998499999999995,ENSG00000168356,0.0509985,0.051,0.040,9,7,0.778,1.000
YYIFNKYL,CCDC42,0.051000000000000004,0.051000000000000004,0.051000000000000004,0.034,0.034,0.034,0.050998499999999995,0.051000000000000004,0.050998499999999995,ENSG00000161973,0.0509985,0.051,0.034,3,2,0.667,1.000
YTGGSLIPL,FAM151A,0.051000000000000004,0.051000000000000004,0.051000000000000004,0.026000000000000002,0.026000000000000002,0.026000000000000002,0.050998499999999995,0.051000000000000004,0.050998499999999995,ENSG00000162391,0.0509985,0.051,0.026,2,1,0.500,1.000
YYEPLEMT,BRINP2,0.041,0.041,0.041,0.041,0.041,0.041,0.0410009,0.041,0.0410009,ENSG00000198797,0.0410009,0.041,0.041,1,1,1.000,1.000
YVSCQECT,WNT3A,0.041,0.041,0.041,0.041,0.041,0.041,0.0410009,0.041,0.0410009,ENSG00000154342,0.0410009,0.041,0.041,1,1,1.000,1.000
YVLGAVTHV,UNC93A,0.041,0.041,0.041,0.027,0.027,0.027,0.0410009,0.041,0.0410009,ENSG00000112494,0.0410009,0.041,0.027,3,2,0.667,1.000
YYDYFIASC,PKD2L2,0.041,0.041,0.041,0.023,0.023,0.023,0.0410009,0.041,0.0410009,ENSG00000078795,0.0410009,0.041,0.023,7,4,0.571,1.000
YWEENFNCK,GRM7,0.041,0.041,0.041,0.03,0.03,0.03,0.0410009,0.041,0.0410009,ENSG00000196277,0.0410009,0.041,0.030,11,8,0.727,1.000
YVNGVMIVL,OR13A1,0.041,0.041,0.041,0.041,0.041,0.041,0.0410009,0.041,0.0410009,ENSG00000256574,0.0410009,0.041,0.041,3,3,1.000,1.000
YVYKNGTET,GUCY2C,0.041,0.041,0.041,0.041,0.041,0.041,0.0410009,0.041,0.0410009,ENSG00000070019,0.0410009,0.041,0.041,1,1,1.000,1.000
YVHPDLQL,HAO2,0.041,0.041,0.041,0.041,0.041,0.041,0.0410009,0.041,0.0410009,ENSG00000116882,0.0410009,0.041,0.041,4,4,1.000,1.000
YNVQIFLL,PKD2L2,0.041,0.041,0.041,0.018000000000000002,0.018000000000000002,0.018000000000000002,0.0410009,0.041,0.0410009,ENSG00000078795,0.0410009,0.041,0.018,7,3,0.429,1.000
SLAGADFL,MRGPRX2;CNR2,0.032,0.016,0.031,0.032,0.016,0.031,0.0319997,0.016,0.030999699999999998,ENSG00000183695;ENSG00000188822,0.000999989;0.0309997,0.001;0.031,0.001;0.031,1;1,1;1,1.000;1.000,1.000;1.000
YQAQLPKTV,PCDH8,0.031,0.031,0.031,0.031,0.031,0.031,0.030999699999999998,0.031,0.030999699999999998,ENSG00000136099,0.0309997,0.031,0.031,2,2,1.000,1.000
YYYPSGQYP,ARPP21,0.031,0.031,0.031,0.005,0.005,0.005,0.030999699999999998,0.031,0.030999699999999998,ENSG00000172995,0.0309997,0.031,0.005,27,4,0.148,1.000
YVTPDIFIA,ERVFRD-1,0.031,0.031,0.031,0.031,0.031,0.031,0.030999699999999998,0.031,0.030999699999999998,ENSG00000244476,0.0309997,0.031,0.031,2,2,1.000,1.000
YVHTQLFTT,GHRHR,0.031,0.031,0.031,0.016,0.016,0.016,0.030999699999999998,0.031,0.030999699999999998,ENSG00000106128,0.0309997,0.031,0.016,6,3,0.500,1.000
YVRDIGEGAF,MUSK,0.021,0.021,0.021,0.016,0.016,0.016,0.020999499999999997,0.021,0.020999499999999997,ENSG00000030304,0.0209995,0.021,0.016,4,3,0.750,1.000
VSRTYSGPI,UNC5D,0.021,0.021,0.021,0.021,0.021,0.021,0.020999499999999997,0.021,0.020999499999999997,ENSG00000156687,0.0209995,0.021,0.021,6,6,1.000,1.000
YYSPVGLGA,EVX1,0.021,0.021,0.021,0.007,0.007,0.007,0.020999499999999997,0.021,0.020999499999999997,ENSG00000106038,0.0209995,0.021,0.007,3,1,0.333,1.000
YVMEKGRQA,FBP2,0.021,0.021,0.021,0.021,0.021,0.021,0.020999499999999997,0.021,0.020999499999999997,ENSG00000130957,0.0209995,0.021,0.021,1,1,1.000,1.000
YVWPVREEY,HEPHL1,0.021,0.021,0.021,0.021,0.021,0.021,0.020999499999999997,0.021,0.020999499999999997,ENSG00000181333,0.0209995,0.021,0.021,1,1,1.000,1.000
YVNASLQCL,USP17L15;USP17L5;USP17L12;USP17L30;USP17L26;USP17L25;USP17L28;USP17L10;USP17L29;USP17L24;USP17L13;USP17L11;USP17L27;USP17L19;USP17L22;USP17L17;USP17L21;USP17L20;USP17L18;USP17L23,0.02,0.001,0.001,0.02,0.001,0.001,0.019999799999999998,0.001,0.000999989,ENSG00000223569;ENSG00000227140;ENSG00000227551;ENSG00000228856;ENSG00000229579;ENSG00000230430;ENSG00000231051;ENSG00000231396;ENSG00000231637;ENSG00000232264;ENSG00000232399;ENSG00000233136;ENSG00000235780;ENSG00000248920;ENSG00000248933;ENSG00000249104;ENSG00000249811;ENSG00000250745;ENSG00000250844;ENSG00000250913,0.000999989;0.000999989;0.000999989;0.000999989;0.000999989;0.000999989;0.000999989;0.000999989;0.000999989;0.000999989;0.000999989;0.000999989;0.000999989;0.000999989;0.000999989;0.000999989;0.000999989;0.000999989;0.000999989;0.000999989,0.001;0.001;0.001;0.001;0.001;0.001;0.001;0.001;0.001;0.001;0.001;0.001;0.001;0.001;0.001;0.001;0.001;0.001;0.001;0.001,0.001;0.001;0.001;0.001;0.001;0.001;0.001;0.001;0.001;0.001;0.001;0.001;0.001;0.001;0.001;0.001;0.001;0.001;0.001;0.001,1;1;1;1;1;1;1;1;1;1;1;1;1;1;1;1;1;1;1;1,1;1;1;1;1;1;1;1;1;1;1;1;1;1;1;1;1;1;1;1,1.000;1.000;1.000;1.000;1.000;1.000;1.000;1.000;1.000;1.000;1.000;1.000;1.000;1.000;1.000;1.000;1.000;1.000;1.000;1.000,1.000;1.000;1.000;1.000;1.000;1.000;1.000;1.000;1.000;1.000;1.000;1.000;1.000;1.000;1.000;1.000;1.000;1.000;1.000;1.000
YWNNSTKSL,NXPE4,0.011,0.011,0.011,0.006,0.006,0.006,0.0109996,0.011,0.0109996,ENSG00000137634,0.0109996,0.011,0.006,2,1,0.500,1.000
YVRLWEEAAY,BSND,0.011,0.011,0.011,0.011,0.011,0.011,0.0109996,0.011,0.0109996,ENSG00000162399,0.0109996,0.011,0.011,1,1,1.000,1.000
YQTELSLRQ,KRT31,0.011,0.011,0.011,0.011,0.011,0.011,0.0109996,0.011,0.0109996,ENSG00000094796,0.0109996,0.011,0.011,1,1,1.000,1.000
LGDTHYKEI,ATP2B3,0.011,0.011,0.011,0.011,0.011,0.011,0.0109996,0.011,0.0109996,ENSG00000067842,0.0109996,0.011,0.011,6,6,1.000,1.000
YYNRLINGL,LCT,0.011,0.011,0.011,0.011,0.011,0.011,0.0109996,0.011,0.0109996,ENSG00000115850,0.0109996,0.011,0.011,2,2,1.000,1.000
YRDDFYNRL,RALYL,0.011,0.011,0.011,0.007,0.007,0.007,0.0109996,0.011,0.0109996,ENSG00000184672,0.0109996,0.011,0.007,10,6,0.600,1.000
YVHSFGLTP,RPE65,0.011,0.011,0.011,0.011,0.011,0.011,0.0109996,0.011,0.0109996,ENSG00000116745,0.0109996,0.011,0.011,1,1,1.000,1.000
YSVLVIRIV,SLCO1B3-SLCO1B7;,0.002,0.001,0.001,0.002,0.001,0.001,0.00199998,0.001,0.000999989,ENSG00000257046;ENSG00000257062,0.000999989;0.000999989,0.001;0.001,0.001;0.001,2;5,1;4,0.500;0.800,1.000;1.000
EQDKAVSA,OR2T27,0.001,0.001,0.001,0.001,0.001,0.001,0.000999989,0.001,0.000999989,ENSG00000187701,0.000999989,0.001,0.001,2,2,1.000,1.000
YVPCAFIYL,OR10G3,0.001,0.001,0.001,0.001,0.001,0.001,0.000999989,0.001,0.000999989,ENSG00000169208,0.000999989,0.001,0.001,2,2,1.000,1.000
YYMALEEEG,SI,0.001,0.001,0.001,0.001,0.001,0.001,0.000999989,0.001,0.000999989,ENSG00000090402,0.000999989,0.001,0.001,2,1,0.500,1.000
YVRIWTKVL,GPR50,0.001,0.001,0.001,0.001,0.001,0.001,0.000999989,0.001,0.000999989,ENSG00000102195,0.000999989,0.001,0.001,1,1,1.000,1.000
YVRIVTVIL,OR6K3,0.001,0.001,0.001,0.001,0.001,0.001,0.000999989,0.001,0.000999989,ENSG00000203757,0.000999989,0.001,0.001,2,2,1.000,1.000
YSICNKPSY,USP29,0.001,0.001,0.001,0.001,0.001,0.001,0.000999989,0.001,0.000999989,ENSG00000131864,0.000999989,0.001,0.001,4,2,0.500,1.000
VSNFPPGSS,SPHKAP,0.001,0.001,0.001,0.001,0.001,0.001,0.000999989,0.001,0.000999989,ENSG00000153820,0.000999989,0.001,0.001,2,2,1.000,1.000
WLEIFDNFA,SLC6A18,0.001,0.001,0.001,0.001,0.001,0.001,0.000999989,0.001,0.000999989,ENSG00000164363,0.000999989,0.001,0.001,1,1,1.000,1.000
YWYQQRPGH,VPREB1,0.001,0.001,0.001,0.001,0.001,0.001,0.000999989,0.001,0.000999989,ENSG00000169575,0.000999989,0.001,0.001,2,2,1.000,1.000
LYFKSGKYSTF,USP26,0.001,0.001,0.001,0.001,0.001,0.001,0.000999989,0.001,0.000999989,ENSG00000134588,0.000999989,0.001,0.001,2,2,1.000,1.000
YYSNTSVPL,G6PC1,0.001,0.001,0.001,0.001,0.001,0.001,0.000999989,0.001,0.000999989,ENSG00000131482,0.000999989,0.001,0.001,3,3,1.000,1.000
YGAAMFMYM,OR2M4,0.001,0.001,0.001,0.001,0.001,0.001,0.000999989,0.001,0.000999989,ENSG00000171180,0.000999989,0.001,0.001,1,1,1.000,1.000
YYGTPGYGF,KRTAP6-1,0.001,0.001,0.001,0.001,0.001,0.001,0.000999989,0.001,0.000999989,ENSG00000184724,0.000999989,0.001,0.001,1,1,1.000,1.000
YVLFSIFSM,OR5F1,0.001,0.001,0.001,0.001,0.001,0.001,0.000999989,0.001,0.000999989,ENSG00000149133,0.000999989,0.001,0.001,1,1,1.000,1.000
QVNTPLVGA,BPIFA1,0.001,0.001,0.001,0.001,0.001,0.001,0.000999989,0.001,0.000999989,ENSG00000198183,0.000999989,0.001,0.001,4,4,1.000,1.000
YVRLTSKRL,LRRC53,0.001,0.001,0.001,0.001,0.001,0.001,0.000999989,0.001,0.000999989,ENSG00000162621,0.000999989,0.001,0.001,1,1,1.000,1.000
YVYEGVEAKR,FABP2,0.001,0.001,0.001,0.001,0.001,0.001,0.000999989,0.001,0.000999989,ENSG00000145384,0.000999989,0.001,0.001,1,1,1.000,1.000
YTLIINKR,OR10T2,0.001,0.001,0.001,0.001,0.001,0.001,0.000999989,0.001,0.000999989,ENSG00000186306,0.000999989,0.001,0.001,1,1,1.000,1.000
YVYRSAFSV,ADIPOQ,0.001,0.001,0.001,0.001,0.001,0.001,0.000999989,0.001,0.000999989,ENSG00000181092,0.000999989,0.001,0.001,2,2,1.000,1.000
YYEQMFQSV,TEX47,0.001,0.001,0.001,0.001,0.001,0.001,0.000999989,0.001,0.000999989,ENSG00000164645,0.000999989,0.001,0.001,1,1,1.000,1.000
YVIGFTSSL,OR8I2,0.001,0.001,0.001,0.001,0.001,0.001,0.000999989,0.001,0.000999989,ENSG00000172154,0.000999989,0.001,0.001,1,1,1.000,1.000
